source_file,source_integration,source_integration_code,source_integration_name,source_integration_version,invoke,call_type,target_integration_code,target_version,target_integration_name,resource_uri,adapter_code,application_name,error
BIP_SCHEDU_REPORT_WSS_SERVIC_01.00.0000.iar.yaml,BIP_SCHEDU_REPORT_WSS_SERVIC|01.00.0000,BIP_SCHEDU_REPORT_WSS_SERVIC,BIP Schedule Report WSS Service,01.00.0000,SubmitScheduleReport(i0),Adapter_Invoke,,,,,BIP_SCHEDULEREPORTWS,SubmitScheduleReport,
FA_TAX_EPM_FTP_01.00.0001.iar.yaml,FA_TAX_EPM_FTP|01.00.0001,FA_TAX_EPM_FTP,FA_TAX_EPM_Monthly_TAX_LOAD,01.00.0001,ftp_location(i0),Adapter_Invoke,,,,,ORCL-BRT-FTP_CONN,ftp_location,
FA_TAX_EPM_FTP_01.00.0001.iar.yaml,FA_TAX_EPM_FTP|01.00.0001,FA_TAX_EPM_FTP,FA_TAX_EPM_Monthly_TAX_LOAD,01.00.0001,FA_TAX_EPMrestupload(i2),Adapter_Invoke,,,,/interop/rest/11.1.2.3.600/applicationsnapshots/{file_name}/contents,ORACL_REST_EPM_CONNE_FA_TAX,FA_TAX_EPMrestupload,
FA_TAX_EPM_LOC_CAT_LOAD_01.00.0001.iar.yaml,FA_TAX_EPM_LOC_CAT_LOAD|01.00.0001,FA_TAX_EPM_LOC_CAT_LOAD,FA_TAX_EPM_LOC-CAT_LOAD,01.00.0001,ftp_location(i0),Adapter_Invoke,,,,,ORCL-BRT-FTP_CONN,ftp_location,
FA_TAX_EPM_LOC_CAT_LOAD_01.00.0001.iar.yaml,FA_TAX_EPM_LOC_CAT_LOAD|01.00.0001,FA_TAX_EPM_LOC_CAT_LOAD,FA_TAX_EPM_LOC-CAT_LOAD,01.00.0001,FA_TAX_EPMrestupload(i2),Adapter_Invoke,,,,/interop/rest/11.1.2.3.600/applicationsnapshots/{file_name}/contents,ORACL_REST_EPM_CONNE_FA_TAX,FA_TAX_EPMrestupload,
FTP_HCM_EPM_FILE_UPLOAD_01.00.0001.iar.yaml,FTP_HCM_EPM_FILE_UPLOAD|01.00.0001,FTP_HCM_EPM_FILE_UPLOAD,FTP HCM EPM File Upload,01.00.0001,ftp_location(i0),Adapter_Invoke,,,,,ORCL-BRT-FTP_CONN,ftp_location,
FTP_HCM_EPM_FILE_UPLOAD_01.00.0001.iar.yaml,FTP_HCM_EPM_FILE_UPLOAD|01.00.0001,FTP_HCM_EPM_FILE_UPLOAD,FTP HCM EPM File Upload,01.00.0001,epm_rest_upload(i1),Adapter_Invoke,,,,/interop/rest/11.1.2.3.600/applicationsnapshots/{file_name}/contents,ORCL-BRT-REST-EPM_CONNECTION,epm_rest_upload,
FTP_HCM_EPM_FILE_UPLOA_PROJE_01.00.0001.iar.yaml,FTP_HCM_EPM_FILE_UPLOA_PROJE|01.00.0001,FTP_HCM_EPM_FILE_UPLOA_PROJE,FTP HCM EPM File Upload_Projects,01.00.0001,ftp_location(i0),Adapter_Invoke,,,,,ORCL-BRT-FTP_CONN,ftp_location,
FTP_HCM_EPM_FILE_UPLOA_PROJE_01.00.0001.iar.yaml,FTP_HCM_EPM_FILE_UPLOA_PROJE|01.00.0001,FTP_HCM_EPM_FILE_UPLOA_PROJE,FTP HCM EPM File Upload_Projects,01.00.0001,epm_rest_upload(i1),Adapter_Invoke,,,,/interop/rest/11.1.2.3.600/applicationsnapshots/{file_name}/contents,ORACLE_REST_EPM_CONNEC_PROJEC,epm_rest_upload,
FTP_PPM_EPM_FILE_UPLOAD_01.00.0001.iar.yaml,FTP_PPM_EPM_FILE_UPLOAD|01.00.0001,FTP_PPM_EPM_FILE_UPLOAD,FTP PPM EPM File Upload,01.00.0001,ftp_location(i0),Adapter_Invoke,,,,,ORCL-BRT-FTP_CONN,ftp_location,
FTP_PPM_EPM_FILE_UPLOAD_01.00.0001.iar.yaml,FTP_PPM_EPM_FILE_UPLOAD|01.00.0001,FTP_PPM_EPM_FILE_UPLOAD,FTP PPM EPM File Upload,01.00.0001,epm_rest_upload(i1),Adapter_Invoke,,,,/interop/rest/11.1.2.3.600/applicationsnapshots/{file_name}/contents,ORACLE_REST_EPM_CONNEC_PROJEC,epm_rest_upload,
GET_SECRET_BY_NAME_01.00.0001.iar.yaml,GET_SECRET_BY_NAME|01.00.0001,GET_SECRET_BY_NAME,Get Secret By Name,01.00.0001,OCI_Secrete_By_Name(i0),Adapter_Invoke,,,,/20190301/secretbundles/actions/getByName,OCI_VAULT_SECRETS,OCI_Secrete_By_Name,
GET_SECRET_BY_NAME_01.00.0001.iar.yaml,GET_SECRET_BY_NAME|01.00.0001,GET_SECRET_BY_NAME,Get Secret By Name,01.00.0001,SendErrorNotification(i1),IntegrationAction,SEND_EMAIL,01.00.0001,Send Email,/,PRESEEDED_COLLOCATED_CONN_1741,SendErrorNotification,
ORAC_UTIL_FPRC_WACS_VEND_LOC__CL_02.22.3001.iar.yaml,ORAC_UTIL_FPRC_WACS_VEND_LOC__CL|02.22.3001,ORAC_UTIL_FPRC_WACS_VEND_LOC__CL,Oracle Utilities FPRC WACS Vendor Loc -CLEANNER,02.22.3001,searchVendorLocationFile(i0),Adapter_Invoke,,,,,OUTL-BRT-SOAP-UCM_WACSFPRC,searchVendorLocationFile,
ORAC_UTIL_FPRC_WACS_VEND_LOC__CL_02.22.3001.iar.yaml,ORAC_UTIL_FPRC_WACS_VEND_LOC__CL|02.22.3001,ORAC_UTIL_FPRC_WACS_VEND_LOC__CL,Oracle Utilities FPRC WACS Vendor Loc -CLEANNER,02.22.3001,GetFileFromUCM(i2),Adapter_Invoke,,,,,OUTL-BRT-SOAP-UCM_WACSFPRC,GetFileFromUCM,
ORAC_UTIL_FPRC_WACS_VEND_LOC__CL_02.22.3001.iar.yaml,ORAC_UTIL_FPRC_WACS_VEND_LOC__CL|02.22.3001,ORAC_UTIL_FPRC_WACS_VEND_LOC__CL,Oracle Utilities FPRC WACS Vendor Loc -CLEANNER,02.22.3001,Rename_ZipFile_UnzipFault(i5),Adapter_Invoke,,,,,OUTL-BRT-SOAP-UCM_WACSFPRC,Rename_ZipFile_UnzipFault,
ORAC_UTIL_FPRC_WACS_VEND_LOC__CL_02.22.3001.iar.yaml,ORAC_UTIL_FPRC_WACS_VEND_LOC__CL|02.22.3001,ORAC_UTIL_FPRC_WACS_VEND_LOC__CL,Oracle Utilities FPRC WACS Vendor Loc -CLEANNER,02.22.3001,renameFileInUCM(i4),Adapter_Invoke,,,,,OUTL-BRT-SOAP-UCM_WACSFPRC,renameFileInUCM,
OUTL-BA-FPRC_WACS_BC_SYNC_01.22.3000.iar.yaml,OUTL-BA-FPRC_WACS_BC_SYNC|01.22.3000,OUTL-BA-FPRC_WACS_BC_SYNC,Oracle Utilities FPRC WACS Blanket Contracts Sync,01.22.3000,invokeWACS_HealthCheck(i0),Adapter_Invoke,,,,https://us-phoenix-1.utilities-cloud.oracleindustry.com:443/c2g65p/prod/wac/rest/apis/common/system/healthCheck/,OUTL-BRT-REST-WACS_WACSFPRC,invokeWACS_HealthCheck,
OUTL-BA-FPRC_WACS_BC_SYNC_01.22.3000.iar.yaml,OUTL-BA-FPRC_WACS_BC_SYNC|01.22.3000,OUTL-BA-FPRC_WACS_BC_SYNC,Oracle Utilities FPRC WACS Blanket Contracts Sync,01.22.3000,searchBlanketContractFile(i1),Adapter_Invoke,,,,,OUTL-BRT-SOAP-UCM_WACSFPRC,searchBlanketContractFile,
OUTL-BA-FPRC_WACS_BC_SYNC_01.22.3000.iar.yaml,OUTL-BA-FPRC_WACS_BC_SYNC|01.22.3000,OUTL-BA-FPRC_WACS_BC_SYNC,Oracle Utilities FPRC WACS Blanket Contracts Sync,01.22.3000,GetFileFromUCM(i2),Adapter_Invoke,,,,,OUTL-BRT-SOAP-UCM_WACSFPRC,GetFileFromUCM,
OUTL-BA-FPRC_WACS_BC_SYNC_01.22.3000.iar.yaml,OUTL-BA-FPRC_WACS_BC_SYNC|01.22.3000,OUTL-BA-FPRC_WACS_BC_SYNC,Oracle Utilities FPRC WACS Blanket Contracts Sync,01.22.3000,invoke_UOMConversionRest(i5),Adapter_Invoke,,,,,OUTL-BRT-ERPCLOUD_WACSFPRC,invoke_UOMConversionRest,
OUTL-BA-FPRC_WACS_BC_SYNC_01.22.3000.iar.yaml,OUTL-BA-FPRC_WACS_BC_SYNC|01.22.3000,OUTL-BA-FPRC_WACS_BC_SYNC,Oracle Utilities FPRC WACS Blanket Contracts Sync,01.22.3000,InvokeWACSBCSync(i6),Adapter_Invoke,,,,https://us-phoenix-1.utilities-cloud.oracleindustry.com:443/c2g65p/prod/wac/rest/apis/asset/purchasing/blanketContractSynchronization/,OUTL-BRT-REST-WACS_WACSFPRC,InvokeWACSBCSync,
OUTL-BA-FPRC_WACS_BC_SYNC_01.22.3000.iar.yaml,OUTL-BA-FPRC_WACS_BC_SYNC|01.22.3000,OUTL-BA-FPRC_WACS_BC_SYNC,Oracle Utilities FPRC WACS Blanket Contracts Sync,01.22.3000,remaneFileInUCM(i4),Adapter_Invoke,,,,,OUTL-BRT-SOAP-UCM_WACSFPRC,remaneFileInUCM,
OUTL-BA-FPRC_WACS_VEND_LOC_SYNC_01.22.3000.iar.yaml,OUTL-BA-FPRC_WACS_VEND_LOC_SYNC|01.22.3000,OUTL-BA-FPRC_WACS_VEND_LOC_SYNC,Oracle Utilities FPRC WACS Vendor Locations Sync,01.22.3000,invokeHealthCheck(i1),Adapter_Invoke,,,,https://us-phoenix-1.utilities-cloud.oracleindustry.com:443/c2g65p/prod/wac/rest/apis/common/system/healthCheck/,OUTL-BRT-REST-WACS_WACSFPRC,invokeHealthCheck,
OUTL-BA-FPRC_WACS_VEND_LOC_SYNC_01.22.3000.iar.yaml,OUTL-BA-FPRC_WACS_VEND_LOC_SYNC|01.22.3000,OUTL-BA-FPRC_WACS_VEND_LOC_SYNC,Oracle Utilities FPRC WACS Vendor Locations Sync,01.22.3000,searchVendorLocationFile(i0),Adapter_Invoke,,,,,OUTL-BRT-SOAP-UCM_WACSFPRC,searchVendorLocationFile,
OUTL-BA-FPRC_WACS_VEND_LOC_SYNC_01.22.3000.iar.yaml,OUTL-BA-FPRC_WACS_VEND_LOC_SYNC|01.22.3000,OUTL-BA-FPRC_WACS_VEND_LOC_SYNC,Oracle Utilities FPRC WACS Vendor Locations Sync,01.22.3000,GetFileFromUCM(i2),Adapter_Invoke,,,,,OUTL-BRT-SOAP-UCM_WACSFPRC,GetFileFromUCM,
OUTL-BA-FPRC_WACS_VEND_LOC_SYNC_01.22.3000.iar.yaml,OUTL-BA-FPRC_WACS_VEND_LOC_SYNC|01.22.3000,OUTL-BA-FPRC_WACS_VEND_LOC_SYNC,Oracle Utilities FPRC WACS Vendor Locations Sync,01.22.3000,InvokeWACSVendorLocSync(i3),Adapter_Invoke,,,,https://us-phoenix-1.utilities-cloud.oracleindustry.com:443/c2g65p/prod/wac/rest/apis/asset/purchasing/vendorLocationSynchronization/,OUTL-BRT-REST-WACS_WACSFPRC,InvokeWACSVendorLocSync,
OUTL-BA-FPRC_WACS_VEND_LOC_SYNC_01.22.3000.iar.yaml,OUTL-BA-FPRC_WACS_VEND_LOC_SYNC|01.22.3000,OUTL-BA-FPRC_WACS_VEND_LOC_SYNC,Oracle Utilities FPRC WACS Vendor Locations Sync,01.22.3000,renameFileInUCM(i4),Adapter_Invoke,,,,,OUTL-BRT-SOAP-UCM_WACSFPRC,renameFileInUCM,
OUTL-BA-OFSC_WACS_ACTIVITY_STAT_01.22.3000.iar.yaml,OUTL-BA-OFSC_WACS_ACTIVITY_STAT|01.22.3000,OUTL-BA-OFSC_WACS_ACTIVITY_STAT,Oracle Utilities OFSC WACS Activity Interim Status,01.22.3000,getActivityDetails(i1),Adapter_Invoke,,,,https://tsgt.fs.ocs.oraclecloud.com/rest/ofscCore/v1/activities/{activityId},OUTL-BRT-APP-OFSC_WACSOFSC,getActivityDetails,
OUTL-BA-OFSC_WACS_ACTIVITY_STAT_01.22.3000.iar.yaml,OUTL-BA-OFSC_WACS_ACTIVITY_STAT|01.22.3000,OUTL-BA-OFSC_WACS_ACTIVITY_STAT,Oracle Utilities OFSC WACS Activity Interim Status,01.22.3000,UpdateInterimStatus(i0),Adapter_Invoke,,,,,OUTL-BRT-SOAP-WACS_WACSOFSC,UpdateInterimStatus,
OUTL-BA-OFSC_WACS_ASSET_QUERY_01.22.3000.iar.yaml,OUTL-BA-OFSC_WACS_ASSET_QUERY|01.22.3000,OUTL-BA-OFSC_WACS_ASSET_QUERY,Oracle Utilities OFSC WACS Asset Query,01.22.3000,AssetQuery(i0),Adapter_Invoke,,,,,OUTL-BRT-SOAP-WACS_WACSOFSC,AssetQuery,
OUTL-BA-OFSC_WACS_ASSET_QUERY_01.22.3000.iar.yaml,OUTL-BA-OFSC_WACS_ASSET_QUERY|01.22.3000,OUTL-BA-OFSC_WACS_ASSET_QUERY,Oracle Utilities OFSC WACS Asset Query,01.22.3000,MainAssetQueryForPickup(i1),Adapter_Invoke,,,,,OUTL-BRT-SOAP-WACS_WACSOFSC,MainAssetQueryForPickup,
OUTL-BA-OFSC_WACS_ASSET_QUERY_01.22.3000.iar.yaml,OUTL-BA-OFSC_WACS_ASSET_QUERY|01.22.3000,OUTL-BA-OFSC_WACS_ASSET_QUERY,Oracle Utilities OFSC WACS Asset Query,01.22.3000,GetAssetDetailsForPickup(i2),Adapter_Invoke,,,,,OUTL-BRT-SOAP-WACS_WACSOFSC,GetAssetDetailsForPickup,
OUTL-BA-OFSC_WACS_STOREROOM_SYNC_01.22.3000.iar.yaml,OUTL-BA-OFSC_WACS_STOREROOM_SYNC|01.22.3000,OUTL-BA-OFSC_WACS_STOREROOM_SYNC,Oracle Utilities OFSC WACS Storeroom Sync,01.22.3000,GetStoreroomInventoryFromWACS(i1),Adapter_Invoke,,,,,OUTL-BRT-SOAP-WACS_WACSOFSC,GetStoreroomInventoryFromWACS,
OUTL-BA-OFSC_WACS_STOREROOM_SYNC_01.22.3000.iar.yaml,OUTL-BA-OFSC_WACS_STOREROOM_SYNC|01.22.3000,OUTL-BA-OFSC_WACS_STOREROOM_SYNC,Oracle Utilities OFSC WACS Storeroom Sync,01.22.3000,resourceinventorybulk(i3),Adapter_Invoke,,,,/ofscCore/v1/resources/custom-actions/bulkUpdateInventories,OUTL-BRT-REST-OFSC_WACSOFSC,resourceinventorybulk,
OUTL-BA-OFSC_WACS_STOREROOM_SYNC_01.22.3000.iar.yaml,OUTL-BA-OFSC_WACS_STOREROOM_SYNC|01.22.3000,OUTL-BA-OFSC_WACS_STOREROOM_SYNC,Oracle Utilities OFSC WACS Storeroom Sync,01.22.3000,getResourceInventories(i4),Adapter_Invoke,,,,https://tsgt.fs.ocs.oraclecloud.com/rest/ofscCore/v1/resources/{resourceId}/inventories,OUTL-BRT-APP-OFSC_WACSOFSC,getResourceInventories,
OUTL-BA-OFSC_WACS_STOREROOM_SYNC_01.22.3000.iar.yaml,OUTL-BA-OFSC_WACS_STOREROOM_SYNC|01.22.3000,OUTL-BA-OFSC_WACS_STOREROOM_SYNC,Oracle Utilities OFSC WACS Storeroom Sync,01.22.3000,bulkupdateinventories(i5),Adapter_Invoke,,,,/ofscCore/v1/resources/custom-actions/bulkUpdateInventories,OUTL-BRT-REST-OFSC_WACSOFSC,bulkupdateinventories,
OUTL-BA-OFSC_WACS_STOREROOM_SYNC_01.22.3000.iar.yaml,OUTL-BA-OFSC_WACS_STOREROOM_SYNC|01.22.3000,OUTL-BA-OFSC_WACS_STOREROOM_SYNC,Oracle Utilities OFSC WACS Storeroom Sync,01.22.3000,UpdateResourceLastSyncDateTime(i0),Adapter_Invoke,,,,https://tsgt.fs.ocs.oraclecloud.com/rest/ofscCore/v1/resources/{resourceId},OUTL-BRT-APP-OFSC_WACSOFSC,UpdateResourceLastSyncDateTime,
OUTL-BA-OFSC_WACS_WORK_REQ_01.22.3000.iar.yaml,OUTL-BA-OFSC_WACS_WORK_REQ|01.22.3000,OUTL-BA-OFSC_WACS_WORK_REQ,Oracle Utilities OFSC WACS Work Request,01.22.3000,createWorkRequest(i0),Adapter_Invoke,,,,,OUTL-BRT-SOAP-WACS_WACSOFSC,createWorkRequest,
OUTL-BA-WACS_OFSC_ADMIN_SYNC_01.22.3000.iar.yaml,OUTL-BA-WACS_OFSC_ADMIN_SYNC|01.22.3000,OUTL-BA-WACS_OFSC_ADMIN_SYNC,Oracle Utilities WACS OFSC Admin Data Sync,01.22.3000,Get_MobileControlData(i0),Adapter_Invoke,,,,,OUTL-BRT-SOAP-WACS_WACSOFSC,Get_MobileControlData,
OUTL-BA-WACS_OFSC_ADMIN_SYNC_01.22.3000.iar.yaml,OUTL-BA-WACS_OFSC_ADMIN_SYNC|01.22.3000,OUTL-BA-WACS_OFSC_ADMIN_SYNC,Oracle Utilities WACS OFSC Admin Data Sync,01.22.3000,Get_OFSCWorkSkillConditions(i1),Adapter_Invoke,,,,/ofscMetadata/v1/workSkillConditions,OUTL-BRT-REST-OFSC_WACSOFSC,Get_OFSCWorkSkillConditions,
OUTL-BA-WACS_OFSC_ADMIN_SYNC_01.22.3000.iar.yaml,OUTL-BA-WACS_OFSC_ADMIN_SYNC|01.22.3000,OUTL-BA-WACS_OFSC_ADMIN_SYNC,Oracle Utilities WACS OFSC Admin Data Sync,01.22.3000,PutDowntimeReasonValues(i3),Adapter_Invoke,,,,/ofscMetadata/v1/properties/wam_downtime_reason/enumerationList,OUTL-BRT-REST-OFSC_WACSOFSC,PutDowntimeReasonValues,
OUTL-BA-WACS_OFSC_ADMIN_SYNC_01.22.3000.iar.yaml,OUTL-BA-WACS_OFSC_ADMIN_SYNC|01.22.3000,OUTL-BA-WACS_OFSC_ADMIN_SYNC,Oracle Utilities WACS OFSC Admin Data Sync,01.22.3000,PutMsurementGaugeReasonValues(i12),Adapter_Invoke,,,,/ofscMetadata/v1/properties/wam_measurement_gauge_reason/enumerationList,OUTL-BRT-REST-OFSC_WACSOFSC,PutMsurementGaugeReasonValues,
OUTL-BA-WACS_OFSC_ADMIN_SYNC_01.22.3000.iar.yaml,OUTL-BA-WACS_OFSC_ADMIN_SYNC|01.22.3000,OUTL-BA-WACS_OFSC_ADMIN_SYNC,Oracle Utilities WACS OFSC Admin Data Sync,01.22.3000,PutMsurementMeterReasonValues(i13),Adapter_Invoke,,,,/ofscMetadata/v1/properties/wam_measurement_meter_reason/enumerationList,OUTL-BRT-REST-OFSC_WACSOFSC,PutMsurementMeterReasonValues,
OUTL-BA-WACS_OFSC_ADMIN_SYNC_01.22.3000.iar.yaml,OUTL-BA-WACS_OFSC_ADMIN_SYNC|01.22.3000,OUTL-BA-WACS_OFSC_ADMIN_SYNC,Oracle Utilities WACS OFSC Admin Data Sync,01.22.3000,PutCrewShiftTypeValues(i2),Adapter_Invoke,,,,/ofscMetadata/v1/properties/wam_crew_shift_type/enumerationList,OUTL-BRT-REST-OFSC_WACSOFSC,PutCrewShiftTypeValues,
OUTL-BA-WACS_OFSC_ADMIN_SYNC_01.22.3000.iar.yaml,OUTL-BA-WACS_OFSC_ADMIN_SYNC|01.22.3000,OUTL-BA-WACS_OFSC_ADMIN_SYNC,Oracle Utilities WACS OFSC Admin Data Sync,01.22.3000,PutOvertimeTypeValues(i4),Adapter_Invoke,,,,/ofscMetadata/v1/properties/wam_overtime_type/enumerationList,OUTL-BRT-REST-OFSC_WACSOFSC,PutOvertimeTypeValues,
OUTL-BA-WACS_OFSC_ADMIN_SYNC_01.22.3000.iar.yaml,OUTL-BA-WACS_OFSC_ADMIN_SYNC|01.22.3000,OUTL-BA-WACS_OFSC_ADMIN_SYNC,Oracle Utilities WACS OFSC Admin Data Sync,01.22.3000,PutLaborEarningTypeValues(i5),Adapter_Invoke,,,,/ofscMetadata/v1/properties/wam_labor_earning_type/enumerationList,OUTL-BRT-REST-OFSC_WACSOFSC,PutLaborEarningTypeValues,
OUTL-BA-WACS_OFSC_ADMIN_SYNC_01.22.3000.iar.yaml,OUTL-BA-WACS_OFSC_ADMIN_SYNC|01.22.3000,OUTL-BA-WACS_OFSC_ADMIN_SYNC,Oracle Utilities WACS OFSC Admin Data Sync,01.22.3000,PopulateresourceUOMValues(i9),Adapter_Invoke,,,,/ofscMetadata/v1/properties/wam_resource_uom/enumerationList,OUTL-BRT-REST-OFSC_WACSOFSC,PopulateresourceUOMValues,
OUTL-BA-WACS_OFSC_ADMIN_SYNC_01.22.3000.iar.yaml,OUTL-BA-WACS_OFSC_ADMIN_SYNC|01.22.3000,OUTL-BA-WACS_OFSC_ADMIN_SYNC,Oracle Utilities WACS OFSC Admin Data Sync,01.22.3000,UpdateMaterialUOM(i23),Adapter_Invoke,,,,/ofscMetadata/v1/properties/wam_material_uom/enumerationList,OUTL-BRT-REST-OFSC_WACSOFSC,UpdateMaterialUOM,
OUTL-BA-WACS_OFSC_ADMIN_SYNC_01.22.3000.iar.yaml,OUTL-BA-WACS_OFSC_ADMIN_SYNC|01.22.3000,OUTL-BA-WACS_OFSC_ADMIN_SYNC,Oracle Utilities WACS OFSC Admin Data Sync,01.22.3000,PopulateServiceCategory(i24),Adapter_Invoke,,,,/ofscMetadata/v1/properties/wam_material_stockItemCategory/enumerationList,OUTL-BRT-REST-OFSC_WACSOFSC,PopulateServiceCategory,
OUTL-BA-WACS_OFSC_ADMIN_SYNC_01.22.3000.iar.yaml,OUTL-BA-WACS_OFSC_ADMIN_SYNC|01.22.3000,OUTL-BA-WACS_OFSC_ADMIN_SYNC,Oracle Utilities WACS OFSC Admin Data Sync,01.22.3000,PutLocationTypeValues(i15),Adapter_Invoke,,,,/ofscMetadata/v1/properties/wam_pickup_location_type/enumerationList,OUTL-BRT-REST-OFSC_WACSOFSC,PutLocationTypeValues,
OUTL-BA-WACS_OFSC_ADMIN_SYNC_01.22.3000.iar.yaml,OUTL-BA-WACS_OFSC_ADMIN_SYNC|01.22.3000,OUTL-BA-WACS_OFSC_ADMIN_SYNC,Oracle Utilities WACS OFSC Admin Data Sync,01.22.3000,PutPriorityFlagValues(i16),Adapter_Invoke,,,,/ofscMetadata/v1/properties/wam_work_priority/enumerationList,OUTL-BRT-REST-OFSC_WACSOFSC,PutPriorityFlagValues,
OUTL-BA-WACS_OFSC_ADMIN_SYNC_01.22.3000.iar.yaml,OUTL-BA-WACS_OFSC_ADMIN_SYNC|01.22.3000,OUTL-BA-WACS_OFSC_ADMIN_SYNC,Oracle Utilities WACS OFSC Admin Data Sync,01.22.3000,PopulateWorkTypeValues(i17),Adapter_Invoke,,,,/ofscMetadata/v1/properties/wam_work_type/enumerationList,OUTL-BRT-REST-OFSC_WACSOFSC,PopulateWorkTypeValues,
OUTL-BA-WACS_OFSC_ADMIN_SYNC_01.22.3000.iar.yaml,OUTL-BA-WACS_OFSC_ADMIN_SYNC|01.22.3000,OUTL-BA-WACS_OFSC_ADMIN_SYNC,Oracle Utilities WACS OFSC Admin Data Sync,01.22.3000,PutWorkCategory(i21),Adapter_Invoke,,,,/ofscMetadata/v1/properties/wam_work_category/enumerationList,OUTL-BRT-REST-OFSC_WACSOFSC,PutWorkCategory,
OUTL-BA-WACS_OFSC_ADMIN_SYNC_01.22.3000.iar.yaml,OUTL-BA-WACS_OFSC_ADMIN_SYNC|01.22.3000,OUTL-BA-WACS_OFSC_ADMIN_SYNC,Oracle Utilities WACS OFSC Admin Data Sync,01.22.3000,PutEquipmentValues(i6),Adapter_Invoke,,,,/ofscMetadata/v1/properties/wam_equipment_type/enumerationList,OUTL-BRT-REST-OFSC_WACSOFSC,PutEquipmentValues,
OUTL-BA-WACS_OFSC_ADMIN_SYNC_01.22.3000.iar.yaml,OUTL-BA-WACS_OFSC_ADMIN_SYNC|01.22.3000,OUTL-BA-WACS_OFSC_ADMIN_SYNC,Oracle Utilities WACS OFSC Admin Data Sync,01.22.3000,PutOtherResourceTypeValues(i7),Adapter_Invoke,,,,/ofscMetadata/v1/properties/wam_other_resource_type/enumerationList,OUTL-BRT-REST-OFSC_WACSOFSC,PutOtherResourceTypeValues,
OUTL-BA-WACS_OFSC_ADMIN_SYNC_01.22.3000.iar.yaml,OUTL-BA-WACS_OFSC_ADMIN_SYNC|01.22.3000,OUTL-BA-WACS_OFSC_ADMIN_SYNC,Oracle Utilities WACS OFSC Admin Data Sync,01.22.3000,PutCraftValues(i8),Adapter_Invoke,,,,/ofscMetadata/v1/properties/wam_craft/enumerationList,OUTL-BRT-REST-OFSC_WACSOFSC,PutCraftValues,
OUTL-BA-WACS_OFSC_ADMIN_SYNC_01.22.3000.iar.yaml,OUTL-BA-WACS_OFSC_ADMIN_SYNC|01.22.3000,OUTL-BA-WACS_OFSC_ADMIN_SYNC,Oracle Utilities WACS OFSC Admin Data Sync,01.22.3000,PutWorkSkill(i10),Adapter_Invoke,,,,/ofscMetadata/v1/workSkills/{label},OUTL-BRT-REST-OFSC_WACSOFSC,PutWorkSkill,
OUTL-BA-WACS_OFSC_ADMIN_SYNC_01.22.3000.iar.yaml,OUTL-BA-WACS_OFSC_ADMIN_SYNC|01.22.3000,OUTL-BA-WACS_OFSC_ADMIN_SYNC,Oracle Utilities WACS OFSC Admin Data Sync,01.22.3000,Put_WorkSkillProperty(i11),Adapter_Invoke,,,,/ofscMetadata/v1/properties/{label},OUTL-BRT-REST-OFSC_WACSOFSC,Put_WorkSkillProperty,
OUTL-BA-WACS_OFSC_ADMIN_SYNC_01.22.3000.iar.yaml,OUTL-BA-WACS_OFSC_ADMIN_SYNC|01.22.3000,OUTL-BA-WACS_OFSC_ADMIN_SYNC,Oracle Utilities WACS OFSC Admin Data Sync,01.22.3000,PutEqWorkSkills(i26),Adapter_Invoke,,,,/ofscMetadata/v1/workSkills/{label},OUTL-BRT-REST-OFSC_WACSOFSC,PutEqWorkSkills,
OUTL-BA-WACS_OFSC_ADMIN_SYNC_01.22.3000.iar.yaml,OUTL-BA-WACS_OFSC_ADMIN_SYNC|01.22.3000,OUTL-BA-WACS_OFSC_ADMIN_SYNC,Oracle Utilities WACS OFSC Admin Data Sync,01.22.3000,Put_EqWorkSkillProperty(i27),Adapter_Invoke,,,,/ofscMetadata/v1/properties/{label},OUTL-BRT-REST-OFSC_WACSOFSC,Put_EqWorkSkillProperty,
OUTL-BA-WACS_OFSC_ADMIN_SYNC_01.22.3000.iar.yaml,OUTL-BA-WACS_OFSC_ADMIN_SYNC|01.22.3000,OUTL-BA-WACS_OFSC_ADMIN_SYNC,Oracle Utilities WACS OFSC Admin Data Sync,01.22.3000,Replace_OFSCWorkSkillConditions(i14),Adapter_Invoke,,,,/ofscMetadata/v1/workSkillConditions,OUTL-BRT-REST-OFSC_WACSOFSC,Replace_OFSCWorkSkillConditions,
OUTL-BA-WACS_OFSC_ADMIN_SYNC_01.22.3000.iar.yaml,OUTL-BA-WACS_OFSC_ADMIN_SYNC|01.22.3000,OUTL-BA-WACS_OFSC_ADMIN_SYNC,Oracle Utilities WACS OFSC Admin Data Sync,01.22.3000,PutWorkClass(i22),Adapter_Invoke,,,,/ofscMetadata/v1/properties/wam_work_class/enumerationList,OUTL-BRT-REST-OFSC_WACSOFSC,PutWorkClass,
OUTL-BA-WACS_OFSC_ADMIN_SYNC_01.22.3000.iar.yaml,OUTL-BA-WACS_OFSC_ADMIN_SYNC|01.22.3000,OUTL-BA-WACS_OFSC_ADMIN_SYNC,Oracle Utilities WACS OFSC Admin Data Sync,01.22.3000,GetActivityTypes(i18),Adapter_Invoke,,,,,OUTL-BRT-SOAP-WACS_WACSOFSC,GetActivityTypes,
OUTL-BA-WACS_OFSC_ADMIN_SYNC_01.22.3000.iar.yaml,OUTL-BA-WACS_OFSC_ADMIN_SYNC|01.22.3000,OUTL-BA-WACS_OFSC_ADMIN_SYNC,Oracle Utilities WACS OFSC Admin Data Sync,01.22.3000,GetOFSCActitvityTypes(i25),Adapter_Invoke,,,,/ofscMetadata/v1/activityTypeGroups/{label},OUTL-BRT-REST-OFSC_WACSOFSC,GetOFSCActitvityTypes,
OUTL-BA-WACS_OFSC_ADMIN_SYNC_01.22.3000.iar.yaml,OUTL-BA-WACS_OFSC_ADMIN_SYNC|01.22.3000,OUTL-BA-WACS_OFSC_ADMIN_SYNC,Oracle Utilities WACS OFSC Admin Data Sync,01.22.3000,CreateActivityType(i19),Adapter_Invoke,,,,/ofscMetadata/v1/activityTypes/{activityType},OUTL-BRT-REST-OFSC_WACSOFSC,CreateActivityType,
OUTL-BA-WACS_OFSC_ADMIN_SYNC_01.22.3000.iar.yaml,OUTL-BA-WACS_OFSC_ADMIN_SYNC|01.22.3000,OUTL-BA-WACS_OFSC_ADMIN_SYNC,Oracle Utilities WACS OFSC Admin Data Sync,01.22.3000,PutActivityTypesPSH(i20),Adapter_Invoke,,,,/ofscMetadata/v1/properties/wam_actType_psh/enumerationList,OUTL-BRT-REST-OFSC_WACSOFSC,PutActivityTypesPSH,
PAYROL_PARALL_TIME_ABSENC_LOAD_01.03.0001.iar.yaml,PAYROL_PARALL_TIME_ABSENC_LOAD|01.03.0001,PAYROL_PARALL_TIME_ABSENC_LOAD,PAYROLL_PARALLEL_TIME_ABSENCE_LOAD,01.03.0001,ListFile(i0),Adapter_Invoke,,,,,TSGTFTP_CONN,ListFile,
PAYROL_PARALL_TIME_ABSENC_LOAD_01.03.0001.iar.yaml,PAYROL_PARALL_TIME_ABSENC_LOAD|01.03.0001,PAYROL_PARALL_TIME_ABSENC_LOAD,PAYROLL_PARALLEL_TIME_ABSENCE_LOAD,01.03.0001,Download(i1),Adapter_Invoke,,,,,TSGTFTP_CONN,Download,
PAYROL_PARALL_TIME_ABSENC_LOAD_01.03.0001.iar.yaml,PAYROL_PARALL_TIME_ABSENC_LOAD|01.03.0001,PAYROL_PARALL_TIME_ABSENC_LOAD,PAYROLL_PARALLEL_TIME_ABSENCE_LOAD,01.03.0001,GetLegalEmployer(i2),Adapter_Invoke,,,,/hcmRestApi/resources/11.13.18.05/workers,FUSION_REST_CONN,GetLegalEmployer,
PAYROL_PARALL_TIME_ABSENC_LOAD_01.03.0001.iar.yaml,PAYROL_PARALL_TIME_ABSENC_LOAD|01.03.0001,PAYROL_PARALL_TIME_ABSENC_LOAD,PAYROLL_PARALLEL_TIME_ABSENCE_LOAD,01.03.0001,CreateAbsenceTransaction(i3),Adapter_Invoke,,,,/hcmRestApi/resources/latest/absences,FUSION_REST_CONN,CreateAbsenceTransaction,
PAYROL_PARALL_TIME_ABSENC_LOAD_01.03.0001.iar.yaml,PAYROL_PARALL_TIME_ABSENC_LOAD|01.03.0001,PAYROL_PARALL_TIME_ABSENC_LOAD,PAYROLL_PARALLEL_TIME_ABSENCE_LOAD,01.03.0001,GetProjectId(i6),Adapter_Invoke,,,,/fscmRestApi/resources/latest/projects,FUSION_REST_CONN,GetProjectId,
PAYROL_PARALL_TIME_ABSENC_LOAD_01.03.0001.iar.yaml,PAYROL_PARALL_TIME_ABSENC_LOAD|01.03.0001,PAYROL_PARALL_TIME_ABSENC_LOAD,PAYROLL_PARALLEL_TIME_ABSENCE_LOAD,01.03.0001,GetTaskId(i7),Adapter_Invoke,,,,/fscmRestApi/resources/latest/projects/{ProjectId}/child/Tasks,FUSION_REST_CONN,GetTaskId,
PAYROL_PARALL_TIME_ABSENC_LOAD_01.03.0001.iar.yaml,PAYROL_PARALL_TIME_ABSENC_LOAD|01.03.0001,PAYROL_PARALL_TIME_ABSENC_LOAD,PAYROLL_PARALLEL_TIME_ABSENCE_LOAD,01.03.0001,ExpenditureType(i8),Adapter_Invoke,,,,/fscmRestApi/resources/latest/expenditureTypes,FUSION_REST_CONN,ExpenditureType,
PAYROL_PARALL_TIME_ABSENC_LOAD_01.03.0001.iar.yaml,PAYROL_PARALL_TIME_ABSENC_LOAD|01.03.0001,PAYROL_PARALL_TIME_ABSENC_LOAD,PAYROLL_PARALLEL_TIME_ABSENCE_LOAD,01.03.0001,GetGradeStepId(i9),Adapter_Invoke,,,,/hcmRestApi/resources/latest/grades,FUSION_REST_CONN,GetGradeStepId,
PAYROL_PARALL_TIME_ABSENC_LOAD_01.03.0001.iar.yaml,PAYROL_PARALL_TIME_ABSENC_LOAD|01.03.0001,PAYROL_PARALL_TIME_ABSENC_LOAD,PAYROLL_PARALLEL_TIME_ABSENCE_LOAD,01.03.0001,GradeStepIdForHoliday(i10),Adapter_Invoke,,,,/hcmRestApi/resources/latest/grades,FUSION_REST_CONN,GradeStepIdForHoliday,
PAYROL_PARALL_TIME_ABSENC_LOAD_01.03.0001.iar.yaml,PAYROL_PARALL_TIME_ABSENC_LOAD|01.03.0001,PAYROL_PARALL_TIME_ABSENC_LOAD,PAYROLL_PARALLEL_TIME_ABSENCE_LOAD,01.03.0001,CreateTimeEventRequests(i5),Adapter_Invoke,,,,/hcmRestApi/resources/latest/timeEventRequests,FUSION_REST_CONN,CreateTimeEventRequests,
PAYROL_PARALL_TIME_ABSENC_LOAD_01.03.0001.iar.yaml,PAYROL_PARALL_TIME_ABSENC_LOAD|01.03.0001,PAYROL_PARALL_TIME_ABSENC_LOAD,PAYROLL_PARALLEL_TIME_ABSENCE_LOAD,01.03.0001,GeneratOutput(i4),Adapter_Invoke,,,,,TSGTFTP_CONN,GeneratOutput,
TSGTADAPT2ARINV_INTGSERVIC_IB_01.00.0000.iar.yaml,TSGTADAPT2ARINV_INTGSERVIC_IB|01.00.0000,TSGTADAPT2ARINV_INTGSERVIC_IB,TSGTAdapt2ARInvoice_IntgService_IB,01.00.0000,GetMetadataFromBO(i3),Adapter_Invoke,,,,/FWKOUTBOUNDINTGMETADATA,TSGTRESTVBCSBO_CONN,GetMetadataFromBO,
TSGTADAPT2ARINV_INTGSERVIC_IB_01.00.0000.iar.yaml,TSGTADAPT2ARINV_INTGSERVIC_IB|01.00.0000,TSGTADAPT2ARINV_INTGSERVIC_IB,TSGTAdapt2ARInvoice_IntgService_IB,01.00.0000,InvokeCommonLauncher(i0),IntegrationAction,TSGTCMNLAUNCHERF_SERVICE,01.00.0000,TSGTCmnLauncherFwk_Service,/invokeLauncher,PRESEEDED_COLLOCATED_CONN_1741,InvokeCommonLauncher,
TSGTADAPT2ARINV_INTGSERVIC_IB_01.00.0000.iar.yaml,TSGTADAPT2ARINV_INTGSERVIC_IB|01.00.0000,TSGTADAPT2ARINV_INTGSERVIC_IB,TSGTAdapt2ARInvoice_IntgService_IB,01.00.0000,SendNotification(i1),IntegrationAction,TSGTCMNNOTIFICAT_SERVICE,01.00.0000,TSGTCmnNotificationFwk_Service,/Notify,PRESEEDED_COLLOCATED_CONN_1741,SendNotification,
TSGTAUDITINGPROC_SERVICE_01.04.0001.iar.yaml,TSGTAUDITINGPROC_SERVICE|01.04.0001,TSGTAUDITINGPROC_SERVICE,TSGTAuditingProcess_Service,01.04.0001,GetConfigs(i0),IntegrationAction,TSGTGETCONFIGS_SERVICE,01.02.0000,TSGTGetConfigs_Service,/configs,PRESEEDED_COLLOCATED_CONN_1741,GetConfigs,
TSGTAUDITINGPROC_SERVICE_01.04.0001.iar.yaml,TSGTAUDITINGPROC_SERVICE|01.04.0001,TSGTAUDITINGPROC_SERVICE,TSGTAuditingProcess_Service,01.04.0001,AttechmentFile(i1),Adapter_Invoke,,,,,TSGTFTP_CONN,AttechmentFile,
TSGTAUDITINGPROC_SERVICE_01.04.0001.iar.yaml,TSGTAUDITINGPROC_SERVICE|01.04.0001,TSGTAUDITINGPROC_SERVICE,TSGTAuditingProcess_Service,01.04.0001,attachmentDowonload(i2),Adapter_Invoke,,,,,TSGTFTP_CONN,attachmentDowonload,
TSGTAZUREADEMPLOYEESOUTBOUNDHCM_02.05.0003.iar.yaml,TSGTAZUREADEMPLOYEESOUTBOUNDHCM|02.05.0003,TSGTAZUREADEMPLOYEESOUTBOUNDHCM,TSGTAzureADEmployeesOutboundHCM,02.05.0003,GetConfigs(i0),RESTToOIC,TSGTGETCONFIGS_SERVICE,1.0,TSGTGetConfigs_Service,/api/integration/v1/flows/rest/TSGTGETCONFIGS_SERVICE/1.0/configs,TSGTRESTOICINVOK_CONN,GetConfigs,
TSGTAZUREADEMPLOYEESOUTBOUNDHCM_02.05.0003.iar.yaml,TSGTAZUREADEMPLOYEESOUTBOUNDHCM|02.05.0003,TSGTAZUREADEMPLOYEESOUTBOUNDHCM,TSGTAzureADEmployeesOutboundHCM,02.05.0003,WriteHeadersTraceFile(i12),Adapter_Invoke,,,,,TSGTFTP_CONN,WriteHeadersTraceFile,
TSGTAZUREADEMPLOYEESOUTBOUNDHCM_02.05.0003.iar.yaml,TSGTAZUREADEMPLOYEESOUTBOUNDHCM|02.05.0003,TSGTAZUREADEMPLOYEESOUTBOUNDHCM,TSGTAzureADEmployeesOutboundHCM,02.05.0003,GetNextDelta(i2),Adapter_Invoke,,,,/users/delta,TSGTREST2MSGRAPH_CONN,GetNextDelta,
TSGTAZUREADEMPLOYEESOUTBOUNDHCM_02.05.0003.iar.yaml,TSGTAZUREADEMPLOYEESOUTBOUNDHCM|02.05.0003,TSGTAZUREADEMPLOYEESOUTBOUNDHCM,TSGTAzureADEmployeesOutboundHCM,02.05.0003,WriteWorkPhone(i11),Adapter_Invoke,,,,,TSGTFTP_CONN,WriteWorkPhone,
TSGTAZUREADEMPLOYEESOUTBOUNDHCM_02.05.0003.iar.yaml,TSGTAZUREADEMPLOYEESOUTBOUNDHCM|02.05.0003,TSGTAZUREADEMPLOYEESOUTBOUNDHCM,TSGTAzureADEmployeesOutboundHCM,02.05.0003,GetEmployee(i3),Adapter_Invoke,,,,/workers,TSGTRESTHCMCLOUD_CONN,GetEmployee,
TSGTAZUREADEMPLOYEESOUTBOUNDHCM_02.05.0003.iar.yaml,TSGTAZUREADEMPLOYEESOUTBOUNDHCM|02.05.0003,TSGTAZUREADEMPLOYEESOUTBOUNDHCM,TSGTAzureADEmployeesOutboundHCM,02.05.0003,AddWorkPhone(i4),Adapter_Invoke,,,,/,TSGTRESTHCMCLOUD_CONN,AddWorkPhone,
TSGTAZUREADEMPLOYEESOUTBOUNDHCM_02.05.0003.iar.yaml,TSGTAZUREADEMPLOYEESOUTBOUNDHCM|02.05.0003,TSGTAZUREADEMPLOYEESOUTBOUNDHCM,TSGTAzureADEmployeesOutboundHCM,02.05.0003,UpdateWorkPhone(i5),Adapter_Invoke,,,,/,TSGTRESTHCMCLOUD_CONN,UpdateWorkPhone,
TSGTAZUREADEMPLOYEESOUTBOUNDHCM_02.05.0003.iar.yaml,TSGTAZUREADEMPLOYEESOUTBOUNDHCM|02.05.0003,TSGTAZUREADEMPLOYEESOUTBOUNDHCM,TSGTAzureADEmployeesOutboundHCM,02.05.0003,AddWorkMobile(i13),Adapter_Invoke,,,,/,TSGTRESTHCMCLOUD_CONN,AddWorkMobile,
TSGTAZUREADEMPLOYEESOUTBOUNDHCM_02.05.0003.iar.yaml,TSGTAZUREADEMPLOYEESOUTBOUNDHCM|02.05.0003,TSGTAZUREADEMPLOYEESOUTBOUNDHCM,TSGTAzureADEmployeesOutboundHCM,02.05.0003,UpdateWorkMobile(i14),Adapter_Invoke,,,,/,TSGTRESTHCMCLOUD_CONN,UpdateWorkMobile,
TSGTAZUREADEMPLOYEESOUTBOUNDHCM_02.05.0003.iar.yaml,TSGTAZUREADEMPLOYEESOUTBOUNDHCM|02.05.0003,TSGTAZUREADEMPLOYEESOUTBOUNDHCM,TSGTAzureADEmployeesOutboundHCM,02.05.0003,SaveError(i9),Adapter_Invoke,,,,,TSGTFTP_CONN,SaveError,
TSGTAZUREADEMPLOYEESOUTBOUNDHCM_02.05.0003.iar.yaml,TSGTAZUREADEMPLOYEESOUTBOUNDHCM|02.05.0003,TSGTAZUREADEMPLOYEESOUTBOUNDHCM,TSGTAzureADEmployeesOutboundHCM,02.05.0003,PublishAuditing4Batch(i8),IntegrationAction,TSGTPUBLISHAUDIT_SERVICE,01.00.0000,TSGTPublishAuditing_Service,/auditing,PRESEEDED_COLLOCATED_CONN_1741,PublishAuditing4Batch,
TSGTAZUREADEMPLOYEESOUTBOUNDHCM_02.05.0003.iar.yaml,TSGTAZUREADEMPLOYEESOUTBOUNDHCM|02.05.0003,TSGTAZUREADEMPLOYEESOUTBOUNDHCM,TSGTAzureADEmployeesOutboundHCM,02.05.0003,UpdateConfigs(i1),RESTToOIC,TSGTUPDATECONFIG_SERVICE,1.0,TSGTUpdateConfigs_Service,/api/integration/v1/flows/rest/TSGTUPDATECONFIG_SERVICE/1.0/configs,TSGTRESTOICINVOK_CONN,UpdateConfigs,
TSGTAZUREADEMPLOYEESOUTBOUNDHCM_02.05.0003.iar.yaml,TSGTAZUREADEMPLOYEESOUTBOUNDHCM|02.05.0003,TSGTAZUREADEMPLOYEESOUTBOUNDHCM,TSGTAzureADEmployeesOutboundHCM,02.05.0003,PublishAuditingFault(i10),IntegrationAction,TSGTPUBLISHAUDIT_SERVICE,01.00.0000,TSGTPublishAuditing_Service,/auditing,PRESEEDED_COLLOCATED_CONN_1741,PublishAuditingFault,
TSGTAZUREADEMPLOYEESOUTBOUNDHCM_02.05.0003.iar.yaml,TSGTAZUREADEMPLOYEESOUTBOUNDHCM|02.05.0003,TSGTAZUREADEMPLOYEESOUTBOUNDHCM,TSGTAzureADEmployeesOutboundHCM,02.05.0003,ReadErrors(i7),Adapter_Invoke,,,,,TSGTFTP_CONN,ReadErrors,
TSGTAZUREADEMPLOYEESOUTBOUNDHCM_02.05.0003.iar.yaml,TSGTAZUREADEMPLOYEESOUTBOUNDHCM|02.05.0003,TSGTAZUREADEMPLOYEESOUTBOUNDHCM,TSGTAzureADEmployeesOutboundHCM,02.05.0003,NotifyErrors(i15),IntegrationAction,TSGTPUBLISHAUDIT_SERVICE,01.00.0000,TSGTPublishAuditing_Service,/auditing,PRESEEDED_COLLOCATED_CONN_1741,NotifyErrors,
TSGTAZUREADEMPLOYEESOUTBOUNDHCM_02.05.0003.iar.yaml,TSGTAZUREADEMPLOYEESOUTBOUNDHCM|02.05.0003,TSGTAZUREADEMPLOYEESOUTBOUNDHCM,TSGTAzureADEmployeesOutboundHCM,02.05.0003,PublishAuditing(i6),RESTToOIC,TSGTPUBLISHAUDIT_SERVICE,1.0,TSGTPublishAuditing_Service,/api/integration/v1/flows/rest/TSGTPUBLISHAUDIT_SERVICE/1.0/auditing,TSGTRESTOICINVOK_CONN,PublishAuditing,
TSGTCMNAPPCOMPOS_SERVICE_01.00.0000.iar.yaml,TSGTCMNAPPCOMPOS_SERVICE|01.00.0000,TSGTCMNAPPCOMPOS_SERVICE,TSGTCmnAppComposerObjUpdate_Service,01.00.0000,GetFieldDetails(i0),Adapter_Invoke,,,,/fscmRestApi/resources/latest/{CustomObject},TSGTRESTERPCLOUD_CONN,GetFieldDetails,
TSGTCMNAPPCOMPOS_SERVICE_01.00.0000.iar.yaml,TSGTCMNAPPCOMPOS_SERVICE|01.00.0000,TSGTCMNAPPCOMPOS_SERVICE,TSGTCmnAppComposerObjUpdate_Service,01.00.0000,UpdateRESTAPI(i1),Adapter_Invoke,,,,/fscmRestApi/resources/latest,TSGTRESTERPCLOUD_CONN,UpdateRESTAPI,
TSGTCMNARERPORCH_SERVICE_01.00.0000.iar.yaml,TSGTCMNARERPORCH_SERVICE|01.00.0000,TSGTCMNARERPORCH_SERVICE,TSGTCmnARErpOrchestratorIbFwk_Service,01.00.0000,InvokeLoggerService-Initiation(i7),IntegrationAction,TSGTCMNUPSERTINS_SERVICE,01.00.0000,TSGTCmnUpsertInstanceTransaction_Service,/UpsertInstanceTransaction,PRESEEDED_COLLOCATED_CONN_1741,InvokeLoggerService-Initiation,
TSGTCMNARERPORCH_SERVICE_01.00.0000.iar.yaml,TSGTCMNARERPORCH_SERVICE|01.00.0000,TSGTCMNARERPORCH_SERVICE,TSGTCmnARErpOrchestratorIbFwk_Service,01.00.0000,GetInstanceDtls(i13),Adapter_Invoke,,,,/Instances,TSGTRESTVBCSBO_CONN,GetInstanceDtls,
TSGTCMNARERPORCH_SERVICE_01.00.0000.iar.yaml,TSGTCMNARERPORCH_SERVICE|01.00.0000,TSGTCMNARERPORCH_SERVICE,TSGTCmnARErpOrchestratorIbFwk_Service,01.00.0000,GetMetadataInfo(i1),Adapter_Invoke,,,,/FWKINBOUNDINTGMETADATA,TSGTRESTVBCSBO_CONN,GetMetadataInfo,
TSGTCMNARERPORCH_SERVICE_01.00.0000.iar.yaml,TSGTCMNARERPORCH_SERVICE|01.00.0000,TSGTCMNARERPORCH_SERVICE,TSGTCmnARErpOrchestratorIbFwk_Service,01.00.0000,GetBusinessUnitIdentifier(i21),Adapter_Invoke,,,,,TSGTATPCLOUDDB_CONN,GetBusinessUnitIdentifier,
TSGTCMNARERPORCH_SERVICE_01.00.0000.iar.yaml,TSGTCMNARERPORCH_SERVICE|01.00.0000,TSGTCMNARERPORCH_SERVICE,TSGTCmnARErpOrchestratorIbFwk_Service,01.00.0000,GetARInterfaceLinesData(i19),Adapter_Invoke,,,,,TSGTATPCLOUDDB_CONN,GetARInterfaceLinesData,
TSGTCMNARERPORCH_SERVICE_01.00.0000.iar.yaml,TSGTCMNARERPORCH_SERVICE|01.00.0000,TSGTCMNARERPORCH_SERVICE,TSGTCmnARErpOrchestratorIbFwk_Service,01.00.0000,GetARInterfaceDistributionsData(i20),Adapter_Invoke,,,,,TSGTATPCLOUDDB_CONN,GetARInterfaceDistributionsData,
TSGTCMNARERPORCH_SERVICE_01.00.0000.iar.yaml,TSGTCMNARERPORCH_SERVICE|01.00.0000,TSGTCMNARERPORCH_SERVICE,TSGTCmnARErpOrchestratorIbFwk_Service,01.00.0000,MoveFBDIZipFileToEnrichedBucket(i16),Adapter_Invoke,,,,/n/{namespace}/b/{bucketName}/o/{objectName},TSGTOBJECTSTORAG_CONN,MoveFBDIZipFileToEnrichedBucket,
TSGTCMNARERPORCH_SERVICE_01.00.0000.iar.yaml,TSGTCMNARERPORCH_SERVICE|01.00.0000,TSGTCMNARERPORCH_SERVICE,TSGTCmnARErpOrchestratorIbFwk_Service,01.00.0000,ERP-BulkARInvoiceImport(i2),Adapter_Invoke,,,,,TSGTERPCLOUD_CONN,ERP-BulkARInvoiceImport,
TSGTCMNARERPORCH_SERVICE_01.00.0000.iar.yaml,TSGTCMNARERPORCH_SERVICE|01.00.0000,TSGTCMNARERPORCH_SERVICE,TSGTCmnARErpOrchestratorIbFwk_Service,01.00.0000,UpdateESSJobId(i0),IntegrationAction,TSGTCMNUPSERTINS_SERVICE,01.00.0000,TSGTCmnUpsertInstanceTransaction_Service,/UpsertInstanceTransaction,PRESEEDED_COLLOCATED_CONN_1741,UpdateESSJobId,
TSGTCMNARERPORCH_SERVICE_01.00.0000.iar.yaml,TSGTCMNARERPORCH_SERVICE|01.00.0000,TSGTCMNARERPORCH_SERVICE,TSGTCmnARErpOrchestratorIbFwk_Service,01.00.0000,GetCallbackStatus(i3),Adapter_Invoke,,,,/Logger/{Logger_Id}/action/getESSJobStatus,TSGTRESTVBCSBO_CONN,GetCallbackStatus,
TSGTCMNARERPORCH_SERVICE_01.00.0000.iar.yaml,TSGTCMNARERPORCH_SERVICE|01.00.0000,TSGTCMNARERPORCH_SERVICE,TSGTCmnARErpOrchestratorIbFwk_Service,01.00.0000,GetInstanceDetails(i4),Adapter_Invoke,,,,/Instances,TSGTRESTVBCSBO_CONN,GetInstanceDetails,
TSGTCMNARERPORCH_SERVICE_01.00.0000.iar.yaml,TSGTCMNARERPORCH_SERVICE|01.00.0000,TSGTCMNARERPORCH_SERVICE,TSGTCmnARErpOrchestratorIbFwk_Service,01.00.0000,GetTotalProcesssedCount(i5),Adapter_Invoke,,,,,TSGTSOAPERPBIP_CONN,GetTotalProcesssedCount,
TSGTCMNARERPORCH_SERVICE_01.00.0000.iar.yaml,TSGTCMNARERPORCH_SERVICE|01.00.0000,TSGTCMNARERPORCH_SERVICE,TSGTCmnARErpOrchestratorIbFwk_Service,01.00.0000,GetSuccessRecordsReport(i6),Adapter_Invoke,,,,,TSGTSOAPERPBIP_CONN,GetSuccessRecordsReport,
TSGTCMNARERPORCH_SERVICE_01.00.0000.iar.yaml,TSGTCMNARERPORCH_SERVICE|01.00.0000,TSGTCMNARERPORCH_SERVICE,TSGTCmnARErpOrchestratorIbFwk_Service,01.00.0000,GetSuccessRecordsReportAttachment(i9),Adapter_Invoke,,,,,TSGTSOAPERPBIP_CONN,GetSuccessRecordsReportAttachment,
TSGTCMNARERPORCH_SERVICE_01.00.0000.iar.yaml,TSGTCMNARERPORCH_SERVICE|01.00.0000,TSGTCMNARERPORCH_SERVICE,TSGTCmnARErpOrchestratorIbFwk_Service,01.00.0000,GetFailedRecordsReport(i8),Adapter_Invoke,,,,,TSGTSOAPERPBIP_CONN,GetFailedRecordsReport,
TSGTCMNARERPORCH_SERVICE_01.00.0000.iar.yaml,TSGTCMNARERPORCH_SERVICE|01.00.0000,TSGTCMNARERPORCH_SERVICE,TSGTCmnARErpOrchestratorIbFwk_Service,01.00.0000,GetFailedRecordsReportAsAttachment(i12),Adapter_Invoke,,,,,TSGTSOAPERPBIP_CONN,GetFailedRecordsReportAsAttachment,
TSGTCMNARERPORCH_SERVICE_01.00.0000.iar.yaml,TSGTCMNARERPORCH_SERVICE|01.00.0000,TSGTCMNARERPORCH_SERVICE,TSGTCmnARErpOrchestratorIbFwk_Service,01.00.0000,UpdateResultFileReport(i22),IntegrationAction,TSGTCMNFILEREFER_SERVICE,01.00.0000,TSGTCmnFileReferencetoObjectStorage_Service,/getFileFromObjectStorage,PRESEEDED_COLLOCATED_CONN_1741,UpdateResultFileReport,
TSGTCMNARERPORCH_SERVICE_01.00.0000.iar.yaml,TSGTCMNARERPORCH_SERVICE|01.00.0000,TSGTCMNARERPORCH_SERVICE,TSGTCmnARErpOrchestratorIbFwk_Service,01.00.0000,MoveFileToErrorBucket(i17),IntegrationAction,TSGTCMNSRCOBJSTOTGTOBJSMO_SERVIC,01.00.0000,TSGTCmnSrcObjStorageToTgtObjStorageMove_Service,/getFileFromObjectStorage,PRESEEDED_COLLOCATED_CONN_1741,MoveFileToErrorBucket,
TSGTCMNARERPORCH_SERVICE_01.00.0000.iar.yaml,TSGTCMNARERPORCH_SERVICE|01.00.0000,TSGTCMNARERPORCH_SERVICE,TSGTCmnARErpOrchestratorIbFwk_Service,01.00.0000,MoveFileToArchiveBucket(i18),IntegrationAction,TSGTCMNSRCOBJSTOTGTOBJSMO_SERVIC,01.00.0000,TSGTCmnSrcObjStorageToTgtObjStorageMove_Service,/getFileFromObjectStorage,PRESEEDED_COLLOCATED_CONN_1741,MoveFileToArchiveBucket,
TSGTCMNARERPORCH_SERVICE_01.00.0000.iar.yaml,TSGTCMNARERPORCH_SERVICE|01.00.0000,TSGTCMNARERPORCH_SERVICE,TSGTCmnARErpOrchestratorIbFwk_Service,01.00.0000,SendNotification(i15),IntegrationAction,TSGTCMNNOTIFICAT_SERVICE,01.00.0000,TSGTCmnNotificationFwk_Service,/Notify,PRESEEDED_COLLOCATED_CONN_1741,SendNotification,
TSGTCMNARERPORCH_SERVICE_01.00.0000.iar.yaml,TSGTCMNARERPORCH_SERVICE|01.00.0000,TSGTCMNARERPORCH_SERVICE,TSGTCmnARErpOrchestratorIbFwk_Service,01.00.0000,SendFailedEmailNotification(i11),IntegrationAction,TSGTCMNNOTIFICAT_SERVICE,01.00.0000,TSGTCmnNotificationFwk_Service,/Notify,PRESEEDED_COLLOCATED_CONN_1741,SendFailedEmailNotification,
TSGTCMNARERPORCH_SERVICE_01.00.0000.iar.yaml,TSGTCMNARERPORCH_SERVICE|01.00.0000,TSGTCMNARERPORCH_SERVICE,TSGTCmnARErpOrchestratorIbFwk_Service,01.00.0000,UpddateTransactionAndInstanceStatus(i10),IntegrationAction,TSGTCMNUPSERTINS_SERVICE,01.00.0000,TSGTCmnUpsertInstanceTransaction_Service,/UpsertInstanceTransaction,PRESEEDED_COLLOCATED_CONN_1741,UpddateTransactionAndInstanceStatus,
TSGTCMNARERPORCH_SERVICE_01.00.0000.iar.yaml,TSGTCMNARERPORCH_SERVICE|01.00.0000,TSGTCMNARERPORCH_SERVICE,TSGTCmnARErpOrchestratorIbFwk_Service,01.00.0000,InvokeErrorHandlerService(i14),IntegrationAction,HC_CMN_NOTIFICA_SERVICE,01.00.0000,,/Notify,PRESEEDED_COLLOCATED_CONN_1741,InvokeErrorHandlerService,
TSGTCMNCHECKESSJOBSTATUS_SERVICE_01.00.0000.iar.yaml,TSGTCMNCHECKESSJOBSTATUS_SERVICE|01.00.0000,TSGTCMNCHECKESSJOBSTATUS_SERVICE,TSGTCmnCheckESSJOBStatus_Service,01.00.0000,GetJobStatus(i0),Adapter_Invoke,,,,,TSGTERPCLOUD_CONN,GetJobStatus,
TSGTCMNERPCALLBACKIBFWK_SERVICE_01.00.0000.iar.yaml,TSGTCMNERPCALLBACKIBFWK_SERVICE|01.00.0000,TSGTCMNERPCALLBACKIBFWK_SERVICE,TSGTCmnErpCallbackIbFwk_Service,01.00.0000,GetTransactionId(i12),Adapter_Invoke,,,,/Instances,TSGTRESTVBCSBO_CONN,GetTransactionId,
TSGTCMNERPCALLBACKIBFWK_SERVICE_01.00.0000.iar.yaml,TSGTCMNERPCALLBACKIBFWK_SERVICE|01.00.0000,TSGTCMNERPCALLBACKIBFWK_SERVICE,TSGTCmnErpCallbackIbFwk_Service,01.00.0000,GetTransactionDetail(i8),Adapter_Invoke,,,,/Transactions,TSGTRESTVBCSBO_CONN,GetTransactionDetail,
TSGTCMNERPCALLBACKIBFWK_SERVICE_01.00.0000.iar.yaml,TSGTCMNERPCALLBACKIBFWK_SERVICE|01.00.0000,TSGTCMNERPCALLBACKIBFWK_SERVICE,TSGTCmnErpCallbackIbFwk_Service,01.00.0000,UpdateInitialLog(i13),IntegrationAction,TSGTCMNUPSERTINS_SERVICE,01.00.0000,TSGTCmnUpsertInstanceTransaction_Service,/UpsertInstanceTransaction,PRESEEDED_COLLOCATED_CONN_1741,UpdateInitialLog,
TSGTCMNERPCALLBACKIBFWK_SERVICE_01.00.0000.iar.yaml,TSGTCMNERPCALLBACKIBFWK_SERVICE|01.00.0000,TSGTCMNERPCALLBACKIBFWK_SERVICE,TSGTCmnErpCallbackIbFwk_Service,01.00.0000,GetInboundMetadataFrmBO(i6),Adapter_Invoke,,,,/FWKINBOUNDINTGMETADATA,TSGTRESTVBCSBO_CONN,GetInboundMetadataFrmBO,
TSGTCMNERPCALLBACKIBFWK_SERVICE_01.00.0000.iar.yaml,TSGTCMNERPCALLBACKIBFWK_SERVICE|01.00.0000,TSGTCMNERPCALLBACKIBFWK_SERVICE,TSGTCmnErpCallbackIbFwk_Service,01.00.0000,UpdateInstanceErrorLog(i2),IntegrationAction,TSGTCMNUPSERTINS_SERVICE,01.00.0000,TSGTCmnUpsertInstanceTransaction_Service,/UpsertInstanceTransaction,PRESEEDED_COLLOCATED_CONN_1741,UpdateInstanceErrorLog,
TSGTCMNERPCALLBACKIBFWK_SERVICE_01.00.0000.iar.yaml,TSGTCMNERPCALLBACKIBFWK_SERVICE|01.00.0000,TSGTCMNERPCALLBACKIBFWK_SERVICE,TSGTCmnErpCallbackIbFwk_Service,01.00.0000,UpdateCallbackSuccessStatus(i1),IntegrationAction,TSGTCMNUPSERTINS_SERVICE,01.00.0000,TSGTCmnUpsertInstanceTransaction_Service,/UpsertInstanceTransaction,PRESEEDED_COLLOCATED_CONN_1741,UpdateCallbackSuccessStatus,
TSGTCMNERPCALLBACKIBFWK_SERVICE_01.00.0000.iar.yaml,TSGTCMNERPCALLBACKIBFWK_SERVICE|01.00.0000,TSGTCMNERPCALLBACKIBFWK_SERVICE,TSGTCmnErpCallbackIbFwk_Service,01.00.0000,UpdateTransactionAndInstancesLog(i14),IntegrationAction,TSGTCMNUPSERTINS_SERVICE,01.00.0000,TSGTCmnUpsertInstanceTransaction_Service,/UpsertInstanceTransaction,PRESEEDED_COLLOCATED_CONN_1741,UpdateTransactionAndInstancesLog,
TSGTCMNERPCALLBACKIBFWK_SERVICE_01.00.0000.iar.yaml,TSGTCMNERPCALLBACKIBFWK_SERVICE|01.00.0000,TSGTCMNERPCALLBACKIBFWK_SERVICE,TSGTCmnErpCallbackIbFwk_Service,01.00.0000,SendNotification(i9),IntegrationAction,TSGTCMNNOTIFICAT_SERVICE,01.00.0000,TSGTCmnNotificationFwk_Service,/Notify,PRESEEDED_COLLOCATED_CONN_1741,SendNotification,
TSGTCMNERPCALLBA_SERVICE_01.02.0000.iar.yaml,TSGTCMNERPCALLBA_SERVICE|01.02.0000,TSGTCMNERPCALLBA_SERVICE,TSGTCmnErpCallbackObFwk_Service,01.02.0000,GetTransactionId(i1),Adapter_Invoke,,,,/Instances,TSGTRESTVBCSBO_CONN,GetTransactionId,
TSGTCMNERPCALLBA_SERVICE_01.02.0000.iar.yaml,TSGTCMNERPCALLBA_SERVICE|01.02.0000,TSGTCMNERPCALLBA_SERVICE,TSGTCmnErpCallbackObFwk_Service,01.02.0000,GetTransactionTypeId(i4),Adapter_Invoke,,,,/Transactions,TSGTRESTVBCSBO_CONN,GetTransactionTypeId,
TSGTCMNERPCALLBA_SERVICE_01.02.0000.iar.yaml,TSGTCMNERPCALLBA_SERVICE|01.02.0000,TSGTCMNERPCALLBA_SERVICE,TSGTCmnErpCallbackObFwk_Service,01.02.0000,UpdateInitLog(i8),IntegrationAction,TSGTCMNUPSERTINS_SERVICE,01.00.0000,TSGTCmnUpsertInstanceTransaction_Service,/UpsertInstanceTransaction,PRESEEDED_COLLOCATED_CONN_1741,UpdateInitLog,
TSGTCMNERPCALLBA_SERVICE_01.02.0000.iar.yaml,TSGTCMNERPCALLBA_SERVICE|01.02.0000,TSGTCMNERPCALLBA_SERVICE,TSGTCmnErpCallbackObFwk_Service,01.02.0000,GetMetadataFromBO(i12),Adapter_Invoke,,,,/FWKOUTBOUNDINTGMETADATA,TSGTRESTVBCSBO_CONN,GetMetadataFromBO,
TSGTCMNERPCALLBA_SERVICE_01.02.0000.iar.yaml,TSGTCMNERPCALLBA_SERVICE|01.02.0000,TSGTCMNERPCALLBA_SERVICE,TSGTCmnErpCallbackObFwk_Service,01.02.0000,GetDocumentSoapGeneric(i6),Adapter_Invoke,,,,,TSGTSOAPORCLGENE_CONN,GetDocumentSoapGeneric,
TSGTCMNERPCALLBA_SERVICE_01.02.0000.iar.yaml,TSGTCMNERPCALLBA_SERVICE|01.02.0000,TSGTCMNERPCALLBA_SERVICE,TSGTCmnErpCallbackObFwk_Service,01.02.0000,GetDocument(i0),Adapter_Invoke,,,,,TSGTERPCLOUD_CONN,GetDocument,
TSGTCMNERPCALLBA_SERVICE_01.02.0000.iar.yaml,TSGTCMNERPCALLBA_SERVICE|01.02.0000,TSGTCMNERPCALLBA_SERVICE,TSGTCmnErpCallbackObFwk_Service,01.02.0000,getnodatafoundFile(i30),Adapter_Invoke,,,,,TSGTSOAPORCLGENE_CONN,getnodatafoundFile,
TSGTCMNERPCALLBA_SERVICE_01.02.0000.iar.yaml,TSGTCMNERPCALLBA_SERVICE|01.02.0000,TSGTCMNERPCALLBA_SERVICE,TSGTCmnErpCallbackObFwk_Service,01.02.0000,UploadDocFileToArchiveBucket(i23),Adapter_Invoke,,,,/n/{nameSpaceName}/b/{bucketName}/o/{objectName},TSGTOBJECTSTORAG_CONN,UploadDocFileToArchiveBucket,
TSGTCMNERPCALLBA_SERVICE_01.02.0000.iar.yaml,TSGTCMNERPCALLBA_SERVICE|01.02.0000,TSGTCMNERPCALLBA_SERVICE,TSGTCmnErpCallbackObFwk_Service,01.02.0000,DeleteFileFromUCM(i2),Adapter_Invoke,,,,,TSGTSOAPORCLGENE_CONN,DeleteFileFromUCM,
TSGTCMNERPCALLBA_SERVICE_01.02.0000.iar.yaml,TSGTCMNERPCALLBA_SERVICE|01.02.0000,TSGTCMNERPCALLBA_SERVICE,TSGTCmnErpCallbackObFwk_Service,01.02.0000,InvokeDispatcher(i43),IntegrationAction,TSGTCMNERPSFTPDISPOBFWK_SERVICE,01.00.0000,TSGTCmnErpSftpDispatcherObFwk_Service,/dispatcher,PRESEEDED_COLLOCATED_CONN_1741,InvokeDispatcher,
TSGTCMNERPCALLBA_SERVICE_01.02.0000.iar.yaml,TSGTCMNERPCALLBA_SERVICE|01.02.0000,TSGTCMNERPCALLBA_SERVICE,TSGTCmnErpCallbackObFwk_Service,01.02.0000,GetLastRunDateBIP(i5),Adapter_Invoke,,,,,TSGTSOAPERPBIP_CONN,GetLastRunDateBIP,
TSGTCMNERPCALLBA_SERVICE_01.02.0000.iar.yaml,TSGTCMNERPCALLBA_SERVICE|01.02.0000,TSGTCMNERPCALLBA_SERVICE,TSGTCmnErpCallbackObFwk_Service,01.02.0000,UpdateLastRunDateInBO(i9),Adapter_Invoke,,,,/FWKOUTBOUNDINTGMETADATA/{id},TSGTRESTVBCSBO_CONN,UpdateLastRunDateInBO,
TSGTCMNERPCALLBA_SERVICE_01.02.0000.iar.yaml,TSGTCMNERPCALLBA_SERVICE|01.02.0000,TSGTCMNERPCALLBA_SERVICE,TSGTCmnErpCallbackObFwk_Service,01.02.0000,UpdateInstanceBOStatus(i3),IntegrationAction,TSGTCMNUPSERTINS_SERVICE,01.00.0000,TSGTCmnUpsertInstanceTransaction_Service,/UpsertInstanceTransaction,PRESEEDED_COLLOCATED_CONN_1741,UpdateInstanceBOStatus,
TSGTCMNERPCALLBA_SERVICE_01.02.0000.iar.yaml,TSGTCMNERPCALLBA_SERVICE|01.02.0000,TSGTCMNERPCALLBA_SERVICE,TSGTCmnErpCallbackObFwk_Service,01.02.0000,NotifyFailedReportExtraction(i26),IntegrationAction,TSGTCMNNOTIFICAT_SERVICE,01.00.0000,TSGTCmnNotificationFwk_Service,/Notify,PRESEEDED_COLLOCATED_CONN_1741,NotifyFailedReportExtraction,
TSGTCMNERPCALLBA_SERVICE_01.02.0000.iar.yaml,TSGTCMNERPCALLBA_SERVICE|01.02.0000,TSGTCMNERPCALLBA_SERVICE,TSGTCmnErpCallbackObFwk_Service,01.02.0000,GetTransaction_ID(i13),Adapter_Invoke,,,,/Instances,TSGTRESTVBCSBO_CONN,GetTransaction_ID,
TSGTCMNERPCALLBA_SERVICE_01.02.0000.iar.yaml,TSGTCMNERPCALLBA_SERVICE|01.02.0000,TSGTCMNERPCALLBA_SERVICE,TSGTCmnErpCallbackObFwk_Service,01.02.0000,GetInstanceCountFromBO(i25),Adapter_Invoke,,,,/Logger/{Logger_Id}/action/getInstanceCount,TSGTRESTVBCSBO_CONN,GetInstanceCountFromBO,
TSGTCMNERPCALLBA_SERVICE_01.02.0000.iar.yaml,TSGTCMNERPCALLBA_SERVICE|01.02.0000,TSGTCMNERPCALLBA_SERVICE,TSGTCmnErpCallbackObFwk_Service,01.02.0000,UpdateTransactionBO(i7),Adapter_Invoke,,,,/Logger/{Logger_Id}/action/updateTransaction,TSGTRESTVBCSBO_CONN,UpdateTransactionBO,
TSGTCMNERPCALLBA_SERVICE_01.02.0000.iar.yaml,TSGTCMNERPCALLBA_SERVICE|01.02.0000,TSGTCMNERPCALLBA_SERVICE,TSGTCmnErpCallbackObFwk_Service,01.02.0000,Get_Transaction_Id(i24),Adapter_Invoke,,,,/Transactions,TSGTRESTVBCSBO_CONN,Get_Transaction_Id,
TSGTCMNERPCALLBA_SERVICE_01.02.0000.iar.yaml,TSGTCMNERPCALLBA_SERVICE|01.02.0000,TSGTCMNERPCALLBA_SERVICE,TSGTCmnErpCallbackObFwk_Service,01.02.0000,InvokeCommonErrorNotification_6(i21),IntegrationAction,CIF_UTIL_CMN_NOTIFI_SERVIC,01.00.0001,,/notification,PRESEEDED_COLLOCATED_CONN_1741,InvokeCommonErrorNotification_6,
TSGTCMNERPDATASY_SERVICE_01.00.0000.iar.yaml,TSGTCMNERPDATASY_SERVICE|01.00.0000,TSGTCMNERPDATASY_SERVICE,TSGTCmnErpDataSyncDispatcherObFwk_Service,01.00.0000,UpdateInitLog(i2),IntegrationAction,TSGTCMNUPSERTINS_SERVICE,01.00.0000,TSGTCmnUpsertInstanceTransaction_Service,/UpsertInstanceTransaction,PRESEEDED_COLLOCATED_CONN_1741,UpdateInitLog,
TSGTCMNERPDATASY_SERVICE_01.00.0000.iar.yaml,TSGTCMNERPDATASY_SERVICE|01.00.0000,TSGTCMNERPDATASY_SERVICE,TSGTCmnErpDataSyncDispatcherObFwk_Service,01.00.0000,GetMetaDatafromBO(i16),Adapter_Invoke,,,,/FWKOUTBOUNDINTGMETADATA,TSGTRESTVBCSBO_CONN,GetMetaDatafromBO,
TSGTCMNERPDATASY_SERVICE_01.00.0000.iar.yaml,TSGTCMNERPDATASY_SERVICE|01.00.0000,TSGTCMNERPDATASY_SERVICE,TSGTCmnErpDataSyncDispatcherObFwk_Service,01.00.0000,GetInstanceDtls(i8),Adapter_Invoke,,,,/Instances,TSGTRESTVBCSBO_CONN,GetInstanceDtls,
TSGTCMNERPDATASY_SERVICE_01.00.0000.iar.yaml,TSGTCMNERPDATASY_SERVICE|01.00.0000,TSGTCMNERPDATASY_SERVICE,TSGTCmnErpDataSyncDispatcherObFwk_Service,01.00.0000,GetTransactionDetails(i1),Adapter_Invoke,,,,/Transactions,TSGTRESTVBCSBO_CONN,GetTransactionDetails,
TSGTCMNERPDATASY_SERVICE_01.00.0000.iar.yaml,TSGTCMNERPDATASY_SERVICE|01.00.0000,TSGTCMNERPDATASY_SERVICE,TSGTCmnErpDataSyncDispatcherObFwk_Service,01.00.0000,GetInstanceCount(i9),Adapter_Invoke,,,,/Logger/{Logger_Id}/action/getInstanceCount,TSGTRESTVBCSBO_CONN,GetInstanceCount,
TSGTCMNERPDATASY_SERVICE_01.00.0000.iar.yaml,TSGTCMNERPDATASY_SERVICE|01.00.0000,TSGTCMNERPDATASY_SERVICE,TSGTCmnErpDataSyncDispatcherObFwk_Service,01.00.0000,GetFileFromBucket(i14),Adapter_Invoke,,,,/n/{nameSpaceName}/b/{bucketName}/o/{objectName},TSGTOBJECTSTORAG_CONN,GetFileFromBucket,
TSGTCMNERPDATASY_SERVICE_01.00.0000.iar.yaml,TSGTCMNERPDATASY_SERVICE|01.00.0000,TSGTCMNERPDATASY_SERVICE,TSGTCmnErpDataSyncDispatcherObFwk_Service,01.00.0000,InsertintoOBStagetable(i15),IntegrationAction,TSGTCMNERPDISPAT_SERVICE,01.00.0000,TSGTCmnErpDispatcherDataInsertObFwk_Service,/insertOBStage/,PRESEEDED_COLLOCATED_CONN_1741,InsertintoOBStagetable,
TSGTCMNERPDATASY_SERVICE_01.00.0000.iar.yaml,TSGTCMNERPDATASY_SERVICE|01.00.0000,TSGTCMNERPDATASY_SERVICE,TSGTCmnErpDataSyncDispatcherObFwk_Service,01.00.0000,SyncStagetabletoXref(i3),Adapter_Invoke,,,,,TSGTATPCLOUDDB_CONN,SyncStagetabletoXref,
TSGTCMNERPDATASY_SERVICE_01.00.0000.iar.yaml,TSGTCMNERPDATASY_SERVICE|01.00.0000,TSGTCMNERPDATASY_SERVICE,TSGTCmnErpDataSyncDispatcherObFwk_Service,01.00.0000,GetLastRunDateBIP(i0),Adapter_Invoke,,,,,TSGTSOAPERPBIP_CONN,GetLastRunDateBIP,
TSGTCMNERPDATASY_SERVICE_01.00.0000.iar.yaml,TSGTCMNERPDATASY_SERVICE|01.00.0000,TSGTCMNERPDATASY_SERVICE,TSGTCmnErpDataSyncDispatcherObFwk_Service,01.00.0000,UpdateLastrunDateinBO(i5),Adapter_Invoke,,,,/FWKOUTBOUNDINTGMETADATA/{Id},TSGTRESTVBCSBO_CONN,UpdateLastrunDateinBO,
TSGTCMNERPDATASY_SERVICE_01.00.0000.iar.yaml,TSGTCMNERPDATASY_SERVICE|01.00.0000,TSGTCMNERPDATASY_SERVICE,TSGTCmnErpDataSyncDispatcherObFwk_Service,01.00.0000,GetInstanceDetails(i6),Adapter_Invoke,,,,/Instances,TSGTRESTVBCSBO_CONN,GetInstanceDetails,
TSGTCMNERPDATASY_SERVICE_01.00.0000.iar.yaml,TSGTCMNERPDATASY_SERVICE|01.00.0000,TSGTCMNERPDATASY_SERVICE,TSGTCmnErpDataSyncDispatcherObFwk_Service,01.00.0000,UpdateInstanceBOStatus(i7),IntegrationAction,TSGTCMNUPSERTINS_SERVICE,01.00.0000,TSGTCmnUpsertInstanceTransaction_Service,/UpsertInstanceTransaction,PRESEEDED_COLLOCATED_CONN_1741,UpdateInstanceBOStatus,
TSGTCMNERPDATASY_SERVICE_01.00.0000.iar.yaml,TSGTCMNERPDATASY_SERVICE|01.00.0000,TSGTCMNERPDATASY_SERVICE,TSGTCmnErpDataSyncDispatcherObFwk_Service,01.00.0000,GetInstanceDetailsForReprocess(i10),Adapter_Invoke,,,,/Instances,TSGTRESTVBCSBO_CONN,GetInstanceDetailsForReprocess,
TSGTCMNERPDATASY_SERVICE_01.00.0000.iar.yaml,TSGTCMNERPDATASY_SERVICE|01.00.0000,TSGTCMNERPDATASY_SERVICE,TSGTCmnErpDataSyncDispatcherObFwk_Service,01.00.0000,UpdInstanceBOStat(i12),IntegrationAction,TSGTCMNUPSERTINS_SERVICE,01.00.0000,TSGTCmnUpsertInstanceTransaction_Service,/UpsertInstanceTransaction,PRESEEDED_COLLOCATED_CONN_1741,UpdInstanceBOStat,
TSGTCMNERPDATASY_SERVICE_01.00.0000.iar.yaml,TSGTCMNERPDATASY_SERVICE|01.00.0000,TSGTCMNERPDATASY_SERVICE,TSGTCmnErpDataSyncDispatcherObFwk_Service,01.00.0000,UpdateTransactionAndInstanceLog(i4),IntegrationAction,TSGTCMNUPSERTINS_SERVICE,01.00.0000,TSGTCmnUpsertInstanceTransaction_Service,/UpsertInstanceTransaction,PRESEEDED_COLLOCATED_CONN_1741,UpdateTransactionAndInstanceLog,
TSGTCMNERPDATASY_SERVICE_01.00.0000.iar.yaml,TSGTCMNERPDATASY_SERVICE|01.00.0000,TSGTCMNERPDATASY_SERVICE,TSGTCmnErpDataSyncDispatcherObFwk_Service,01.00.0000,InvokeNotificationService(i13),IntegrationAction,TSGTCMNNOTIFICAT_SERVICE,01.00.0000,TSGTCmnNotificationFwk_Service,/Notify,PRESEEDED_COLLOCATED_CONN_1741,InvokeNotificationService,
TSGTCMNERPDATASY_SERVICE_01.00.0000.iar.yaml,TSGTCMNERPDATASY_SERVICE|01.00.0000,TSGTCMNERPDATASY_SERVICE,TSGTCmnErpDataSyncDispatcherObFwk_Service,01.00.0000,ErrorHandler(i11),IntegrationAction,UIC_CMN_ERRORHAN_SERVICE,01.00.0001,,https://prod-axeufspbztar-px.integration.ocp.oraclecloud.com:443/ic/api/integration/v1/flows/rest/UIC_CMN_ERRORHAN_SERVICE/1.0/ErrorHandler,PRESEEDED_COLLOCATED_CONN_1741,ErrorHandler,
TSGTCMNERPDISPAT_SERVICE_01.00.0000.iar.yaml,TSGTCMNERPDISPAT_SERVICE|01.00.0000,TSGTCMNERPDISPAT_SERVICE,TSGTCmnErpDispatcherDataInsertObFwk_Service,01.00.0000,InsertintoOBStageTable(i0),Adapter_Invoke,,,,,TSGTATPCLOUDDB_CONN,InsertintoOBStageTable,
TSGTCMNERPLAUNCH_SERVICE_01.00.0000.iar.yaml,TSGTCMNERPLAUNCH_SERVICE|01.00.0000,TSGTCMNERPLAUNCH_SERVICE,TSGTCmnErpLauncherIbFwk_Service,01.00.0000,UpdateInitLog(i6),IntegrationAction,TSGTCMNUPSERTINS_SERVICE,01.00.0000,TSGTCmnUpsertInstanceTransaction_Service,/UpsertInstanceTransaction,PRESEEDED_COLLOCATED_CONN_1741,UpdateInitLog,
TSGTCMNERPLAUNCH_SERVICE_01.00.0000.iar.yaml,TSGTCMNERPLAUNCH_SERVICE|01.00.0000,TSGTCMNERPLAUNCH_SERVICE,TSGTCmnErpLauncherIbFwk_Service,01.00.0000,GetTransactionDetails(i10),Adapter_Invoke,,,,/TransactionTypes,TSGTRESTVBCSBO_CONN,GetTransactionDetails,
TSGTCMNERPLAUNCH_SERVICE_01.00.0000.iar.yaml,TSGTCMNERPLAUNCH_SERVICE|01.00.0000,TSGTCMNERPLAUNCH_SERVICE,TSGTCmnErpLauncherIbFwk_Service,01.00.0000,GetInstanceDetails(i0),Adapter_Invoke,,,,/Instances,TSGTRESTVBCSBO_CONN,GetInstanceDetails,
TSGTCMNERPLAUNCH_SERVICE_01.00.0000.iar.yaml,TSGTCMNERPLAUNCH_SERVICE|01.00.0000,TSGTCMNERPLAUNCH_SERVICE,TSGTCmnErpLauncherIbFwk_Service,01.00.0000,GetInboundMetadataFromBO(i2),Adapter_Invoke,,,,/FWKINBOUNDINTGMETADATA,TSGTRESTVBCSBO_CONN,GetInboundMetadataFromBO,
TSGTCMNERPLAUNCH_SERVICE_01.00.0000.iar.yaml,TSGTCMNERPLAUNCH_SERVICE|01.00.0000,TSGTCMNERPLAUNCH_SERVICE,TSGTCmnErpLauncherIbFwk_Service,01.00.0000,MoveFileFromErrorBucketToRawBucket(i8),IntegrationAction,TSGTCMNSRCOBJSTOTGTOBJSMO_SERVIC,01.00.0000,TSGTCmnSrcObjStorageToTgtObjStorageMove_Service,/getFileFromObjectStorage,PRESEEDED_COLLOCATED_CONN_1741,MoveFileFromErrorBucketToRawBucket,
TSGTCMNERPLAUNCH_SERVICE_01.00.0000.iar.yaml,TSGTCMNERPLAUNCH_SERVICE|01.00.0000,TSGTCMNERPLAUNCH_SERVICE,TSGTCmnErpLauncherIbFwk_Service,01.00.0000,getRawFiles(i1),Adapter_Invoke,,,,/n/{nameSpaceName}/b/{bucketName}/o/,TSGTOBJECTSTORAG_CONN,getRawFiles,
TSGTCMNERPLAUNCH_SERVICE_01.00.0000.iar.yaml,TSGTCMNERPLAUNCH_SERVICE|01.00.0000,TSGTCMNERPLAUNCH_SERVICE,TSGTCmnErpLauncherIbFwk_Service,01.00.0000,InvokeMediatorService(i3),IntegrationAction,TSGTCMNERPMEDIATORIBFWK_SERVICE,01.00.0000,TSGTCmnErpMediatorIbFwk_Service,/transform,PRESEEDED_COLLOCATED_CONN_1741,InvokeMediatorService,
TSGTCMNERPLAUNCH_SERVICE_01.00.0000.iar.yaml,TSGTCMNERPLAUNCH_SERVICE|01.00.0000,TSGTCMNERPLAUNCH_SERVICE,TSGTCmnErpLauncherIbFwk_Service,01.00.0000,UpdateLastRunDetails(i5),Adapter_Invoke,,,,/FWKINBOUNDINTGMETADATA/{id},TSGTRESTVBCSBO_CONN,UpdateLastRunDetails,
TSGTCMNERPLAUNCH_SERVICE_01.00.0000.iar.yaml,TSGTCMNERPLAUNCH_SERVICE|01.00.0000,TSGTCMNERPLAUNCH_SERVICE,TSGTCmnErpLauncherIbFwk_Service,01.00.0000,Updatelogs(i7),IntegrationAction,TSGTCMNUPSERTINS_SERVICE,01.00.0000,TSGTCmnUpsertInstanceTransaction_Service,/UpsertInstanceTransaction,PRESEEDED_COLLOCATED_CONN_1741,Updatelogs,
TSGTCMNERPLAUNCH_SERVICE_01.00.0000.iar.yaml,TSGTCMNERPLAUNCH_SERVICE|01.00.0000,TSGTCMNERPLAUNCH_SERVICE,TSGTCmnErpLauncherIbFwk_Service,01.00.0000,MoveFileToErrorBucketObjectStorage(i4),IntegrationAction,TSGTCMNSRCOBJSTOTGTOBJSMO_SERVIC,01.00.0000,TSGTCmnSrcObjStorageToTgtObjStorageMove_Service,/getFileFromObjectStorage,PRESEEDED_COLLOCATED_CONN_1741,MoveFileToErrorBucketObjectStorage,
TSGTCMNERPLAUNCH_SERVICE_01.00.0000.iar.yaml,TSGTCMNERPLAUNCH_SERVICE|01.00.0000,TSGTCMNERPLAUNCH_SERVICE,TSGTCmnErpLauncherIbFwk_Service,01.00.0000,InvokeErrorNotificationService(i11),IntegrationAction,TSGTCMNNOTIFICAT_SERVICE,01.00.0000,TSGTCmnNotificationFwk_Service,/Notify,PRESEEDED_COLLOCATED_CONN_1741,InvokeErrorNotificationService,
TSGTCMNERPLAUNCH_SERVICE_01.00.0000.iar.yaml,TSGTCMNERPLAUNCH_SERVICE|01.00.0000,TSGTCMNERPLAUNCH_SERVICE,TSGTCmnErpLauncherIbFwk_Service,01.00.0000,InvokeNotificationService(i9),IntegrationAction,UTIL_CMN_NOTIFICATION_SERVICE,01.00.0000,,/notification,PRESEEDED_COLLOCATED_CONN_1741,InvokeNotificationService,
TSGTCMNERPLAUNCH_SERVICE_OB_01.00.0000.iar.yaml,TSGTCMNERPLAUNCH_SERVICE_OB|01.00.0000,TSGTCMNERPLAUNCH_SERVICE_OB,TSGTCmnErpLauncherObFwk_Service,01.00.0000,UpdateTransactionAndInstanceDetail(i15),IntegrationAction,TSGTCMNUPSERTINS_SERVICE,01.00.0000,TSGTCmnUpsertInstanceTransaction_Service,/UpsertInstanceTransaction,PRESEEDED_COLLOCATED_CONN_1741,UpdateTransactionAndInstanceDetail,
TSGTCMNERPLAUNCH_SERVICE_OB_01.00.0000.iar.yaml,TSGTCMNERPLAUNCH_SERVICE_OB|01.00.0000,TSGTCMNERPLAUNCH_SERVICE_OB,TSGTCmnErpLauncherObFwk_Service,01.00.0000,GetInstanceDtls(i21),Adapter_Invoke,,,,/Instances,TSGTRESTVBCSBO_CONN,GetInstanceDtls,
TSGTCMNERPLAUNCH_SERVICE_OB_01.00.0000.iar.yaml,TSGTCMNERPLAUNCH_SERVICE_OB|01.00.0000,TSGTCMNERPLAUNCH_SERVICE_OB,TSGTCmnErpLauncherObFwk_Service,01.00.0000,GetMetadataFromBO(i17),Adapter_Invoke,,,,/FWKOUTBOUNDINTGMETADATA,TSGTRESTVBCSBO_CONN,GetMetadataFromBO,
TSGTCMNERPLAUNCH_SERVICE_OB_01.00.0000.iar.yaml,TSGTCMNERPLAUNCH_SERVICE_OB|01.00.0000,TSGTCMNERPLAUNCH_SERVICE_OB,TSGTCmnErpLauncherObFwk_Service,01.00.0000,GetMetaDatafromBOReq(i7),Adapter_Invoke,,,,/FWKOUTBOUNDINTGMETADATA,TSGTRESTVBCSBO_CONN,GetMetaDatafromBOReq,
TSGTCMNERPLAUNCH_SERVICE_OB_01.00.0000.iar.yaml,TSGTCMNERPLAUNCH_SERVICE_OB|01.00.0000,TSGTCMNERPLAUNCH_SERVICE_OB,TSGTCmnErpLauncherObFwk_Service,01.00.0000,UpdateErrorTransactionAndInstances(i18),IntegrationAction,TSGTCMNUPSERTINS_SERVICE,01.00.0000,TSGTCmnUpsertInstanceTransaction_Service,/UpsertInstanceTransaction,PRESEEDED_COLLOCATED_CONN_1741,UpdateErrorTransactionAndInstances,
TSGTCMNERPLAUNCH_SERVICE_OB_01.00.0000.iar.yaml,TSGTCMNERPLAUNCH_SERVICE_OB|01.00.0000,TSGTCMNERPLAUNCH_SERVICE_OB,TSGTCmnErpLauncherObFwk_Service,01.00.0000,InvokeBulkExport(i14),Adapter_Invoke,,,,,TSGTERPCLOUD_CONN,InvokeBulkExport,
TSGTCMNERPLAUNCH_SERVICE_OB_01.00.0000.iar.yaml,TSGTCMNERPLAUNCH_SERVICE_OB|01.00.0000,TSGTCMNERPLAUNCH_SERVICE_OB,TSGTCmnErpLauncherObFwk_Service,01.00.0000,UpdateTransactionAndInstance(i20),IntegrationAction,TSGTCMNUPSERTINS_SERVICE,01.00.0000,TSGTCmnUpsertInstanceTransaction_Service,/UpsertInstanceTransaction,PRESEEDED_COLLOCATED_CONN_1741,UpdateTransactionAndInstance,
TSGTCMNERPLAUNCH_SERVICE_OB_01.00.0000.iar.yaml,TSGTCMNERPLAUNCH_SERVICE_OB|01.00.0000,TSGTCMNERPLAUNCH_SERVICE_OB,TSGTCmnErpLauncherObFwk_Service,01.00.0000,InvokeNotify(i19),IntegrationAction,TSGTCMNNOTIFICAT_SERVICE,01.00.0000,TSGTCmnNotificationFwk_Service,/Notify,PRESEEDED_COLLOCATED_CONN_1741,InvokeNotify,
TSGTCMNERPLAUNCH_SERVICE_OB_01.00.0000.iar.yaml,TSGTCMNERPLAUNCH_SERVICE_OB|01.00.0000,TSGTCMNERPLAUNCH_SERVICE_OB,TSGTCmnErpLauncherObFwk_Service,01.00.0000,GetInstanceBOCount(i12),Adapter_Invoke,,,,/Logger/{Logger_Id}/action/getInstanceCount,TSGTRESTVBCSBO_CONN,GetInstanceBOCount,
TSGTCMNERPLAUNCH_SERVICE_OB_01.00.0000.iar.yaml,TSGTCMNERPLAUNCH_SERVICE_OB|01.00.0000,TSGTCMNERPLAUNCH_SERVICE_OB,TSGTCmnErpLauncherObFwk_Service,01.00.0000,UpdateTransactionBO(i6),Adapter_Invoke,,,,/Logger/{Logger_Id}/action/updateTransaction,TSGTRESTVBCSBO_CONN,UpdateTransactionBO,
TSGTCMNERPLAUNCH_SERVICE_OB_01.00.0000.iar.yaml,TSGTCMNERPLAUNCH_SERVICE_OB|01.00.0000,TSGTCMNERPLAUNCH_SERVICE_OB,TSGTCmnErpLauncherObFwk_Service,01.00.0000,InvokeCMNNotification(i8),IntegrationAction,UTIL_CMN_NOTIFICATION_SERVICE,01.00.0000,,/notification,PRESEEDED_COLLOCATED_CONN_1741,InvokeCMNNotification,
TSGTCMNERPMEDIATDATAINSER_SERVIC_01.00.0000.iar.yaml,TSGTCMNERPMEDIATDATAINSER_SERVIC|01.00.0000,TSGTCMNERPMEDIATDATAINSER_SERVIC,TSGTCmnErpMediatorDataInsertIbFwk_Service,01.00.0000,DownloadFileFromBucket(i0),Adapter_Invoke,,,,/n/{nameSpaceName}/b/{bucketName}/o/{objectName},TSGTOBJECTSTORAG_CONN,DownloadFileFromBucket,
TSGTCMNERPMEDIATDATAINSER_SERVIC_01.00.0000.iar.yaml,TSGTCMNERPMEDIATDATAINSER_SERVIC|01.00.0000,TSGTCMNERPMEDIATDATAINSER_SERVIC,TSGTCmnErpMediatorDataInsertIbFwk_Service,01.00.0000,InsertDataToStagging(i1),Adapter_Invoke,,,,,TSGTATPCLOUDDB_CONN,InsertDataToStagging,
TSGTCMNERPMEDIATDATAINSER_SERVIC_01.00.0000.iar.yaml,TSGTCMNERPMEDIATDATAINSER_SERVIC|01.00.0000,TSGTCMNERPMEDIATDATAINSER_SERVIC,TSGTCmnErpMediatorDataInsertIbFwk_Service,01.00.0000,InsertDataToStaging(i2),Adapter_Invoke,,,,,TSGTATPCLOUDDB_CONN,InsertDataToStaging,
TSGTCMNERPMEDIATDATAINSER_SERVIC_01.00.0000.iar.yaml,TSGTCMNERPMEDIATDATAINSER_SERVIC|01.00.0000,TSGTCMNERPMEDIATDATAINSER_SERVIC,TSGTCmnErpMediatorDataInsertIbFwk_Service,01.00.0000,UpdateDataInsertStatusToInstance(i3),IntegrationAction,TSGTCMNUPSERTINS_SERVICE,01.00.0000,TSGTCmnUpsertInstanceTransaction_Service,/UpsertInstanceTransaction,PRESEEDED_COLLOCATED_CONN_1741,UpdateDataInsertStatusToInstance,
TSGTCMNERPMEDIATORIBFWK_SERVICE_01.00.0000.iar.yaml,TSGTCMNERPMEDIATORIBFWK_SERVICE|01.00.0000,TSGTCMNERPMEDIATORIBFWK_SERVICE,TSGTCmnErpMediatorIbFwk_Service,01.00.0000,UpdateInitTransactionAndInstanceLog(i2),IntegrationAction,TSGTCMNUPSERTINS_SERVICE,01.00.0000,TSGTCmnUpsertInstanceTransaction_Service,/UpsertInstanceTransaction,PRESEEDED_COLLOCATED_CONN_1741,UpdateInitTransactionAndInstanceLog,
TSGTCMNERPMEDIATORIBFWK_SERVICE_01.00.0000.iar.yaml,TSGTCMNERPMEDIATORIBFWK_SERVICE|01.00.0000,TSGTCMNERPMEDIATORIBFWK_SERVICE,TSGTCmnErpMediatorIbFwk_Service,01.00.0000,GetTransactionDetails(i5),Adapter_Invoke,,,,/TransactionTypes,TSGTRESTVBCSBO_CONN,GetTransactionDetails,
TSGTCMNERPMEDIATORIBFWK_SERVICE_01.00.0000.iar.yaml,TSGTCMNERPMEDIATORIBFWK_SERVICE|01.00.0000,TSGTCMNERPMEDIATORIBFWK_SERVICE,TSGTCmnErpMediatorIbFwk_Service,01.00.0000,GetInstanceDtls(i3),Adapter_Invoke,,,,/Instances,TSGTRESTVBCSBO_CONN,GetInstanceDtls,
TSGTCMNERPMEDIATORIBFWK_SERVICE_01.00.0000.iar.yaml,TSGTCMNERPMEDIATORIBFWK_SERVICE|01.00.0000,TSGTCMNERPMEDIATORIBFWK_SERVICE,TSGTCmnErpMediatorIbFwk_Service,01.00.0000,GetInboundMetadataFromBO(i6),Adapter_Invoke,,,,/FWKINBOUNDINTGMETADATA,TSGTRESTVBCSBO_CONN,GetInboundMetadataFromBO,
TSGTCMNERPMEDIATORIBFWK_SERVICE_01.00.0000.iar.yaml,TSGTCMNERPMEDIATORIBFWK_SERVICE|01.00.0000,TSGTCMNERPMEDIATORIBFWK_SERVICE,TSGTCmnErpMediatorIbFwk_Service,01.00.0000,GetXrefData(i12),Adapter_Invoke,,,,/FWKINBOUNDINTGMETADATA,TSGTRESTVBCSBO_CONN,GetXrefData,
TSGTCMNERPMEDIATORIBFWK_SERVICE_01.00.0000.iar.yaml,TSGTCMNERPMEDIATORIBFWK_SERVICE|01.00.0000,TSGTCMNERPMEDIATORIBFWK_SERVICE,TSGTCmnErpMediatorIbFwk_Service,01.00.0000,InvokeSyncXref(i13),IntegrationAction,TSGTCMNLAUNCHERF_SERVICE,01.00.0000,TSGTCmnLauncherFwk_Service,/invokeLauncher,PRESEEDED_COLLOCATED_CONN_1741,InvokeSyncXref,
TSGTCMNERPMEDIATORIBFWK_SERVICE_01.00.0000.iar.yaml,TSGTCMNERPMEDIATORIBFWK_SERVICE|01.00.0000,TSGTCMNERPMEDIATORIBFWK_SERVICE,TSGTCmnErpMediatorIbFwk_Service,01.00.0000,GetXrefTransStatus(i18),Adapter_Invoke,,,,/Transactions,TSGTRESTVBCSBO_CONN,GetXrefTransStatus,
TSGTCMNERPMEDIATORIBFWK_SERVICE_01.00.0000.iar.yaml,TSGTCMNERPMEDIATORIBFWK_SERVICE|01.00.0000,TSGTCMNERPMEDIATORIBFWK_SERVICE,TSGTCmnErpMediatorIbFwk_Service,01.00.0000,InvokeInsertStaggingService(i8),IntegrationAction,TSGTCMNERPMEDIATDATAINSER_SERVIC,01.00.0000,TSGTCmnErpMediatorDataInsertIbFwk_Service,/insertStage,PRESEEDED_COLLOCATED_CONN_1741,InvokeInsertStaggingService,
TSGTCMNERPMEDIATORIBFWK_SERVICE_01.00.0000.iar.yaml,TSGTCMNERPMEDIATORIBFWK_SERVICE|01.00.0000,TSGTCMNERPMEDIATORIBFWK_SERVICE,TSGTCmnErpMediatorIbFwk_Service,01.00.0000,GetInstanceStatus(i9),Adapter_Invoke,,,,/Instances,TSGTRESTVBCSBO_CONN,GetInstanceStatus,
TSGTCMNERPMEDIATORIBFWK_SERVICE_01.00.0000.iar.yaml,TSGTCMNERPMEDIATORIBFWK_SERVICE|01.00.0000,TSGTCMNERPMEDIATORIBFWK_SERVICE,TSGTCmnErpMediatorIbFwk_Service,01.00.0000,TransformStageToFBDIPrc(i0),Adapter_Invoke,,,,,TSGTATPCLOUDDB_CONN,TransformStageToFBDIPrc,
TSGTCMNERPMEDIATORIBFWK_SERVICE_01.00.0000.iar.yaml,TSGTCMNERPMEDIATORIBFWK_SERVICE|01.00.0000,TSGTCMNERPMEDIATORIBFWK_SERVICE,TSGTCmnErpMediatorIbFwk_Service,01.00.0000,InvokeOrchestratorService(i4),IntegrationAction,TSGTCMNGLERPORCHIBFWK_SERVICE,01.00.0000,,/InputRestOrchCall/,PRESEEDED_COLLOCATED_CONN_1741,InvokeOrchestratorService,
TSGTCMNERPMEDIATORIBFWK_SERVICE_01.00.0000.iar.yaml,TSGTCMNERPMEDIATORIBFWK_SERVICE|01.00.0000,TSGTCMNERPMEDIATORIBFWK_SERVICE,TSGTCmnErpMediatorIbFwk_Service,01.00.0000,GetErrorRecords(i11),Adapter_Invoke,,,,,TSGTATPCLOUDDB_CONN,GetErrorRecords,
TSGTCMNERPMEDIATORIBFWK_SERVICE_01.00.0000.iar.yaml,TSGTCMNERPMEDIATORIBFWK_SERVICE|01.00.0000,TSGTCMNERPMEDIATORIBFWK_SERVICE,TSGTCmnErpMediatorIbFwk_Service,01.00.0000,GetErrorRecordsForAttachment(i15),Adapter_Invoke,,,,,TSGTATPCLOUDDB_CONN,GetErrorRecordsForAttachment,
TSGTCMNERPMEDIATORIBFWK_SERVICE_01.00.0000.iar.yaml,TSGTCMNERPMEDIATORIBFWK_SERVICE|01.00.0000,TSGTCMNERPMEDIATORIBFWK_SERVICE,TSGTCmnErpMediatorIbFwk_Service,01.00.0000,SendEmailNotification(i7),IntegrationAction,TSGTCMNNOTIFICAT_SERVICE,01.00.0000,TSGTCmnNotificationFwk_Service,/Notify,PRESEEDED_COLLOCATED_CONN_1741,SendEmailNotification,
TSGTCMNERPMEDIATORIBFWK_SERVICE_01.00.0000.iar.yaml,TSGTCMNERPMEDIATORIBFWK_SERVICE|01.00.0000,TSGTCMNERPMEDIATORIBFWK_SERVICE,TSGTCmnErpMediatorIbFwk_Service,01.00.0000,InvokeUploadErrorFileToObjectStorage(i16),IntegrationAction,TSGTCMNFILEREFER_SERVICE,01.00.0000,TSGTCmnFileReferencetoObjectStorage_Service,/getFileFromObjectStorage,PRESEEDED_COLLOCATED_CONN_1741,InvokeUploadErrorFileToObjectStorage,
TSGTCMNERPMEDIATORIBFWK_SERVICE_01.00.0000.iar.yaml,TSGTCMNERPMEDIATORIBFWK_SERVICE|01.00.0000,TSGTCMNERPMEDIATORIBFWK_SERVICE,TSGTCmnErpMediatorIbFwk_Service,01.00.0000,UpdateTransactionAndInstanceLog(i1),IntegrationAction,TSGTCMNUPSERTINS_SERVICE,01.00.0000,TSGTCmnUpsertInstanceTransaction_Service,/UpsertInstanceTransaction,PRESEEDED_COLLOCATED_CONN_1741,UpdateTransactionAndInstanceLog,
TSGTCMNERPMEDIATORIBFWK_SERVICE_01.00.0000.iar.yaml,TSGTCMNERPMEDIATORIBFWK_SERVICE|01.00.0000,TSGTCMNERPMEDIATORIBFWK_SERVICE,TSGTCmnErpMediatorIbFwk_Service,01.00.0000,MoveFileToErrorBucket(i10),IntegrationAction,TSGTCMNSRCOBJSTOTGTOBJSMO_SERVIC,01.00.0000,TSGTCmnSrcObjStorageToTgtObjStorageMove_Service,/getFileFromObjectStorage,PRESEEDED_COLLOCATED_CONN_1741,MoveFileToErrorBucket,
TSGTCMNERPMEDIATORIBFWK_SERVICE_01.00.0000.iar.yaml,TSGTCMNERPMEDIATORIBFWK_SERVICE|01.00.0000,TSGTCMNERPMEDIATORIBFWK_SERVICE,TSGTCmnErpMediatorIbFwk_Service,01.00.0000,MoveToArchive(i17),IntegrationAction,TSGTCMNOBJECTSTOSFTPMOVE_SERVICE,01.00.0000,TSGTCmnObjectStorageToSFTPMove_Service,/getFileFromObjectStorage,PRESEEDED_COLLOCATED_CONN_1741,MoveToArchive,
TSGTCMNERPSFTPDISPOBFWK_SERVICE_01.00.0000.iar.yaml,TSGTCMNERPSFTPDISPOBFWK_SERVICE|01.00.0000,TSGTCMNERPSFTPDISPOBFWK_SERVICE,TSGTCmnErpSftpDispatcherObFwk_Service,01.00.0000,UpdateInitLog(i24),IntegrationAction,TSGTCMNUPSERTINS_SERVICE,01.00.0000,TSGTCmnUpsertInstanceTransaction_Service,/UpsertInstanceTransaction,PRESEEDED_COLLOCATED_CONN_1741,UpdateInitLog,
TSGTCMNERPSFTPDISPOBFWK_SERVICE_01.00.0000.iar.yaml,TSGTCMNERPSFTPDISPOBFWK_SERVICE|01.00.0000,TSGTCMNERPSFTPDISPOBFWK_SERVICE,TSGTCmnErpSftpDispatcherObFwk_Service,01.00.0000,GetInstanceDtls(i15),Adapter_Invoke,,,,/Instances,TSGTRESTVBCSBO_CONN,GetInstanceDtls,
TSGTCMNERPSFTPDISPOBFWK_SERVICE_01.00.0000.iar.yaml,TSGTCMNERPSFTPDISPOBFWK_SERVICE|01.00.0000,TSGTCMNERPSFTPDISPOBFWK_SERVICE,TSGTCmnErpSftpDispatcherObFwk_Service,01.00.0000,GetMetadataFromBO(i1),Adapter_Invoke,,,,/FWKOUTBOUNDINTGMETADATA,TSGTRESTVBCSBO_CONN,GetMetadataFromBO,
TSGTCMNERPSFTPDISPOBFWK_SERVICE_01.00.0000.iar.yaml,TSGTCMNERPSFTPDISPOBFWK_SERVICE|01.00.0000,TSGTCMNERPSFTPDISPOBFWK_SERVICE,TSGTCmnErpSftpDispatcherObFwk_Service,01.00.0000,GetAllFiles(i18),Adapter_Invoke,,,,/n/{namespaceName}/b/{bucketName}/o,TSGTRESTVBCSBO_CONN,GetAllFiles,
TSGTCMNERPSFTPDISPOBFWK_SERVICE_01.00.0000.iar.yaml,TSGTCMNERPSFTPDISPOBFWK_SERVICE|01.00.0000,TSGTCMNERPSFTPDISPOBFWK_SERVICE,TSGTCmnErpSftpDispatcherObFwk_Service,01.00.0000,GetInstanceCountBICC(i23),Adapter_Invoke,,,,/Logger/{Logger_Id}/action/getInstanceCount,TSGTRESTVBCSBO_CONN,GetInstanceCountBICC,
TSGTCMNERPSFTPDISPOBFWK_SERVICE_01.00.0000.iar.yaml,TSGTCMNERPSFTPDISPOBFWK_SERVICE|01.00.0000,TSGTCMNERPSFTPDISPOBFWK_SERVICE,TSGTCmnErpSftpDispatcherObFwk_Service,01.00.0000,GetLatestInstance(i27),Adapter_Invoke,,,,/Instances,TSGTRESTVBCSBO_CONN,GetLatestInstance,
TSGTCMNERPSFTPDISPOBFWK_SERVICE_01.00.0000.iar.yaml,TSGTCMNERPSFTPDISPOBFWK_SERVICE|01.00.0000,TSGTCMNERPSFTPDISPOBFWK_SERVICE,TSGTCmnErpSftpDispatcherObFwk_Service,01.00.0000,UploadBICCFilesToSftp(i2),IntegrationAction,TSGTCMNOBJECTSTOSFTPMOVE_SERVICE,01.00.0000,TSGTCmnObjectStorageToSFTPMove_Service,/getFileFromObjectStorage,PRESEEDED_COLLOCATED_CONN_1741,UploadBICCFilesToSftp,
TSGTCMNERPSFTPDISPOBFWK_SERVICE_01.00.0000.iar.yaml,TSGTCMNERPSFTPDISPOBFWK_SERVICE|01.00.0000,TSGTCMNERPSFTPDISPOBFWK_SERVICE,TSGTCmnErpSftpDispatcherObFwk_Service,01.00.0000,UpdateObjectStorageExtractDetails(i25),Adapter_Invoke,,,,/FWKBICCEXTRACTS,TSGTRESTVBCSBO_CONN,UpdateObjectStorageExtractDetails,
TSGTCMNERPSFTPDISPOBFWK_SERVICE_01.00.0000.iar.yaml,TSGTCMNERPSFTPDISPOBFWK_SERVICE|01.00.0000,TSGTCMNERPSFTPDISPOBFWK_SERVICE,TSGTCmnErpSftpDispatcherObFwk_Service,01.00.0000,GetTransactionDetails(i0),Adapter_Invoke,,,,/Transactions,TSGTRESTVBCSBO_CONN,GetTransactionDetails,
TSGTCMNERPSFTPDISPOBFWK_SERVICE_01.00.0000.iar.yaml,TSGTCMNERPSFTPDISPOBFWK_SERVICE|01.00.0000,TSGTCMNERPSFTPDISPOBFWK_SERVICE,TSGTCmnErpSftpDispatcherObFwk_Service,01.00.0000,GetInstanceCount(i3),Adapter_Invoke,,,,/Logger/{Logger_Id}/action/getInstanceCount,TSGTRESTVBCSBO_CONN,GetInstanceCount,
TSGTCMNERPSFTPDISPOBFWK_SERVICE_01.00.0000.iar.yaml,TSGTCMNERPSFTPDISPOBFWK_SERVICE|01.00.0000,TSGTCMNERPSFTPDISPOBFWK_SERVICE,TSGTCmnErpSftpDispatcherObFwk_Service,01.00.0000,ExtractFileFromArchiveAndUploadToSftp(i28),IntegrationAction,TSGTCMNOBJECTSTOSFTPMOVE_SERVICE,01.00.0000,TSGTCmnObjectStorageToSFTPMove_Service,/getFileFromObjectStorage,PRESEEDED_COLLOCATED_CONN_1741,ExtractFileFromArchiveAndUploadToSftp,
TSGTCMNERPSFTPDISPOBFWK_SERVICE_01.00.0000.iar.yaml,TSGTCMNERPSFTPDISPOBFWK_SERVICE|01.00.0000,TSGTCMNERPSFTPDISPOBFWK_SERVICE,TSGTCmnErpSftpDispatcherObFwk_Service,01.00.0000,GetLastRundatetime(i5),Adapter_Invoke,,,,,TSGTSOAPERPBIP_CONN,GetLastRundatetime,
TSGTCMNERPSFTPDISPOBFWK_SERVICE_01.00.0000.iar.yaml,TSGTCMNERPSFTPDISPOBFWK_SERVICE|01.00.0000,TSGTCMNERPSFTPDISPOBFWK_SERVICE,TSGTCmnErpSftpDispatcherObFwk_Service,01.00.0000,UpdateLastRunDate(i26),Adapter_Invoke,,,,/FWKOUTBOUNDINTGMETADATA/{Id},TSGTRESTVBCSBO_CONN,UpdateLastRunDate,
TSGTCMNERPSFTPDISPOBFWK_SERVICE_01.00.0000.iar.yaml,TSGTCMNERPSFTPDISPOBFWK_SERVICE|01.00.0000,TSGTCMNERPSFTPDISPOBFWK_SERVICE,TSGTCmnErpSftpDispatcherObFwk_Service,01.00.0000,GetInstanceDetails(i6),Adapter_Invoke,,,,/Instances,TSGTRESTVBCSBO_CONN,GetInstanceDetails,
TSGTCMNERPSFTPDISPOBFWK_SERVICE_01.00.0000.iar.yaml,TSGTCMNERPSFTPDISPOBFWK_SERVICE|01.00.0000,TSGTCMNERPSFTPDISPOBFWK_SERVICE,TSGTCmnErpSftpDispatcherObFwk_Service,01.00.0000,UpdateInstanceBOStatus(i22),IntegrationAction,TSGTCMNUPSERTINS_SERVICE,01.00.0000,TSGTCmnUpsertInstanceTransaction_Service,/UpsertInstanceTransaction,PRESEEDED_COLLOCATED_CONN_1741,UpdateInstanceBOStatus,
TSGTCMNERPSFTPDISPOBFWK_SERVICE_01.00.0000.iar.yaml,TSGTCMNERPSFTPDISPOBFWK_SERVICE|01.00.0000,TSGTCMNERPSFTPDISPOBFWK_SERVICE,TSGTCmnErpSftpDispatcherObFwk_Service,01.00.0000,GetInstanceDetailsForReprocess(i8),Adapter_Invoke,,,,/Instances,TSGTRESTVBCSBO_CONN,GetInstanceDetailsForReprocess,
TSGTCMNERPSFTPDISPOBFWK_SERVICE_01.00.0000.iar.yaml,TSGTCMNERPSFTPDISPOBFWK_SERVICE|01.00.0000,TSGTCMNERPSFTPDISPOBFWK_SERVICE,TSGTCmnErpSftpDispatcherObFwk_Service,01.00.0000,UpdInstanceBOStatus(i7),IntegrationAction,TSGTCMNUPSERTINS_SERVICE,01.00.0000,TSGTCmnUpsertInstanceTransaction_Service,/UpsertInstanceTransaction,PRESEEDED_COLLOCATED_CONN_1741,UpdInstanceBOStatus,
TSGTCMNERPSFTPDISPOBFWK_SERVICE_01.00.0000.iar.yaml,TSGTCMNERPSFTPDISPOBFWK_SERVICE|01.00.0000,TSGTCMNERPSFTPDISPOBFWK_SERVICE,TSGTCmnErpSftpDispatcherObFwk_Service,01.00.0000,UpdateTransAndInstanceForCallback(i29),IntegrationAction,TSGTCMNUPSERTINS_SERVICE,01.00.0000,TSGTCmnUpsertInstanceTransaction_Service,/UpsertInstanceTransaction,PRESEEDED_COLLOCATED_CONN_1741,UpdateTransAndInstanceForCallback,
TSGTCMNERPSFTPDISPOBFWK_SERVICE_01.00.0000.iar.yaml,TSGTCMNERPSFTPDISPOBFWK_SERVICE|01.00.0000,TSGTCMNERPSFTPDISPOBFWK_SERVICE,TSGTCmnErpSftpDispatcherObFwk_Service,01.00.0000,Notification(i4),IntegrationAction,TSGTCMNNOTIFICAT_SERVICE,01.00.0000,TSGTCmnNotificationFwk_Service,/Notify,PRESEEDED_COLLOCATED_CONN_1741,Notification,
TSGTCMNERPSFTPDISPOBFWK_SERVICE_01.00.0000.iar.yaml,TSGTCMNERPSFTPDISPOBFWK_SERVICE|01.00.0000,TSGTCMNERPSFTPDISPOBFWK_SERVICE,TSGTCmnErpSftpDispatcherObFwk_Service,01.00.0000,GetTransactionId(i9),Adapter_Invoke,,,,/Instances,TSGTRESTVBCSBO_CONN,GetTransactionId,
TSGTCMNERPSFTPDISPOBFWK_SERVICE_01.00.0000.iar.yaml,TSGTCMNERPSFTPDISPOBFWK_SERVICE|01.00.0000,TSGTCMNERPSFTPDISPOBFWK_SERVICE,TSGTCmnErpSftpDispatcherObFwk_Service,01.00.0000,getInstanceCountBO(i10),Adapter_Invoke,,,,/Logger/{Logger_Id}/action/getInstanceCount,TSGTRESTVBCSBO_CONN,getInstanceCountBO,
TSGTCMNERPSFTPDISPOBFWK_SERVICE_01.00.0000.iar.yaml,TSGTCMNERPSFTPDISPOBFWK_SERVICE|01.00.0000,TSGTCMNERPSFTPDISPOBFWK_SERVICE,TSGTCmnErpSftpDispatcherObFwk_Service,01.00.0000,UpdateTransactionBO(i11),Adapter_Invoke,,,,/Logger/{Logger_Id}/action/updateTransaction,TSGTRESTVBCSBO_CONN,UpdateTransactionBO,
TSGTCMNERPSFTPDISPOBFWK_SERVICE_01.00.0000.iar.yaml,TSGTCMNERPSFTPDISPOBFWK_SERVICE|01.00.0000,TSGTCMNERPSFTPDISPOBFWK_SERVICE,TSGTCmnErpSftpDispatcherObFwk_Service,01.00.0000,UpdateLog_BO(i12),Adapter_Invoke,,,,/Logger/{Logger_Id}/action/updateLog,TSGTRESTVBCSBO_CONN,UpdateLog_BO,
TSGTCMNERPSFTPDISPOBFWK_SERVICE_01.00.0000.iar.yaml,TSGTCMNERPSFTPDISPOBFWK_SERVICE|01.00.0000,TSGTCMNERPSFTPDISPOBFWK_SERVICE,TSGTCmnErpSftpDispatcherObFwk_Service,01.00.0000,getTransaction_ID(i13),Adapter_Invoke,,,,/Transactions,TSGTRESTVBCSBO_CONN,getTransaction_ID,
TSGTCMNERPSFTPDISPOBFWK_SERVICE_01.00.0000.iar.yaml,TSGTCMNERPSFTPDISPOBFWK_SERVICE|01.00.0000,TSGTCMNERPSFTPDISPOBFWK_SERVICE,TSGTCmnErpSftpDispatcherObFwk_Service,01.00.0000,invokeErrNotification(i14),IntegrationAction,CIF_UTIL_CMN_NOTIFI_SERVIC,01.00.0001,,/notification,PRESEEDED_COLLOCATED_CONN_1741,invokeErrNotification,
TSGTCMNFILEREFER_SERVICE_01.00.0000.iar.yaml,TSGTCMNFILEREFER_SERVICE|01.00.0000,TSGTCMNFILEREFER_SERVICE,TSGTCmnFileReferencetoObjectStorage_Service,01.00.0000,MoveFileToBucket(i0),Adapter_Invoke,,,,/n/{namespaceName}/b/{bucketName}/o/{objectName},TSGTOBJECTSTORAG_CONN,MoveFileToBucket,
TSGTCMNGETESSLOGINTG_SERVICE_01.00.0000.iar.yaml,TSGTCMNGETESSLOGINTG_SERVICE|01.00.0000,TSGTCMNGETESSLOGINTG_SERVICE,TSGTCmnGetEssLogIntg_Service,01.00.0000,GetMetadataFromBO(i3),Adapter_Invoke,,,,/FWKOUTBOUNDINTGMETADATA,TSGTRESTVBCSBO_CONN,GetMetadataFromBO,
TSGTCMNGETESSLOGINTG_SERVICE_01.00.0000.iar.yaml,TSGTCMNGETESSLOGINTG_SERVICE|01.00.0000,TSGTCMNGETESSLOGINTG_SERVICE,TSGTCmnGetEssLogIntg_Service,01.00.0000,InvokeESSLogOutputService(i0),IntegrationAction,TSGTCMNGETESSLOGOUT_SERVICE,01.00.0000,TSGTCmnGetEssLogOutput_Service,/getDocumentforESSJobId,PRESEEDED_COLLOCATED_CONN_1741,InvokeESSLogOutputService,
TSGTCMNGETESSLOGINTG_SERVICE_01.00.0000.iar.yaml,TSGTCMNGETESSLOGINTG_SERVICE|01.00.0000,TSGTCMNGETESSLOGINTG_SERVICE,TSGTCmnGetEssLogIntg_Service,01.00.0000,SendNotification(i1),IntegrationAction,TSGTCMNNOTIFICAT_SERVICE,01.00.0000,TSGTCmnNotificationFwk_Service,/Notify,PRESEEDED_COLLOCATED_CONN_1741,SendNotification,
TSGTCMNGETESSLOGOUT_SERVICE_01.00.0000.iar.yaml,TSGTCMNGETESSLOGOUT_SERVICE|01.00.0000,TSGTCMNGETESSLOGOUT_SERVICE,TSGTCmnGetEssLogOutput_Service,01.00.0000,GetEssJobInstanceId(i2),Adapter_Invoke,,,,,TSGTSOAPERPBIP_CONN,GetEssJobInstanceId,
TSGTCMNGETESSLOGOUT_SERVICE_01.00.0000.iar.yaml,TSGTCMNGETESSLOGOUT_SERVICE|01.00.0000,TSGTCMNGETESSLOGOUT_SERVICE,TSGTCmnGetEssLogOutput_Service,01.00.0000,GetESSJobName(i0),Adapter_Invoke,,,,,TSGTERPCLOUD_CONN,GetESSJobName,
TSGTCMNGETESSLOGOUT_SERVICE_01.00.0000.iar.yaml,TSGTCMNGETESSLOGOUT_SERVICE|01.00.0000,TSGTCMNGETESSLOGOUT_SERVICE,TSGTCmnGetEssLogOutput_Service,01.00.0000,DownloadESSJobDetails(i1),Adapter_Invoke,,,,,TSGTERPCLOUD_CONN,DownloadESSJobDetails,
TSGTCMNGETESSLOGOUT_SERVICE_01.00.0000.iar.yaml,TSGTCMNGETESSLOGOUT_SERVICE|01.00.0000,TSGTCMNGETESSLOGOUT_SERVICE,TSGTCmnGetEssLogOutput_Service,01.00.0000,GetJobOutputId(i3),Adapter_Invoke,,,,,TSGTSOAPSCHEDSER_CONN,GetJobOutputId,
TSGTCMNGETESSLOGOUT_SERVICE_01.00.0000.iar.yaml,TSGTCMNGETESSLOGOUT_SERVICE|01.00.0000,TSGTCMNGETESSLOGOUT_SERVICE,TSGTCmnGetEssLogOutput_Service,01.00.0000,GetDocumentData(i4),Adapter_Invoke,,,,,TSGTSOAPSCHEDSER_CONN,GetDocumentData,
TSGTCMNGETESSLOGOUT_SERVICE_01.00.0000.iar.yaml,TSGTCMNGETESSLOGOUT_SERVICE|01.00.0000,TSGTCMNGETESSLOGOUT_SERVICE,TSGTCmnGetEssLogOutput_Service,01.00.0000,SendNotification(i6),IntegrationAction,TSGTCMNNOTIFICAT_SERVICE,01.00.0000,TSGTCmnNotificationFwk_Service,/Notify,PRESEEDED_COLLOCATED_CONN_1741,SendNotification,
TSGTCMNHCMDISPAT_SERVICE_02.01.0001.iar.yaml,TSGTCMNHCMDISPAT_SERVICE|02.01.0001,TSGTCMNHCMDISPAT_SERVICE,TSGTCmnHcmDispatcher_Service,02.01.0001,getOutboundMetadata(i0),Adapter_Invoke,,,,/FWKOUTBOUNDINTGMETADATA,TSGTRESTVBCSBO_CONN,getOutboundMetadata,
TSGTCMNHCMDISPAT_SERVICE_02.01.0001.iar.yaml,TSGTCMNHCMDISPAT_SERVICE|02.01.0001,TSGTCMNHCMDISPAT_SERVICE,TSGTCmnHcmDispatcher_Service,02.01.0001,getInstanceDetails(i1),Adapter_Invoke,,,,/Instances,TSGTRESTVBCSBO_CONN,getInstanceDetails,
TSGTCMNHCMDISPAT_SERVICE_02.01.0001.iar.yaml,TSGTCMNHCMDISPAT_SERVICE|02.01.0001,TSGTCMNHCMDISPAT_SERVICE,TSGTCmnHcmDispatcher_Service,02.01.0001,DownloadFile(i3),Adapter_Invoke,,,,,TSGTFTP_CONN,DownloadFile,
TSGTCMNHCMDISPAT_SERVICE_02.01.0001.iar.yaml,TSGTCMNHCMDISPAT_SERVICE|02.01.0001,TSGTCMNHCMDISPAT_SERVICE,TSGTCmnHcmDispatcher_Service,02.01.0001,downloadExtractFile(i9),Adapter_Invoke,,,,,TSGTFTP_CONN,downloadExtractFile,
TSGTCMNHCMDISPAT_SERVICE_02.01.0001.iar.yaml,TSGTCMNHCMDISPAT_SERVICE|02.01.0001,TSGTCMNHCMDISPAT_SERVICE,TSGTCmnHcmDispatcher_Service,02.01.0001,uploadFileToObjectStr(i8),Adapter_Invoke,,,,/n/{nameSpaceName}/b/{bucketName}/o/{objectName},TSGTOBJECTSTORAG_CONN,uploadFileToObjectStr,
TSGTCMNHCMDISPAT_SERVICE_02.01.0001.iar.yaml,TSGTCMNHCMDISPAT_SERVICE|02.01.0001,TSGTCMNHCMDISPAT_SERVICE,TSGTCmnHcmDispatcher_Service,02.01.0001,updateInstanceStatus(i2),Adapter_Invoke,,,,/Instances/{Instance_Id},TSGTRESTVBCSBO_CONN,updateInstanceStatus,
TSGTCMNHCMDISPAT_SERVICE_02.01.0001.iar.yaml,TSGTCMNHCMDISPAT_SERVICE|02.01.0001,TSGTCMNHCMDISPAT_SERVICE,TSGTCmnHcmDispatcher_Service,02.01.0001,WriteFileToVspSFTP(i10),Adapter_Invoke,,,,,TSGTVSPFTP_CONN,WriteFileToVspSFTP,
TSGTCMNHCMDISPAT_SERVICE_02.01.0001.iar.yaml,TSGTCMNHCMDISPAT_SERVICE|02.01.0001,TSGTCMNHCMDISPAT_SERVICE,TSGTCmnHcmDispatcher_Service,02.01.0001,WriteFileToEpmFTP(i11),Adapter_Invoke,,,,,TSGTFTP_CONN,WriteFileToEpmFTP,
TSGTCMNHCMDISPAT_SERVICE_02.01.0001.iar.yaml,TSGTCMNHCMDISPAT_SERVICE|02.01.0001,TSGTCMNHCMDISPAT_SERVICE,TSGTCmnHcmDispatcher_Service,02.01.0001,invokeSnapService(i16),IntegrationAction,TSGTHCMOTLSNAP_SERVICE,01.00.0000,TSGTHcmOTLSnap_Service,/CallSnapService,PRESEEDED_COLLOCATED_CONN_1741,invokeSnapService,
TSGTCMNHCMDISPAT_SERVICE_02.01.0001.iar.yaml,TSGTCMNHCMDISPAT_SERVICE|02.01.0001,TSGTCMNHCMDISPAT_SERVICE,TSGTCmnHcmDispatcher_Service,02.01.0001,WriteFileTOHSA(i18),Adapter_Invoke,,,,,TSGTHSAFTP_CONN,WriteFileTOHSA,
TSGTCMNHCMDISPAT_SERVICE_02.01.0001.iar.yaml,TSGTCMNHCMDISPAT_SERVICE|02.01.0001,TSGTCMNHCMDISPAT_SERVICE,TSGTCmnHcmDispatcher_Service,02.01.0001,WriteFileToKaiseFTP(i19),Adapter_Invoke,,,,,TSGTKAISERFTP_CONN,WriteFileToKaiseFTP,
TSGTCMNHCMDISPAT_SERVICE_02.01.0001.iar.yaml,TSGTCMNHCMDISPAT_SERVICE|02.01.0001,TSGTCMNHCMDISPAT_SERVICE,TSGTCmnHcmDispatcher_Service,02.01.0001,WriteFileToDeltaDentalFTp(i20),Adapter_Invoke,,,,,TSGTDELTADENTALF_CONN,WriteFileToDeltaDentalFTp,
TSGTCMNHCMDISPAT_SERVICE_02.01.0001.iar.yaml,TSGTCMNHCMDISPAT_SERVICE|02.01.0001,TSGTCMNHCMDISPAT_SERVICE,TSGTCmnHcmDispatcher_Service,02.01.0001,DeleteFileAtTarget(i17),IntegrationAction,TSGT_DELET_FILE_FROM_OIC_SFTP,01.00.0000,TSGT Delete File from OIC SFTP,/sailpoint,PRESEEDED_COLLOCATED_CONN_1741,DeleteFileAtTarget,
TSGTCMNHCMDISPAT_SERVICE_02.01.0001.iar.yaml,TSGTCMNHCMDISPAT_SERVICE|02.01.0001,TSGTCMNHCMDISPAT_SERVICE,TSGTCmnHcmDispatcher_Service,02.01.0001,MovetoTargetFolder(i23),Adapter_Invoke,,,,,TSGTFTP_CONN,MovetoTargetFolder,
TSGTCMNHCMDISPAT_SERVICE_02.01.0001.iar.yaml,TSGTCMNHCMDISPAT_SERVICE|02.01.0001,TSGTCMNHCMDISPAT_SERVICE,TSGTCmnHcmDispatcher_Service,02.01.0001,DeleteFileFromArchive(i21),IntegrationAction,TSGT_DELET_FILE_FROM_OIC_SFTP,01.00.0000,TSGT Delete File from OIC SFTP,/sailpoint,PRESEEDED_COLLOCATED_CONN_1741,DeleteFileFromArchive,
TSGTCMNHCMDISPAT_SERVICE_02.01.0001.iar.yaml,TSGTCMNHCMDISPAT_SERVICE|02.01.0001,TSGTCMNHCMDISPAT_SERVICE,TSGTCmnHcmDispatcher_Service,02.01.0001,WriteFileToArchive_4Extract(i22),Adapter_Invoke,,,,,TSGTFTP_CONN,WriteFileToArchive_4Extract,
TSGTCMNHCMDISPAT_SERVICE_02.01.0001.iar.yaml,TSGTCMNHCMDISPAT_SERVICE|02.01.0001,TSGTCMNHCMDISPAT_SERVICE,TSGTCmnHcmDispatcher_Service,02.01.0001,writeFileToCobraTP(i24),Adapter_Invoke,,,,,TSGTCOBRAFTP_CONN,writeFileToCobraTP,
TSGTCMNHCMDISPAT_SERVICE_02.01.0001.iar.yaml,TSGTCMNHCMDISPAT_SERVICE|02.01.0001,TSGTCMNHCMDISPAT_SERVICE,TSGTCmnHcmDispatcher_Service,02.01.0001,DeleteFileFromSource(i6),Adapter_Invoke,,,,,TSGTFTP_CONN,DeleteFileFromSource,
TSGTCMNHCMDISPAT_SERVICE_02.01.0001.iar.yaml,TSGTCMNHCMDISPAT_SERVICE|02.01.0001,TSGTCMNHCMDISPAT_SERVICE,TSGTCmnHcmDispatcher_Service,02.01.0001,updateTransactionStatus(i5),Adapter_Invoke,,,,/Logger/{Logger_Id}/action/updateTransaction,TSGTRESTVBCSBO_CONN,updateTransactionStatus,
TSGTCMNHCMDISPAT_SERVICE_02.01.0001.iar.yaml,TSGTCMNHCMDISPAT_SERVICE|02.01.0001,TSGTCMNHCMDISPAT_SERVICE,TSGTCmnHcmDispatcher_Service,02.01.0001,updateLastRunDate(i7),Adapter_Invoke,,,,/FWKOUTBOUNDINTGMETADATA/{Id},TSGTRESTVBCSBO_CONN,updateLastRunDate,
TSGTCMNHCMDISPAT_SERVICE_02.01.0001.iar.yaml,TSGTCMNHCMDISPAT_SERVICE|02.01.0001,TSGTCMNHCMDISPAT_SERVICE,TSGTCmnHcmDispatcher_Service,02.01.0001,SuccessNotification(i4),IntegrationAction,TSGTCMNHCMNOTIFI_SERVICE,01.00.0000,TSGTCmnHcmNotification_Service,/notification,PRESEEDED_COLLOCATED_CONN_1741,SuccessNotification,
TSGTCMNHCMDISPAT_SERVICE_02.01.0001.iar.yaml,TSGTCMNHCMDISPAT_SERVICE|02.01.0001,TSGTCMNHCMDISPAT_SERVICE,TSGTCmnHcmDispatcher_Service,02.01.0001,UpdateTransaction_ERROR(i12),Adapter_Invoke,,,,/Logger/{Logger_Id}/action/updateTransaction,TSGTRESTVBCSBO_CONN,UpdateTransaction_ERROR,
TSGTCMNHCMDISPAT_SERVICE_02.01.0001.iar.yaml,TSGTCMNHCMDISPAT_SERVICE|02.01.0001,TSGTCMNHCMDISPAT_SERVICE,TSGTCmnHcmDispatcher_Service,02.01.0001,GetAllinstances(i14),Adapter_Invoke,,,,/instances,TSGTRESTVBCSBO_CONN,GetAllinstances,
TSGTCMNHCMDISPAT_SERVICE_02.01.0001.iar.yaml,TSGTCMNHCMDISPAT_SERVICE|02.01.0001,TSGTCMNHCMDISPAT_SERVICE,TSGTCmnHcmDispatcher_Service,02.01.0001,UpdateInstanceLog(i15),Adapter_Invoke,,,,/instances/{instances_id},TSGTRESTVBCSBO_CONN,UpdateInstanceLog,
TSGTCMNHCMDISPAT_SERVICE_02.01.0001.iar.yaml,TSGTCMNHCMDISPAT_SERVICE|02.01.0001,TSGTCMNHCMDISPAT_SERVICE,TSGTCmnHcmDispatcher_Service,02.01.0001,EmailNotification(i25),IntegrationAction,TSGTCMNHCMNOTIFI_SERVICE,01.01.0000,TSGTCmnHcmNotification_Service,/notification,PRESEEDED_COLLOCATED_CONN_1741,EmailNotification,
TSGTCMNHCMEXTRAC_SERVICE_01.00.0000.iar.yaml,TSGTCMNHCMEXTRAC_SERVICE|01.00.0000,TSGTCMNHCMEXTRAC_SERVICE,TSGTCmnHcmExtractProcess_Service,01.00.0000,GetOutboundIntegrationMetadata(i8),Adapter_Invoke,,,,/FWKOUTBOUNDINTGMETADATA,TSGTRESTVBCSBO_CONN,GetOutboundIntegrationMetadata,
TSGTCMNHCMEXTRAC_SERVICE_01.00.0000.iar.yaml,TSGTCMNHCMEXTRAC_SERVICE|01.00.0000,TSGTCMNHCMEXTRAC_SERVICE,TSGTCmnHcmExtractProcess_Service,01.00.0000,GetInstanceId(i3),Adapter_Invoke,,,,/na,TSGTRESTVBCSBO_CONN,GetInstanceId,
TSGTCMNHCMEXTRAC_SERVICE_01.00.0000.iar.yaml,TSGTCMNHCMEXTRAC_SERVICE|01.00.0000,TSGTCMNHCMEXTRAC_SERVICE,TSGTCmnHcmExtractProcess_Service,01.00.0000,UpdateLog(i4),Adapter_Invoke,,,,/Logger/{Logger_Id}/action/updateLog,TSGTRESTVBCSBO_CONN,UpdateLog,
TSGTCMNHCMEXTRAC_SERVICE_01.00.0000.iar.yaml,TSGTCMNHCMEXTRAC_SERVICE|01.00.0000,TSGTCMNHCMEXTRAC_SERVICE,TSGTCmnHcmExtractProcess_Service,01.00.0000,UpdateTransactionStatus(i5),Adapter_Invoke,,,,/Logger/{Logger_Id}/action/updateTransaction,TSGTRESTVBCSBO_CONN,UpdateTransactionStatus,
TSGTCMNHCMEXTRAC_SERVICE_01.00.0000.iar.yaml,TSGTCMNHCMEXTRAC_SERVICE|01.00.0000,TSGTCMNHCMEXTRAC_SERVICE,TSGTCmnHcmExtractProcess_Service,01.00.0000,InvokeHCMExtract(i0),Adapter_Invoke,,,,,TSGTADAPTERHCM_CONN,InvokeHCMExtract,
TSGTCMNHCMEXTRAC_SERVICE_01.00.0000.iar.yaml,TSGTCMNHCMEXTRAC_SERVICE|01.00.0000,TSGTCMNHCMEXTRAC_SERVICE,TSGTCmnHcmExtractProcess_Service,01.00.0000,GetHCMExtractStatus(i1),Adapter_Invoke,,,,,TSGTADAPTERHCM_CONN,GetHCMExtractStatus,
TSGTCMNHCMEXTRAC_SERVICE_01.00.0000.iar.yaml,TSGTCMNHCMEXTRAC_SERVICE|01.00.0000,TSGTCMNHCMEXTRAC_SERVICE,TSGTCmnHcmExtractProcess_Service,01.00.0000,UpdateTransactionRecord(i6),Adapter_Invoke,,,,/Logger/{Logger_Id}/action/updateTransaction,TSGTRESTVBCSBO_CONN,UpdateTransactionRecord,
TSGTCMNHCMEXTRAC_SERVICE_01.00.0000.iar.yaml,TSGTCMNHCMEXTRAC_SERVICE|01.00.0000,TSGTCMNHCMEXTRAC_SERVICE,TSGTCmnHcmExtractProcess_Service,01.00.0000,GetExtractFileDetails(i2),Adapter_Invoke,,,,,TSGTSOAPHCMBIP_CONN,GetExtractFileDetails,
TSGTCMNHCMEXTRAC_SERVICE_01.00.0000.iar.yaml,TSGTCMNHCMEXTRAC_SERVICE|01.00.0000,TSGTCMNHCMEXTRAC_SERVICE,TSGTCmnHcmExtractProcess_Service,01.00.0000,GetInstancesCount(i9),Adapter_Invoke,,,,/Logger/{Logger_Id}/action/getInstanceCount,TSGTRESTVBCSBO_CONN,GetInstancesCount,
TSGTCMNHCMEXTRAC_SERVICE_01.00.0000.iar.yaml,TSGTCMNHCMEXTRAC_SERVICE|01.00.0000,TSGTCMNHCMEXTRAC_SERVICE,TSGTCmnHcmExtractProcess_Service,01.00.0000,GetInstanceDetails(i15),Adapter_Invoke,,,,/Instances/{Instances_Id},TSGTRESTVBCSBO_CONN,GetInstanceDetails,
TSGTCMNHCMEXTRAC_SERVICE_01.00.0000.iar.yaml,TSGTCMNHCMEXTRAC_SERVICE|01.00.0000,TSGTCMNHCMEXTRAC_SERVICE,TSGTCmnHcmExtractProcess_Service,01.00.0000,UpdateLogTable(i7),Adapter_Invoke,,,,/Logger/{Logger_Id}/action/updateLog,TSGTRESTVBCSBO_CONN,UpdateLogTable,
TSGTCMNHCMEXTRAC_SERVICE_01.00.0000.iar.yaml,TSGTCMNHCMEXTRAC_SERVICE|01.00.0000,TSGTCMNHCMEXTRAC_SERVICE,TSGTCmnHcmExtractProcess_Service,01.00.0000,InsertNewInstance(i16),Adapter_Invoke,,,,/Logger/{Logger_Id}/action/insertInstanceLog,TSGTRESTVBCSBO_CONN,InsertNewInstance,
TSGTCMNHCMEXTRAC_SERVICE_01.00.0000.iar.yaml,TSGTCMNHCMEXTRAC_SERVICE|01.00.0000,TSGTCMNHCMEXTRAC_SERVICE,TSGTCmnHcmExtractProcess_Service,01.00.0000,InsertNewInstanceBO(i17),Adapter_Invoke,,,,/Logger/{Logger_Id}/action/insertInstanceLog,TSGTRESTVBCSBO_CONN,InsertNewInstanceBO,
TSGTCMNHCMEXTRAC_SERVICE_01.00.0000.iar.yaml,TSGTCMNHCMEXTRAC_SERVICE|01.00.0000,TSGTCMNHCMEXTRAC_SERVICE,TSGTCmnHcmExtractProcess_Service,01.00.0000,invokeDispatcherService(i10),IntegrationAction,TSGTCMNHCMDISPAT_SERVICE,01.00.0000,TSGTCmnHcmDispatcher_Service,/hcmOutboundLauncher,PRESEEDED_COLLOCATED_CONN_1741,invokeDispatcherService,
TSGTCMNHCMEXTRAC_SERVICE_01.00.0000.iar.yaml,TSGTCMNHCMEXTRAC_SERVICE|01.00.0000,TSGTCMNHCMEXTRAC_SERVICE,TSGTCmnHcmExtractProcess_Service,01.00.0000,UpdateTransactionError1(i19),Adapter_Invoke,,,,/Logger/{Logger_Id}/action/updateTransaction,TSGTRESTVBCSBO_CONN,UpdateTransactionError1,
TSGTCMNHCMEXTRAC_SERVICE_01.00.0000.iar.yaml,TSGTCMNHCMEXTRAC_SERVICE|01.00.0000,TSGTCMNHCMEXTRAC_SERVICE,TSGTCmnHcmExtractProcess_Service,01.00.0000,GetTransactionInstances(i25),Adapter_Invoke,,,,/Instances,TSGTRESTVBCSBO_CONN,GetTransactionInstances,
TSGTCMNHCMEXTRAC_SERVICE_01.00.0000.iar.yaml,TSGTCMNHCMEXTRAC_SERVICE|01.00.0000,TSGTCMNHCMEXTRAC_SERVICE,TSGTCmnHcmExtractProcess_Service,01.00.0000,UpdateInstanceFault(i20),Adapter_Invoke,,,,/Instances/{Instances_Id},TSGTRESTVBCSBO_CONN,UpdateInstanceFault,
TSGTCMNHCMEXTRAC_SERVICE_01.00.0000.iar.yaml,TSGTCMNHCMEXTRAC_SERVICE|01.00.0000,TSGTCMNHCMEXTRAC_SERVICE,TSGTCmnHcmExtractProcess_Service,01.00.0000,NotifyError(i21),RESTToOIC,TSGTCMNHCMNOTIFI_SERVICE,1.0,TSGTCmnHcmNotification_Service,/api/integration/v1/flows/rest/TSGTCMNHCMNOTIFI_SERVICE/1.0/notification,TSGTRESTOICINVOK_CONN,NotifyError,
TSGTCMNHCMEXTRAC_SERVICE_01.00.0000.iar.yaml,TSGTCMNHCMEXTRAC_SERVICE|01.00.0000,TSGTCMNHCMEXTRAC_SERVICE,TSGTCmnHcmExtractProcess_Service,01.00.0000,UpdateTransactionFileName(i14),Adapter_Invoke,,,,/Logger/{Logger_Id}/action/updateTransaction,TSGTRESTVBCSBO_CONN,UpdateTransactionFileName,
TSGTCMNHCMEXTRAC_SERVICE_01.00.0000.iar.yaml,TSGTCMNHCMEXTRAC_SERVICE|01.00.0000,TSGTCMNHCMEXTRAC_SERVICE,TSGTCmnHcmExtractProcess_Service,01.00.0000,UpdateTransactionError2(i22),Adapter_Invoke,,,,/Logger/{Logger_Id}/action/updateTransaction,TSGTRESTVBCSBO_CONN,UpdateTransactionError2,
TSGTCMNHCMEXTRAC_SERVICE_01.00.0000.iar.yaml,TSGTCMNHCMEXTRAC_SERVICE|01.00.0000,TSGTCMNHCMEXTRAC_SERVICE,TSGTCmnHcmExtractProcess_Service,01.00.0000,InvokeErrNtf(i13),RESTToOIC,TSGTCMNHCMNOTIFI_SERVICE,1.0,TSGTCmnHcmNotification_Service,/api/integration/v1/flows/rest/TSGTCMNHCMNOTIFI_SERVICE/1.0/notification,TSGTRESTOICINVOK_CONN,InvokeErrNtf,
TSGTCMNHCMEXTRAC_SERVICE_01.00.0000.iar.yaml,TSGTCMNHCMEXTRAC_SERVICE|01.00.0000,TSGTCMNHCMEXTRAC_SERVICE,TSGTCmnHcmExtractProcess_Service,01.00.0000,UpdateTransactionError(i11),Adapter_Invoke,,,,/Logger/{Logger_Id}/action/updateTransaction,TSGTRESTVBCSBO_CONN,UpdateTransactionError,
TSGTCMNHCMEXTRAC_SERVICE_01.00.0000.iar.yaml,TSGTCMNHCMEXTRAC_SERVICE|01.00.0000,TSGTCMNHCMEXTRAC_SERVICE,TSGTCmnHcmExtractProcess_Service,01.00.0000,GetAllInstances(i24),Adapter_Invoke,,,,/Instances,TSGTRESTVBCSBO_CONN,GetAllInstances,
TSGTCMNHCMEXTRAC_SERVICE_01.00.0000.iar.yaml,TSGTCMNHCMEXTRAC_SERVICE|01.00.0000,TSGTCMNHCMEXTRAC_SERVICE,TSGTCmnHcmExtractProcess_Service,01.00.0000,UpdateInstanceLog(i12),Adapter_Invoke,,,,/Instances/{Instances_Id},TSGTRESTVBCSBO_CONN,UpdateInstanceLog,
TSGTCMNHCMEXTRAC_SERVICE_01.00.0000.iar.yaml,TSGTCMNHCMEXTRAC_SERVICE|01.00.0000,TSGTCMNHCMEXTRAC_SERVICE,TSGTCmnHcmExtractProcess_Service,01.00.0000,InvokeErrorNotifications(i18),RESTToOIC,TSGTCMNHCMNOTIFI_SERVICE,1.0,TSGTCmnHcmNotification_Service,/api/integration/v1/flows/rest/TSGTCMNHCMNOTIFI_SERVICE/1.0/notification,TSGTRESTOICINVOK_CONN,InvokeErrorNotifications,
TSGTCMNHCMINBOUN_SERVICE_01.00.0000.iar.yaml,TSGTCMNHCMINBOUN_SERVICE|01.00.0000,TSGTCMNHCMINBOUN_SERVICE,TSGTCmnHcmInboundProcess_Service,01.00.0000,GetInboundMetadataFromBO(i6),Adapter_Invoke,,,,/FWKINBOUNDINTGMETADATA,TSGTRESTVBCSBO_CONN,GetInboundMetadataFromBO,
TSGTCMNHCMINBOUN_SERVICE_01.00.0000.iar.yaml,TSGTCMNHCMINBOUN_SERVICE|01.00.0000,TSGTCMNHCMINBOUN_SERVICE,TSGTCmnHcmInboundProcess_Service,01.00.0000,getInstances(i13),Adapter_Invoke,,,,/Instances,TSGTRESTVBCSBO_CONN,getInstances,
TSGTCMNHCMINBOUN_SERVICE_01.00.0000.iar.yaml,TSGTCMNHCMINBOUN_SERVICE|01.00.0000,TSGTCMNHCMINBOUN_SERVICE,TSGTCmnHcmInboundProcess_Service,01.00.0000,GetFileFromArchiveBucket(i14),Adapter_Invoke,,,,/n/{nameSpaceName}/b/{bucketName}/o/{objectName},TSGTOBJECTSTORAG_CONN,GetFileFromArchiveBucket,
TSGTCMNHCMINBOUN_SERVICE_01.00.0000.iar.yaml,TSGTCMNHCMINBOUN_SERVICE|01.00.0000,TSGTCMNHCMINBOUN_SERVICE,TSGTCmnHcmInboundProcess_Service,01.00.0000,GetErrorFile(i2),Adapter_Invoke,,,,/n/{namespaceName}/b/{bucketName}/o/{objectName},TSGTOBJECTSTORAG_CONN,GetErrorFile,
TSGTCMNHCMINBOUN_SERVICE_01.00.0000.iar.yaml,TSGTCMNHCMINBOUN_SERVICE|01.00.0000,TSGTCMNHCMINBOUN_SERVICE,TSGTCmnHcmInboundProcess_Service,01.00.0000,UploadRawFile(i3),Adapter_Invoke,,,,/n/{namespaceName}/b/{bucketName}/o/{objectName},TSGTOBJECTSTORAG_CONN,UploadRawFile,
TSGTCMNHCMINBOUN_SERVICE_01.00.0000.iar.yaml,TSGTCMNHCMINBOUN_SERVICE|01.00.0000,TSGTCMNHCMINBOUN_SERVICE,TSGTCmnHcmInboundProcess_Service,01.00.0000,ListObjectFile(i0),Adapter_Invoke,,,,/n/{namespaceName}/b/{bucketName}/o,TSGTOBJECTSTORAG_CONN,ListObjectFile,
TSGTCMNHCMINBOUN_SERVICE_01.00.0000.iar.yaml,TSGTCMNHCMINBOUN_SERVICE|01.00.0000,TSGTCMNHCMINBOUN_SERVICE,TSGTCmnHcmInboundProcess_Service,01.00.0000,GetTransactionId(i1),Adapter_Invoke,,,,/Transactions,TSGTRESTVBCSBO_CONN,GetTransactionId,
TSGTCMNHCMINBOUN_SERVICE_01.00.0000.iar.yaml,TSGTCMNHCMINBOUN_SERVICE|01.00.0000,TSGTCMNHCMINBOUN_SERVICE,TSGTCmnHcmInboundProcess_Service,01.00.0000,InsertIntoTrnxTbl(i4),Adapter_Invoke,,,,/Logger/{LoggerId}/action/insertLog,TSGTRESTVBCSBO_CONN,InsertIntoTrnxTbl,
TSGTCMNHCMINBOUN_SERVICE_01.00.0000.iar.yaml,TSGTCMNHCMINBOUN_SERVICE|01.00.0000,TSGTCMNHCMINBOUN_SERVICE,TSGTCmnHcmInboundProcess_Service,01.00.0000,callEntityTransformService(i8),RESTToOIC,{code},1.0,,/api/integration/v1/flows/rest/{code}/1.0/transform ,TSGTRESTOICINVOK_CONN,callEntityTransformService,
TSGTCMNHCMINBOUN_SERVICE_01.00.0000.iar.yaml,TSGTCMNHCMINBOUN_SERVICE|01.00.0000,TSGTCMNHCMINBOUN_SERVICE,TSGTCmnHcmInboundProcess_Service,01.00.0000,updateTransactionBO(i9),Adapter_Invoke,,,,/Logger/{Logger_Id}/action/updateTransaction,TSGTRESTVBCSBO_CONN,updateTransactionBO,
TSGTCMNHCMINBOUN_SERVICE_01.00.0000.iar.yaml,TSGTCMNHCMINBOUN_SERVICE|01.00.0000,TSGTCMNHCMINBOUN_SERVICE,TSGTCmnHcmInboundProcess_Service,01.00.0000,CallErrorNotifi(i5),IntegrationAction,TSGTCMNHCMNOTIFI_SERVICE,01.00.0000,TSGTCmnHcmNotification_Service,/notification,PRESEEDED_COLLOCATED_CONN_1741,CallErrorNotifi,
TSGTCMNHCMINBOUN_SERVICE_01.00.0000.iar.yaml,TSGTCMNHCMINBOUN_SERVICE|01.00.0000,TSGTCMNHCMINBOUN_SERVICE,TSGTCmnHcmInboundProcess_Service,01.00.0000,UpdateTransactionBO_ERROR(i10),Adapter_Invoke,,,,/Logger/{Logger_Id}/action/updateTransaction,TSGTRESTVBCSBO_CONN,UpdateTransactionBO_ERROR,
TSGTCMNHCMINBOUN_SERVICE_01.00.0000.iar.yaml,TSGTCMNHCMINBOUN_SERVICE|01.00.0000,TSGTCMNHCMINBOUN_SERVICE,TSGTCmnHcmInboundProcess_Service,01.00.0000,InvokeErrorNotifications(i7),RESTToOIC,TSGTCMNHCMNOTIFI_SERVICE,1.0,TSGTCmnHcmNotification_Service,/api/integration/v1/flows/rest/TSGTCMNHCMNOTIFI_SERVICE/1.0/notification,TSGTRESTOICINVOK_CONN,InvokeErrorNotifications,
TSGTCMNHCMINBOUN_SERVICE_01.00.0000.iar.yaml,TSGTCMNHCMINBOUN_SERVICE|01.00.0000,TSGTCMNHCMINBOUN_SERVICE,TSGTCmnHcmInboundProcess_Service,01.00.0000,UpdateTransaction(i11),Adapter_Invoke,,,,/Logger/{Logger_Id}/action/updateTransaction,TSGTRESTVBCSBO_CONN,UpdateTransaction,
TSGTCMNHCMINBOUN_SERVICE_01.00.0000.iar.yaml,TSGTCMNHCMINBOUN_SERVICE|01.00.0000,TSGTCMNHCMINBOUN_SERVICE,TSGTCmnHcmInboundProcess_Service,01.00.0000,EmailNotification(i12),RESTToOIC,TSGTCMNHCMNOTIFI_SERVICE,1.0,TSGTCmnHcmNotification_Service,/api/integration/v1/flows/rest/TSGTCMNHCMNOTIFI_SERVICE/1.0/notification,TSGTRESTOICINVOK_CONN,EmailNotification,
TSGTCMNHCMLAUNCH_SERVICE_01.00.0001.iar.yaml,TSGTCMNHCMLAUNCH_SERVICE|01.00.0001,TSGTCMNHCMLAUNCH_SERVICE,TSGTCmnHcmLauncherFwk_Service,01.00.0001,GetTransactionDetails(i1),Adapter_Invoke,,,,/TransactionTypes,TSGTRESTVBCSBO_CONN,GetTransactionDetails,
TSGTCMNHCMLAUNCH_SERVICE_01.00.0001.iar.yaml,TSGTCMNHCMLAUNCH_SERVICE|01.00.0001,TSGTCMNHCMLAUNCH_SERVICE,TSGTCmnHcmLauncherFwk_Service,01.00.0001,GetMetadata(i6),Adapter_Invoke,,,,/FWKINBOUNDINTGMETADATA,TSGTRESTVBCSBO_CONN,GetMetadata,
TSGTCMNHCMLAUNCH_SERVICE_01.00.0001.iar.yaml,TSGTCMNHCMLAUNCH_SERVICE|01.00.0001,TSGTCMNHCMLAUNCH_SERVICE,TSGTCmnHcmLauncherFwk_Service,01.00.0001,ListInboundFiles(i8),Adapter_Invoke,,,,,TSGTFTP_CONN,ListInboundFiles,
TSGTCMNHCMLAUNCH_SERVICE_01.00.0001.iar.yaml,TSGTCMNHCMLAUNCH_SERVICE|01.00.0001,TSGTCMNHCMLAUNCH_SERVICE,TSGTCmnHcmLauncherFwk_Service,01.00.0001,DownloadFileToStage(i9),Adapter_Invoke,,,,,TSGTFTP_CONN,DownloadFileToStage,
TSGTCMNHCMLAUNCH_SERVICE_01.00.0001.iar.yaml,TSGTCMNHCMLAUNCH_SERVICE|01.00.0001,TSGTCMNHCMLAUNCH_SERVICE,TSGTCmnHcmLauncherFwk_Service,01.00.0001,UploadFileToRawBucket(i5),Adapter_Invoke,,,,/n/{namespaceName}/b/{bucketName}/o/{objectName},TSGTOBJECTSTORAG_CONN,UploadFileToRawBucket,
TSGTCMNHCMLAUNCH_SERVICE_01.00.0001.iar.yaml,TSGTCMNHCMLAUNCH_SERVICE|01.00.0001,TSGTCMNHCMLAUNCH_SERVICE,TSGTCmnHcmLauncherFwk_Service,01.00.0001,DeleteSourceFile(i12),Adapter_Invoke,,,,,TSGTFTP_CONN,DeleteSourceFile,
TSGTCMNHCMLAUNCH_SERVICE_01.00.0001.iar.yaml,TSGTCMNHCMLAUNCH_SERVICE|01.00.0001,TSGTCMNHCMLAUNCH_SERVICE,TSGTCmnHcmLauncherFwk_Service,01.00.0001,callInboundLauncher(i4),RESTToOIC,TSGTCMNHCMINBOUN_SERVICE,1.0,TSGTCmnHcmInboundProcess_Service,/api/integration/v1/flows/rest/TSGTCMNHCMINBOUN_SERVICE/1.0/transform,TSGTRESTOICINVOK_CONN,callInboundLauncher,
TSGTCMNHCMLAUNCH_SERVICE_01.00.0001.iar.yaml,TSGTCMNHCMLAUNCH_SERVICE|01.00.0001,TSGTCMNHCMLAUNCH_SERVICE,TSGTCmnHcmLauncherFwk_Service,01.00.0001,updateLastRunDate(i11),Adapter_Invoke,,,,/FWKINBOUNDINTGMETADATA/{id},TSGTRESTVBCSBO_CONN,updateLastRunDate,
TSGTCMNHCMLAUNCH_SERVICE_01.00.0001.iar.yaml,TSGTCMNHCMLAUNCH_SERVICE|01.00.0001,TSGTCMNHCMLAUNCH_SERVICE,TSGTCmnHcmLauncherFwk_Service,01.00.0001,GetOutboundIntegrationMetadata(i10),Adapter_Invoke,,,,/FWKOUTBOUNDINTGMETADATA,TSGTRESTVBCSBO_CONN,GetOutboundIntegrationMetadata,
TSGTCMNHCMLAUNCH_SERVICE_01.00.0001.iar.yaml,TSGTCMNHCMLAUNCH_SERVICE|01.00.0001,TSGTCMNHCMLAUNCH_SERVICE,TSGTCmnHcmLauncherFwk_Service,01.00.0001,InsertRecordintoTransactionTable(i7),Adapter_Invoke,,,,/Logger/{LoggerId}/action/insertLog,TSGTRESTVBCSBO_CONN,InsertRecordintoTransactionTable,
TSGTCMNHCMLAUNCH_SERVICE_01.00.0001.iar.yaml,TSGTCMNHCMLAUNCH_SERVICE|01.00.0001,TSGTCMNHCMLAUNCH_SERVICE,TSGTCmnHcmLauncherFwk_Service,01.00.0001,callOutboundLauncher(i13),RESTToOIC,{IntegrationCode},1.0,,/api/integration/v1/flows/rest/{IntegrationCode}/1.0/hcmOutboundLauncher,TSGTRESTOICINVOK_CONN,callOutboundLauncher,
TSGTCMNHCMLAUNCH_SERVICE_01.00.0001.iar.yaml,TSGTCMNHCMLAUNCH_SERVICE|01.00.0001,TSGTCMNHCMLAUNCH_SERVICE,TSGTCmnHcmLauncherFwk_Service,01.00.0001,ErrorNotification(i3),IntegrationAction,TSGTCMNHCMNOTIFI_SERVICE,01.01.0001,TSGTCmnHcmNotification_Service,/notification,PRESEEDED_COLLOCATED_CONN_1741,ErrorNotification,
TSGTCMNHCMLAUNCH_SERVICE_01.00.0001.iar.yaml,TSGTCMNHCMLAUNCH_SERVICE|01.00.0001,TSGTCMNHCMLAUNCH_SERVICE,TSGTCmnHcmLauncherFwk_Service,01.00.0001,SendNotification(i0),IntegrationAction,TSGTCMNHCMNOTIFI_SERVICE,01.01.0001,TSGTCmnHcmNotification_Service,/notification,PRESEEDED_COLLOCATED_CONN_1741,SendNotification,
TSGTCMNHCMNOTIFI_SERVICE_01.01.0002.iar.yaml,TSGTCMNHCMNOTIFI_SERVICE|01.01.0002,TSGTCMNHCMNOTIFI_SERVICE,TSGTCmnHcmNotification_Service,01.01.0002,getTransactionTypes(i4),Adapter_Invoke,,,,/TransactionTypes,TSGTRESTVBCSBO_CONN,getTransactionTypes,
TSGTCMNHCMNOTIFI_SERVICE_01.01.0002.iar.yaml,TSGTCMNHCMNOTIFI_SERVICE|01.01.0002,TSGTCMNHCMNOTIFI_SERVICE,TSGTCmnHcmNotification_Service,01.01.0002,getInstanceDetails(i0),Adapter_Invoke,,,,/Instances,TSGTRESTVBCSBO_CONN,getInstanceDetails,
TSGTCMNHCMNOTIFI_SERVICE_01.01.0002.iar.yaml,TSGTCMNHCMNOTIFI_SERVICE|01.01.0002,TSGTCMNHCMNOTIFI_SERVICE,TSGTCmnHcmNotification_Service,01.01.0002,getTransactionDetails(i2),Adapter_Invoke,,,,/Transactions,TSGTRESTVBCSBO_CONN,getTransactionDetails,
TSGTCMNHCMNOTIFI_SERVICE_01.01.0002.iar.yaml,TSGTCMNHCMNOTIFI_SERVICE|01.01.0002,TSGTCMNHCMNOTIFI_SERVICE,TSGTCmnHcmNotification_Service,01.01.0002,GetInboundMetaDataDetails(i3),Adapter_Invoke,,,,/FWKINBOUNDINTGMETADATA,TSGTRESTVBCSBO_CONN,GetInboundMetaDataDetails,
TSGTCMNHCMNOTIFI_SERVICE_01.01.0002.iar.yaml,TSGTCMNHCMNOTIFI_SERVICE|01.01.0002,TSGTCMNHCMNOTIFI_SERVICE,TSGTCmnHcmNotification_Service,01.01.0002,GetEnrichFile(i1),Adapter_Invoke,,,,/n/{namespaceName}/b/{bucketName}/o/{objectName},TSGTOBJECTSTORAG_CONN,GetEnrichFile,
TSGTCMNHCMNOTIFI_SERVICE_01.01.0002.iar.yaml,TSGTCMNHCMNOTIFI_SERVICE|01.01.0002,TSGTCMNHCMNOTIFI_SERVICE,TSGTCmnHcmNotification_Service,01.01.0002,getOutboundMetadata(i5),Adapter_Invoke,,,,/FWKOUTBOUNDINTGMETADATA,TSGTRESTVBCSBO_CONN,getOutboundMetadata,
TSGTCMNHCMNOTIFI_SERVICE_02.01.0003.iar.yaml,TSGTCMNHCMNOTIFI_SERVICE|02.01.0003,TSGTCMNHCMNOTIFI_SERVICE,TSGTCmnHcmNotification_Service,02.01.0003,getTransactionTypes(i4),Adapter_Invoke,,,,/TransactionTypes,TSGTRESTVBCSBO_CONN,getTransactionTypes,
TSGTCMNHCMNOTIFI_SERVICE_02.01.0003.iar.yaml,TSGTCMNHCMNOTIFI_SERVICE|02.01.0003,TSGTCMNHCMNOTIFI_SERVICE,TSGTCmnHcmNotification_Service,02.01.0003,getInstanceDetails(i0),Adapter_Invoke,,,,/Instances,TSGTRESTVBCSBO_CONN,getInstanceDetails,
TSGTCMNHCMNOTIFI_SERVICE_02.01.0003.iar.yaml,TSGTCMNHCMNOTIFI_SERVICE|02.01.0003,TSGTCMNHCMNOTIFI_SERVICE,TSGTCmnHcmNotification_Service,02.01.0003,getTransactionDetails(i2),Adapter_Invoke,,,,/Transactions,TSGTRESTVBCSBO_CONN,getTransactionDetails,
TSGTCMNHCMNOTIFI_SERVICE_02.01.0003.iar.yaml,TSGTCMNHCMNOTIFI_SERVICE|02.01.0003,TSGTCMNHCMNOTIFI_SERVICE,TSGTCmnHcmNotification_Service,02.01.0003,GetInboundMetaDataDetails(i3),Adapter_Invoke,,,,/FWKINBOUNDINTGMETADATA,TSGTRESTVBCSBO_CONN,GetInboundMetaDataDetails,
TSGTCMNHCMNOTIFI_SERVICE_02.01.0003.iar.yaml,TSGTCMNHCMNOTIFI_SERVICE|02.01.0003,TSGTCMNHCMNOTIFI_SERVICE,TSGTCmnHcmNotification_Service,02.01.0003,GetEnrichFile(i1),Adapter_Invoke,,,,/n/{namespaceName}/b/{bucketName}/o/{objectName},TSGTOBJECTSTORAG_CONN,GetEnrichFile,
TSGTCMNHCMNOTIFI_SERVICE_02.01.0003.iar.yaml,TSGTCMNHCMNOTIFI_SERVICE|02.01.0003,TSGTCMNHCMNOTIFI_SERVICE,TSGTCmnHcmNotification_Service,02.01.0003,getOutboundMetadata(i5),Adapter_Invoke,,,,/FWKOUTBOUNDINTGMETADATA,TSGTRESTVBCSBO_CONN,getOutboundMetadata,
TSGTCMNLAUNCHERF_SERVICE_01.00.0000.iar.yaml,TSGTCMNLAUNCHERF_SERVICE|01.00.0000,TSGTCMNLAUNCHERF_SERVICE,TSGTCmnLauncherFwk_Service,01.00.0000,GetInboundMetadataDetails(i1),Adapter_Invoke,,,,/FWKINBOUNDINTGMETADATA,TSGTRESTVBCSBO_CONN,GetInboundMetadataDetails,
TSGTCMNLAUNCHERF_SERVICE_01.00.0000.iar.yaml,TSGTCMNLAUNCHERF_SERVICE|01.00.0000,TSGTCMNLAUNCHERF_SERVICE,TSGTCmnLauncherFwk_Service,01.00.0000,ListFiles(i0),Adapter_Invoke,,,,,TSGTFTP_CONN,ListFiles,
TSGTCMNLAUNCHERF_SERVICE_01.00.0000.iar.yaml,TSGTCMNLAUNCHERF_SERVICE|01.00.0000,TSGTCMNLAUNCHERF_SERVICE,TSGTCmnLauncherFwk_Service,01.00.0000,InsertRecToTransactionIB(i12),Adapter_Invoke,,,,/Logger/{LoggerId}/action/insertLog,TSGTRESTVBCSBO_CONN,InsertRecToTransactionIB,
TSGTCMNLAUNCHERF_SERVICE_01.00.0000.iar.yaml,TSGTCMNLAUNCHERF_SERVICE|01.00.0000,TSGTCMNLAUNCHERF_SERVICE,TSGTCmnLauncherFwk_Service,01.00.0000,UpdateLogAndTransactions(i3),IntegrationAction,TSGTCMNUPSERTINS_SERVICE,01.00.0000,TSGTCmnUpsertInstanceTransaction_Service,/UpsertInstanceTransaction,PRESEEDED_COLLOCATED_CONN_1741,UpdateLogAndTransactions,
TSGTCMNLAUNCHERF_SERVICE_01.00.0000.iar.yaml,TSGTCMNLAUNCHERF_SERVICE|01.00.0000,TSGTCMNLAUNCHERF_SERVICE,TSGTCmnLauncherFwk_Service,01.00.0000,GetFileFromSftpAndMoveToObjectStorage(i11),IntegrationAction,TSGTCMNSFTPTOOBJSTORAGEMOV_SERVI,01.00.0000,TSGTCmnSFTPtoObjectStorageMove_Service,/getFileFromObjectStorage,PRESEEDED_COLLOCATED_CONN_1741,GetFileFromSftpAndMoveToObjectStorage,
TSGTCMNLAUNCHERF_SERVICE_01.00.0000.iar.yaml,TSGTCMNLAUNCHERF_SERVICE|01.00.0000,TSGTCMNLAUNCHERF_SERVICE,TSGTCmnLauncherFwk_Service,01.00.0000,InvokeERPCommonLauncher(i6),IntegrationAction,TSGTCMNERPLAUNCH_SERVICE,01.00.0000,TSGTCmnErpLauncherIbFwk_Service,/InvokeLauncher,PRESEEDED_COLLOCATED_CONN_1741,InvokeERPCommonLauncher,
TSGTCMNLAUNCHERF_SERVICE_01.00.0000.iar.yaml,TSGTCMNLAUNCHERF_SERVICE|01.00.0000,TSGTCMNLAUNCHERF_SERVICE,TSGTCmnLauncherFwk_Service,01.00.0000,MoveToArchiveOrDeleteFile(i14),IntegrationAction,TSGTCMNSFTPFILEO_SERVICE,01.00.0000,TSGTCmnSFTPFileOperation_Service,/MoveToArchive,PRESEEDED_COLLOCATED_CONN_1741,MoveToArchiveOrDeleteFile,
TSGTCMNLAUNCHERF_SERVICE_01.00.0000.iar.yaml,TSGTCMNLAUNCHERF_SERVICE|01.00.0000,TSGTCMNLAUNCHERF_SERVICE,TSGTCmnLauncherFwk_Service,01.00.0000,DeleteFileFromSFTP(i5),Adapter_Invoke,,,,,TSGTFTP_CONN,DeleteFileFromSFTP,
TSGTCMNLAUNCHERF_SERVICE_01.00.0000.iar.yaml,TSGTCMNLAUNCHERF_SERVICE|01.00.0000,TSGTCMNLAUNCHERF_SERVICE,TSGTCmnLauncherFwk_Service,01.00.0000,GetOutboundMetadataFromBO(i9),Adapter_Invoke,,,,/FWKOUTBOUNDINTGMETADATA,TSGTRESTVBCSBO_CONN,GetOutboundMetadataFromBO,
TSGTCMNLAUNCHERF_SERVICE_01.00.0000.iar.yaml,TSGTCMNLAUNCHERF_SERVICE|01.00.0000,TSGTCMNLAUNCHERF_SERVICE,TSGTCmnLauncherFwk_Service,01.00.0000,InsertRecordToTransaction(i10),Adapter_Invoke,,,,/Logger/{LoggerId}/action/insertLog,TSGTRESTVBCSBO_CONN,InsertRecordToTransaction,
TSGTCMNLAUNCHERF_SERVICE_01.00.0000.iar.yaml,TSGTCMNLAUNCHERF_SERVICE|01.00.0000,TSGTCMNLAUNCHERF_SERVICE,TSGTCmnLauncherFwk_Service,01.00.0000,UpdateLogTransactionupdateStatus(i4),IntegrationAction,TSGTCMNUPSERTINS_SERVICE,01.00.0000,TSGTCmnUpsertInstanceTransaction_Service,/UpsertInstanceTransaction,PRESEEDED_COLLOCATED_CONN_1741,UpdateLogTransactionupdateStatus,
TSGTCMNLAUNCHERF_SERVICE_01.00.0000.iar.yaml,TSGTCMNLAUNCHERF_SERVICE|01.00.0000,TSGTCMNLAUNCHERF_SERVICE,TSGTCmnLauncherFwk_Service,01.00.0000,InvokeERPCommonLauncherOut(i7),IntegrationAction,TSGTCMNERPLAUNCH_SERVICE_OB,01.00.0000,TSGTCmnErpLauncherObFwk_Service,/erpOutboundLauncher,PRESEEDED_COLLOCATED_CONN_1741,InvokeERPCommonLauncherOut,
TSGTCMNLAUNCHERF_SERVICE_01.00.0000.iar.yaml,TSGTCMNLAUNCHERF_SERVICE|01.00.0000,TSGTCMNLAUNCHERF_SERVICE,TSGTCmnLauncherFwk_Service,01.00.0000,ErrorNotify(i2),IntegrationAction,TSGTCMNNOTIFICAT_SERVICE,01.00.0000,TSGTCmnNotificationFwk_Service,/Notify,PRESEEDED_COLLOCATED_CONN_1741,ErrorNotify,
TSGTCMNLAUNCHERF_SERVICE_01.00.0000.iar.yaml,TSGTCMNLAUNCHERF_SERVICE|01.00.0000,TSGTCMNLAUNCHERF_SERVICE,TSGTCmnLauncherFwk_Service,01.00.0000,InvokeHCMCommonLauncher(i8),IntegrationAction,TSGTCMNHCMLAUNCH_SERVICE,01.00.0000,TSGTCmnHcmLauncherFwk_Service,/InvokeLauncher,PRESEEDED_COLLOCATED_CONN_1741,InvokeHCMCommonLauncher,
TSGTCMNNOTIFICAT_SERVICE_01.00.0000.iar.yaml,TSGTCMNNOTIFICAT_SERVICE|01.00.0000,TSGTCMNNOTIFICAT_SERVICE,TSGTCmnNotificationFwk_Service,01.00.0000,downloadFiles(i0),Adapter_Invoke,,,,,TSGTFTP_CONN,downloadFiles,
TSGTCMNOBJECTSTOSFTPMOVE_SERVICE_01.00.0000.iar.yaml,TSGTCMNOBJECTSTOSFTPMOVE_SERVICE|01.00.0000,TSGTCMNOBJECTSTOSFTPMOVE_SERVICE,TSGTCmnObjectStorageToSFTPMove_Service,01.00.0000,GetFileFromBucket(i0),Adapter_Invoke,,,,/n/{nameSpaceName}/b/{bucketName}/o/{objectName},TSGTOBJECTSTORAG_CONN,GetFileFromBucket,
TSGTCMNOBJECTSTOSFTPMOVE_SERVICE_01.00.0000.iar.yaml,TSGTCMNOBJECTSTOSFTPMOVE_SERVICE|01.00.0000,TSGTCMNOBJECTSTOSFTPMOVE_SERVICE,TSGTCmnObjectStorageToSFTPMove_Service,01.00.0000,UploadToSftp(i1),Adapter_Invoke,,,,,TSGTFTP_CONN,UploadToSftp,
TSGTCMNOBJECTSTOSFTPMOVE_SERVICE_01.00.0000.iar.yaml,TSGTCMNOBJECTSTOSFTPMOVE_SERVICE|01.00.0000,TSGTCMNOBJECTSTOSFTPMOVE_SERVICE,TSGTCmnObjectStorageToSFTPMove_Service,01.00.0000,UploadToRapidSftp(i2),Adapter_Invoke,,,,,TSGTRAPIDFTP_CONN,UploadToRapidSftp,
TSGTCMNOBJECTSTOSFTPMOVE_SERVICE_01.00.0000.iar.yaml,TSGTCMNOBJECTSTOSFTPMOVE_SERVICE|01.00.0000,TSGTCMNOBJECTSTOSFTPMOVE_SERVICE,TSGTCmnObjectStorageToSFTPMove_Service,01.00.0000,UploadToVelocitySftp(i3),Adapter_Invoke,,,,,TSGTVELOCITYFTP_CONN,UploadToVelocitySftp,
TSGTCMNOBJSTRGFILE_SERVICE_01.00.0000.iar.yaml,TSGTCMNOBJSTRGFILE_SERVICE|01.00.0000,TSGTCMNOBJSTRGFILE_SERVICE,TSGTCmnObjStrgFile_Service,01.00.0000,GetObjStorageFile(i0),Adapter_Invoke,,,,/n/{namespacename}/b/{bucketName}/o/,TSGTOBJECTSTORAG_CONN,GetObjStorageFile,
TSGTCMNOBJSTRGFILE_SERVICE_01.00.0000.iar.yaml,TSGTCMNOBJSTRGFILE_SERVICE|01.00.0000,TSGTCMNOBJSTRGFILE_SERVICE,TSGTCmnObjStrgFile_Service,01.00.0000,DeleteFileFromObjStrg(i1),Adapter_Invoke,,,,/n/{namespacename}/b/{bucketName}/o/{objectName},TSGTOBJECTSTORAG_CONN,DeleteFileFromObjStrg,
TSGTCMNOBJSTRGFI_SERVICE_01.00.0000.iar.yaml,TSGTCMNOBJSTRGFI_SERVICE|01.00.0000,TSGTCMNOBJSTRGFI_SERVICE,TSGTCmnObjStrgFileDownload_Service,01.00.0000,GetFileFromObjectStorage(i0),Adapter_Invoke,,,,/n/{nameSpaceName}/b/{bucketName}/o/{objectName},TSGTOBJECTSTORAG_CONN,GetFileFromObjectStorage,
TSGTCMNOBJSTRGFI_SERVICE_01.00.0000.iar.yaml,TSGTCMNOBJSTRGFI_SERVICE|01.00.0000,TSGTCMNOBJSTRGFI_SERVICE,TSGTCmnObjStrgFileDownload_Service,01.00.0000,getFilesFromErrorBucket(i1),Adapter_Invoke,,,,/n/{namespaceName}/b/{bucketName}/o/{objectName},TSGTOBJECTSTORAG_CONN,getFilesFromErrorBucket,
TSGTCMNOBJSTRGPU_SERVICE_01.00.0000.iar.yaml,TSGTCMNOBJSTRGPU_SERVICE|01.00.0000,TSGTCMNOBJSTRGPU_SERVICE,TSGTCmnObjStrgPurge_Service,01.00.0000,GetInboundMetadata(i0),Adapter_Invoke,,,,/FWKINBOUNDINTGMETADATA,TSGTRESTVBCSBO_CONN,GetInboundMetadata,
TSGTCMNOBJSTRGPU_SERVICE_01.00.0000.iar.yaml,TSGTCMNOBJSTRGPU_SERVICE|01.00.0000,TSGTCMNOBJSTRGPU_SERVICE,TSGTCmnObjStrgPurge_Service,01.00.0000,GetOutboundMetadata(i1),Adapter_Invoke,,,,/FWKOUTBOUNDINTGMETADATA,TSGTRESTVBCSBO_CONN,GetOutboundMetadata,
TSGTCMNOBJSTRGPU_SERVICE_01.00.0000.iar.yaml,TSGTCMNOBJSTRGPU_SERVICE|01.00.0000,TSGTCMNOBJSTRGPU_SERVICE,TSGTCmnObjStrgPurge_Service,01.00.0000,GetTransactions(i2),Adapter_Invoke,,,,/Transactions,TSGTRESTVBCSBO_CONN,GetTransactions,
TSGTCMNOBJSTRGPU_SERVICE_01.00.0000.iar.yaml,TSGTCMNOBJSTRGPU_SERVICE|01.00.0000,TSGTCMNOBJSTRGPU_SERVICE,TSGTCmnObjStrgPurge_Service,01.00.0000,GetInstances(i3),Adapter_Invoke,,,,/Instances,TSGTRESTVBCSBO_CONN,GetInstances,
TSGTCMNOBJSTRGPU_SERVICE_01.00.0000.iar.yaml,TSGTCMNOBJSTRGPU_SERVICE|01.00.0000,TSGTCMNOBJSTRGPU_SERVICE,TSGTCmnObjStrgPurge_Service,01.00.0000,InvokeFindFileInBucket(i4),IntegrationAction,TSGTCMNOBJSTRGFILE_SERVICE,01.00.0000,TSGTCmnObjStrgFile_Service,/PurgeObjectStorage,PRESEEDED_COLLOCATED_CONN_1741,InvokeFindFileInBucket,
TSGTCMNOBJSTRGPU_SERVICE_01.00.0000.iar.yaml,TSGTCMNOBJSTRGPU_SERVICE|01.00.0000,TSGTCMNOBJSTRGPU_SERVICE,TSGTCmnObjStrgPurge_Service,01.00.0000,InvokeDeleteFileFromObjStorage(i6),IntegrationAction,TSGTCMNOBJSTRGFILE_SERVICE,01.00.0000,TSGTCmnObjStrgFile_Service,/PurgeObjectStorage,PRESEEDED_COLLOCATED_CONN_1741,InvokeDeleteFileFromObjStorage,
TSGTCMNOBJSTRGPU_SERVICE_01.00.0000.iar.yaml,TSGTCMNOBJSTRGPU_SERVICE|01.00.0000,TSGTCMNOBJSTRGPU_SERVICE,TSGTCmnObjStrgPurge_Service,01.00.0000,InvokeUpdateTransactionBO(i7),IntegrationAction,TSGTCMNUPSERTINS_SERVICE,01.00.0000,TSGTCmnUpsertInstanceTransaction_Service,/UpsertInstanceTransaction,PRESEEDED_COLLOCATED_CONN_1741,InvokeUpdateTransactionBO,
TSGTCMNOBJSTRGPU_SERVICE_01.00.0000.iar.yaml,TSGTCMNOBJSTRGPU_SERVICE|01.00.0000,TSGTCMNOBJSTRGPU_SERVICE,TSGTCmnObjStrgPurge_Service,01.00.0000,InvokeNotificationService(i5),IntegrationAction,TSGTCMNNOTIFICAT_SERVICE,01.00.0000,TSGTCmnNotificationFwk_Service,/Notify,PRESEEDED_COLLOCATED_CONN_1741,InvokeNotificationService,
TSGTCMNPURGEOS_INTGSERVICE_01.00.0000.iar.yaml,TSGTCMNPURGEOS_INTGSERVICE|01.00.0000,TSGTCMNPURGEOS_INTGSERVICE,TSGTCmnPurgeOS_IntgService,01.00.0000,InvokePurgeObjectStorageINT(i0),IntegrationAction,TSGTCMNOBJSTRGPU_SERVICE,01.00.0000,TSGTCmnObjStrgPurge_Service,/,PRESEEDED_COLLOCATED_CONN_1741,InvokePurgeObjectStorageINT,
TSGTCMNPURGESFTP_INTGSERVICE_01.00.0000.iar.yaml,TSGTCMNPURGESFTP_INTGSERVICE|01.00.0000,TSGTCMNPURGESFTP_INTGSERVICE,TSGTCmnPurgeSFTP_IntgService,01.00.0000,InvokePurgeSFTPService(i1),IntegrationAction,TSGTCMNSFTPPURGE_SERVICE,01.00.0000,TSGTCmnSFTPPurge_Service,/,PRESEEDED_COLLOCATED_CONN_1741,InvokePurgeSFTPService,
TSGTCMNREPROCESS_SERVICE_01.00.0000.iar.yaml,TSGTCMNREPROCESS_SERVICE|01.00.0000,TSGTCMNREPROCESS_SERVICE,TSGTCmnReprocess_Service,01.00.0000,UpdateTransaction(i11),IntegrationAction,TSGTCMNUPSERTINS_SERVICE,01.00.0000,TSGTCmnUpsertInstanceTransaction_Service,/UpsertInstanceTransaction,PRESEEDED_COLLOCATED_CONN_1741,UpdateTransaction,
TSGTCMNREPROCESS_SERVICE_01.00.0000.iar.yaml,TSGTCMNREPROCESS_SERVICE|01.00.0000,TSGTCMNREPROCESS_SERVICE,TSGTCmnReprocess_Service,01.00.0000,GetOutboundMetadata(i7),Adapter_Invoke,,,,/FWKOUTBOUNDINTGMETADATA,TSGTRESTVBCSBO_CONN,GetOutboundMetadata,
TSGTCMNREPROCESS_SERVICE_01.00.0000.iar.yaml,TSGTCMNREPROCESS_SERVICE|01.00.0000,TSGTCMNREPROCESS_SERVICE,TSGTCmnReprocess_Service,01.00.0000,GetInboundMetadata(i4),Adapter_Invoke,,,,/FWKINBOUNDINTGMETADATA,TSGTRESTVBCSBO_CONN,GetInboundMetadata,
TSGTCMNREPROCESS_SERVICE_01.00.0000.iar.yaml,TSGTCMNREPROCESS_SERVICE|01.00.0000,TSGTCMNREPROCESS_SERVICE,TSGTCmnReprocess_Service,01.00.0000,CheckFileExistsInObjectStorage(i17),Adapter_Invoke,,,,/n/{namespace}/b/{bucketName}/o/{objectName},TSGTOBJECTSTORAG_CONN,CheckFileExistsInObjectStorage,
TSGTCMNREPROCESS_SERVICE_01.00.0000.iar.yaml,TSGTCMNREPROCESS_SERVICE|01.00.0000,TSGTCMNREPROCESS_SERVICE,TSGTCmnReprocess_Service,01.00.0000,GetTransactionTypeId(i0),Adapter_Invoke,,,,/Transactions,TSGTRESTVBCSBO_CONN,GetTransactionTypeId,
TSGTCMNREPROCESS_SERVICE_01.00.0000.iar.yaml,TSGTCMNREPROCESS_SERVICE|01.00.0000,TSGTCMNREPROCESS_SERVICE,TSGTCmnReprocess_Service,01.00.0000,getInstanceCount(i2),Adapter_Invoke,,,,/Logger/{Logger_Id}/action/getInstanceCount,TSGTRESTVBCSBO_CONN,getInstanceCount,
TSGTCMNREPROCESS_SERVICE_01.00.0000.iar.yaml,TSGTCMNREPROCESS_SERVICE|01.00.0000,TSGTCMNREPROCESS_SERVICE,TSGTCmnReprocess_Service,01.00.0000,UpdateLog_BO(i3),Adapter_Invoke,,,,/Logger/{Logger_Id}/action/reprocessInstanceLog,TSGTRESTVBCSBO_CONN,UpdateLog_BO,
TSGTCMNREPROCESS_SERVICE_01.00.0000.iar.yaml,TSGTCMNREPROCESS_SERVICE|01.00.0000,TSGTCMNREPROCESS_SERVICE,TSGTCmnReprocess_Service,01.00.0000,InsertToInstance(i18),Adapter_Invoke,,,,/Logger/{Logger_Id}/action/reprocessInstanceLog,TSGTRESTVBCSBO_CONN,InsertToInstance,
TSGTCMNREPROCESS_SERVICE_01.00.0000.iar.yaml,TSGTCMNREPROCESS_SERVICE|01.00.0000,TSGTCMNREPROCESS_SERVICE,TSGTCmnReprocess_Service,01.00.0000,UpdateTransactions(i13),IntegrationAction,TSGTCMNUPSERTINS_SERVICE,01.00.0000,TSGTCmnUpsertInstanceTransaction_Service,/UpsertInstanceTransaction,PRESEEDED_COLLOCATED_CONN_1741,UpdateTransactions,
TSGTCMNREPROCESS_SERVICE_01.00.0000.iar.yaml,TSGTCMNREPROCESS_SERVICE|01.00.0000,TSGTCMNREPROCESS_SERVICE,TSGTCmnReprocess_Service,01.00.0000,InvokeLauncherinRepublishmode(i1),IntegrationAction,TSGTCMNERPLAUNCH_SERVICE_OB,01.00.0000,TSGTCmnErpLauncherObFwk_Service,/erpOutboundLauncher,PRESEEDED_COLLOCATED_CONN_1741,InvokeLauncherinRepublishmode,
TSGTCMNREPROCESS_SERVICE_01.00.0000.iar.yaml,TSGTCMNREPROCESS_SERVICE|01.00.0000,TSGTCMNREPROCESS_SERVICE,TSGTCmnReprocess_Service,01.00.0000,InvokeInboundlauncherReprocess(i16),IntegrationAction,TSGTCMNERPLAUNCH_SERVICE,01.00.0000,TSGTCmnErpLauncherIbFwk_Service,/InvokeLauncher,PRESEEDED_COLLOCATED_CONN_1741,InvokeInboundlauncherReprocess,
TSGTCMNREPUBLISH_SERVICE_01.00.0000.iar.yaml,TSGTCMNREPUBLISH_SERVICE|01.00.0000,TSGTCMNREPUBLISH_SERVICE,TSGTCmnRepublish_Service,01.00.0000,UpdateTransaction(i11),IntegrationAction,TSGTCMNUPSERTINS_SERVICE,01.00.0000,TSGTCmnUpsertInstanceTransaction_Service,/UpsertInstanceTransaction,PRESEEDED_COLLOCATED_CONN_1741,UpdateTransaction,
TSGTCMNREPUBLISH_SERVICE_01.00.0000.iar.yaml,TSGTCMNREPUBLISH_SERVICE|01.00.0000,TSGTCMNREPUBLISH_SERVICE,TSGTCmnRepublish_Service,01.00.0000,GetOutboundMetadata(i7),Adapter_Invoke,,,,/FWKOUTBOUNDINTGMETADATA,TSGTRESTVBCSBO_CONN,GetOutboundMetadata,
TSGTCMNREPUBLISH_SERVICE_01.00.0000.iar.yaml,TSGTCMNREPUBLISH_SERVICE|01.00.0000,TSGTCMNREPUBLISH_SERVICE,TSGTCmnRepublish_Service,01.00.0000,GetTransactionTypeId(i0),Adapter_Invoke,,,,/Transactions,TSGTRESTVBCSBO_CONN,GetTransactionTypeId,
TSGTCMNREPUBLISH_SERVICE_01.00.0000.iar.yaml,TSGTCMNREPUBLISH_SERVICE|01.00.0000,TSGTCMNREPUBLISH_SERVICE,TSGTCmnRepublish_Service,01.00.0000,getInstanceCount(i2),Adapter_Invoke,,,,/Logger/{Logger_Id}/action/getInstanceCount,TSGTRESTVBCSBO_CONN,getInstanceCount,
TSGTCMNREPUBLISH_SERVICE_01.00.0000.iar.yaml,TSGTCMNREPUBLISH_SERVICE|01.00.0000,TSGTCMNREPUBLISH_SERVICE,TSGTCmnRepublish_Service,01.00.0000,UpdateLog_BO(i3),Adapter_Invoke,,,,/Logger/{Logger_Id}/action/reprocessInstanceLog,TSGTRESTVBCSBO_CONN,UpdateLog_BO,
TSGTCMNREPUBLISH_SERVICE_01.00.0000.iar.yaml,TSGTCMNREPUBLISH_SERVICE|01.00.0000,TSGTCMNREPUBLISH_SERVICE,TSGTCmnRepublish_Service,01.00.0000,getTransactionBo(i6),Adapter_Invoke,,,,/Logger/{Logger_Id}/action/updateTransaction,TSGTRESTVBCSBO_CONN,getTransactionBo,
TSGTCMNREPUBLISH_SERVICE_01.00.0000.iar.yaml,TSGTCMNREPUBLISH_SERVICE|01.00.0000,TSGTCMNREPUBLISH_SERVICE,TSGTCmnRepublish_Service,01.00.0000,gettransactionTypeId_1(i8),Adapter_Invoke,,,,/Transactions,TSGTRESTVBCSBO_CONN,gettransactionTypeId_1,
TSGTCMNREPUBLISH_SERVICE_01.00.0000.iar.yaml,TSGTCMNREPUBLISH_SERVICE|01.00.0000,TSGTCMNREPUBLISH_SERVICE,TSGTCmnRepublish_Service,01.00.0000,invokeErrNotification(i9),IntegrationAction,CIF_UTIL_CMN_NOTIFI_SERVIC,01.00.0000,,/notification,PRESEEDED_COLLOCATED_CONN_1741,invokeErrNotification,
TSGTCMNREPUBLISH_SERVICE_01.00.0000.iar.yaml,TSGTCMNREPUBLISH_SERVICE|01.00.0000,TSGTCMNREPUBLISH_SERVICE,TSGTCmnRepublish_Service,01.00.0000,UpdateTransactions(i13),IntegrationAction,TSGTCMNUPSERTINS_SERVICE,01.00.0000,TSGTCmnUpsertInstanceTransaction_Service,/UpsertInstanceTransaction,PRESEEDED_COLLOCATED_CONN_1741,UpdateTransactions,
TSGTCMNREPUBLISH_SERVICE_01.00.0000.iar.yaml,TSGTCMNREPUBLISH_SERVICE|01.00.0000,TSGTCMNREPUBLISH_SERVICE,TSGTCmnRepublish_Service,01.00.0000,UpdateInsances(i14),IntegrationAction,TSGTCMNUPSERTINS_SERVICE,01.00.0000,TSGTCmnUpsertInstanceTransaction_Service,/UpsertInstanceTransaction,PRESEEDED_COLLOCATED_CONN_1741,UpdateInsances,
TSGTCMNREPUBLISH_SERVICE_01.00.0000.iar.yaml,TSGTCMNREPUBLISH_SERVICE|01.00.0000,TSGTCMNREPUBLISH_SERVICE,TSGTCmnRepublish_Service,01.00.0000,InvokeCMNDispatcher(i1),IntegrationAction,TSGTCMNERPSFTPDISPOBFWK_SERVICE,01.00.0000,TSGTCmnErpSftpDispatcherObFwk_Service,/dispatcher,PRESEEDED_COLLOCATED_CONN_1741,InvokeCMNDispatcher,
TSGTCMNREPUBLISH_SERVICE_01.00.0000.iar.yaml,TSGTCMNREPUBLISH_SERVICE|01.00.0000,TSGTCMNREPUBLISH_SERVICE,TSGTCmnRepublish_Service,01.00.0000,getInstanceBOCount(i5),Adapter_Invoke,,,,/Logger/{Logger_Id}/action/getInstanceCount,TSGTRESTVBCSBO_CONN,getInstanceBOCount,
TSGTCMNREPUBLISH_SERVICE_01.00.0000.iar.yaml,TSGTCMNREPUBLISH_SERVICE|01.00.0000,TSGTCMNREPUBLISH_SERVICE,TSGTCmnRepublish_Service,01.00.0000,UpdateTransactionBO(i10),Adapter_Invoke,,,,/Logger/{Logger_Id}/action/updateTransaction,TSGTRESTVBCSBO_CONN,UpdateTransactionBO,
TSGTCMNREPUBLISH_SERVICE_01.00.0000.iar.yaml,TSGTCMNREPUBLISH_SERVICE|01.00.0000,TSGTCMNREPUBLISH_SERVICE,TSGTCmnRepublish_Service,01.00.0000,invokeErrNotification_1(i12),IntegrationAction,UTIL_CMN_NOTIFICATION_SERVICE,01.00.0000,,/notification,PRESEEDED_COLLOCATED_CONN_1741,invokeErrNotification_1,
TSGTCMNRESENDPRO_SERVICE_01.00.0000.iar.yaml,TSGTCMNRESENDPRO_SERVICE|01.00.0000,TSGTCMNRESENDPRO_SERVICE,TSGTCmnResendProcessingResults_Service,01.00.0000,GetTransactionInfo(i2),Adapter_Invoke,,,,/Transactions,TSGTRESTVBCSBO_CONN,GetTransactionInfo,
TSGTCMNRESENDPRO_SERVICE_01.00.0000.iar.yaml,TSGTCMNRESENDPRO_SERVICE|01.00.0000,TSGTCMNRESENDPRO_SERVICE,TSGTCmnResendProcessingResults_Service,01.00.0000,GetInstanceDetails(i3),Adapter_Invoke,,,,/Instances,TSGTRESTVBCSBO_CONN,GetInstanceDetails,
TSGTCMNRESENDPRO_SERVICE_01.00.0000.iar.yaml,TSGTCMNRESENDPRO_SERVICE|01.00.0000,TSGTCMNRESENDPRO_SERVICE,TSGTCmnResendProcessingResults_Service,01.00.0000,GetMetadataInfo(i1),Adapter_Invoke,,,,/FWKINBOUNDINTGMETADATA,TSGTRESTVBCSBO_CONN,GetMetadataInfo,
TSGTCMNRESENDPRO_SERVICE_01.00.0000.iar.yaml,TSGTCMNRESENDPRO_SERVICE|01.00.0000,TSGTCMNRESENDPRO_SERVICE,TSGTCmnResendProcessingResults_Service,01.00.0000,GetOutboundMetadata(i5),Adapter_Invoke,,,,/FWKOUTBOUNDINTGMETADATA,TSGTRESTVBCSBO_CONN,GetOutboundMetadata,
TSGTCMNRESENDPRO_SERVICE_01.00.0000.iar.yaml,TSGTCMNRESENDPRO_SERVICE|01.00.0000,TSGTCMNRESENDPRO_SERVICE,TSGTCmnResendProcessingResults_Service,01.00.0000,InvokeDownloadObjStrFileService(i4),IntegrationAction,TSGTCMNOBJSTRGFI_SERVICE,01.00.0000,TSGTCmnObjStrgFileDownload_Service,/downloadFileFromObjStorage,PRESEEDED_COLLOCATED_CONN_1741,InvokeDownloadObjStrFileService,
TSGTCMNRESENDPRO_SERVICE_01.00.0000.iar.yaml,TSGTCMNRESENDPRO_SERVICE|01.00.0000,TSGTCMNRESENDPRO_SERVICE,TSGTCmnResendProcessingResults_Service,01.00.0000,InvokeCmnNotificationService(i0),IntegrationAction,TSGTCMNNOTIFICAT_SERVICE,01.00.0000,TSGTCmnNotificationFwk_Service,/Notify,PRESEEDED_COLLOCATED_CONN_1741,InvokeCmnNotificationService,
TSGTCMNSENDESSLOGOUTPUTEMAIL_01.00.0000.iar.yaml,TSGTCMNSENDESSLOGOUTPUTEMAIL|01.00.0000,TSGTCMNSENDESSLOGOUTPUTEMAIL,TSGTCmnSendESSLogOutputEmail,01.00.0000,GetEssJobInstanceId(i2),Adapter_Invoke,,,,,TSGTSOAPERPBIP_CONN,GetEssJobInstanceId,
TSGTCMNSENDESSLOGOUTPUTEMAIL_01.00.0000.iar.yaml,TSGTCMNSENDESSLOGOUTPUTEMAIL|01.00.0000,TSGTCMNSENDESSLOGOUTPUTEMAIL,TSGTCmnSendESSLogOutputEmail,01.00.0000,GetESSJobName(i0),Adapter_Invoke,,,,,TSGTERPCLOUD_CONN,GetESSJobName,
TSGTCMNSENDESSLOGOUTPUTEMAIL_01.00.0000.iar.yaml,TSGTCMNSENDESSLOGOUTPUTEMAIL|01.00.0000,TSGTCMNSENDESSLOGOUTPUTEMAIL,TSGTCmnSendESSLogOutputEmail,01.00.0000,DownloadESSJobDetails(i1),Adapter_Invoke,,,,,TSGTERPCLOUD_CONN,DownloadESSJobDetails,
TSGTCMNSENDESSLOGOUTPUTEMAIL_01.00.0000.iar.yaml,TSGTCMNSENDESSLOGOUTPUTEMAIL|01.00.0000,TSGTCMNSENDESSLOGOUTPUTEMAIL,TSGTCmnSendESSLogOutputEmail,01.00.0000,GetJobOutputId(i3),Adapter_Invoke,,,,,TSGTSOAPSCHEDSER_CONN,GetJobOutputId,
TSGTCMNSENDESSLOGOUTPUTEMAIL_01.00.0000.iar.yaml,TSGTCMNSENDESSLOGOUTPUTEMAIL|01.00.0000,TSGTCMNSENDESSLOGOUTPUTEMAIL,TSGTCmnSendESSLogOutputEmail,01.00.0000,GetDocumentData(i4),Adapter_Invoke,,,,,TSGTSOAPSCHEDSER_CONN,GetDocumentData,
TSGTCMNSENDESSLOGOUTPUTEMAIL_01.00.0000.iar.yaml,TSGTCMNSENDESSLOGOUTPUTEMAIL|01.00.0000,TSGTCMNSENDESSLOGOUTPUTEMAIL,TSGTCmnSendESSLogOutputEmail,01.00.0000,SendEmailESS(i6),IntegrationAction,TSGTCMNNOTIFICAT_SERVICE,01.00.0000,TSGTCmnNotificationFwk_Service,/Notify,PRESEEDED_COLLOCATED_CONN_1741,SendEmailESS,
TSGTCMNSFTPFILEO_SERVICE_01.00.0000.iar.yaml,TSGTCMNSFTPFILEO_SERVICE|01.00.0000,TSGTCMNSFTPFILEO_SERVICE,TSGTCmnSFTPFileOperation_Service,01.00.0000,DeleteFile(i0),Adapter_Invoke,,,,,TSGTFTP_CONN,DeleteFile,
TSGTCMNSFTPFILEO_SERVICE_01.00.0000.iar.yaml,TSGTCMNSFTPFILEO_SERVICE|01.00.0000,TSGTCMNSFTPFILEO_SERVICE,TSGTCmnSFTPFileOperation_Service,01.00.0000,MoveFile(i1),Adapter_Invoke,,,,,TSGTFTP_CONN,MoveFile,
TSGTCMNSFTPPURGE_SERVICE_01.00.0000.iar.yaml,TSGTCMNSFTPPURGE_SERVICE|01.00.0000,TSGTCMNSFTPPURGE_SERVICE,TSGTCmnSFTPPurge_Service,01.00.0000,GetInboundMetadata(i0),Adapter_Invoke,,,,/FWKINBOUNDINTGMETADATA,TSGTRESTVBCSBO_CONN,GetInboundMetadata,
TSGTCMNSFTPPURGE_SERVICE_01.00.0000.iar.yaml,TSGTCMNSFTPPURGE_SERVICE|01.00.0000,TSGTCMNSFTPPURGE_SERVICE,TSGTCmnSFTPPurge_Service,01.00.0000,GetOutboundMetadata(i1),Adapter_Invoke,,,,/FWKOUTBOUNDINTGMETADATA,TSGTRESTVBCSBO_CONN,GetOutboundMetadata,
TSGTCMNSFTPPURGE_SERVICE_01.00.0000.iar.yaml,TSGTCMNSFTPPURGE_SERVICE|01.00.0000,TSGTCMNSFTPPURGE_SERVICE,TSGTCmnSFTPPurge_Service,01.00.0000,ListFiles(i2),Adapter_Invoke,,,,,TSGTFTP_CONN,ListFiles,
TSGTCMNSFTPPURGE_SERVICE_01.00.0000.iar.yaml,TSGTCMNSFTPPURGE_SERVICE|01.00.0000,TSGTCMNSFTPPURGE_SERVICE,TSGTCmnSFTPPurge_Service,01.00.0000,InvokeFileRetentionCheck(i3),IntegrationAction,TSGTFILERETENTIONCHECK,01.00.0000,TSGTFileRetentionCheck,/,PRESEEDED_COLLOCATED_CONN_1741,InvokeFileRetentionCheck,
TSGTCMNSFTPPURGE_SERVICE_01.00.0000.iar.yaml,TSGTCMNSFTPPURGE_SERVICE|01.00.0000,TSGTCMNSFTPPURGE_SERVICE,TSGTCmnSFTPPurge_Service,01.00.0000,DeleteFile(i4),Adapter_Invoke,,,,,TSGTFTP_CONN,DeleteFile,
TSGTCMNSFTPPURGE_SERVICE_01.00.0000.iar.yaml,TSGTCMNSFTPPURGE_SERVICE|01.00.0000,TSGTCMNSFTPPURGE_SERVICE,TSGTCmnSFTPPurge_Service,01.00.0000,InvokeNotificationService(i5),IntegrationAction,TSGTCMNNOTIFICAT_SERVICE,01.00.0000,TSGTCmnNotificationFwk_Service,/Notify,PRESEEDED_COLLOCATED_CONN_1741,InvokeNotificationService,
TSGTCMNSFTPTOOBJSTORAGEMOV_SERVI_01.00.0000.iar.yaml,TSGTCMNSFTPTOOBJSTORAGEMOV_SERVI|01.00.0000,TSGTCMNSFTPTOOBJSTORAGEMOV_SERVI,TSGTCmnSFTPtoObjectStorageMove_Service,01.00.0000,GetSourceFileFromSFTP(i2),Adapter_Invoke,,,,,TSGTFTP_CONN,GetSourceFileFromSFTP,
TSGTCMNSFTPTOOBJSTORAGEMOV_SERVI_01.00.0000.iar.yaml,TSGTCMNSFTPTOOBJSTORAGEMOV_SERVI|01.00.0000,TSGTCMNSFTPTOOBJSTORAGEMOV_SERVI,TSGTCmnSFTPtoObjectStorageMove_Service,01.00.0000,MoveFileToBucket(i0),Adapter_Invoke,,,,/n/{namespaceName}/b/{bucketName}/o/{objectName},TSGTOBJECTSTORAG_CONN,MoveFileToBucket,
TSGTCMNSRCOBJSTOTGTOBJSMO_SERVIC_01.00.0000.iar.yaml,TSGTCMNSRCOBJSTOTGTOBJSMO_SERVIC|01.00.0000,TSGTCMNSRCOBJSTOTGTOBJSMO_SERVIC,TSGTCmnSrcObjStorageToTgtObjStorageMove_Service,01.00.0000,GetFileFromSourceBucket(i0),Adapter_Invoke,,,,/n/{namespace}/b/{bucketName}/o/{objectName},TSGTOBJECTSTORAG_CONN,GetFileFromSourceBucket,
TSGTCMNSRCOBJSTOTGTOBJSMO_SERVIC_01.00.0000.iar.yaml,TSGTCMNSRCOBJSTOTGTOBJSMO_SERVIC|01.00.0000,TSGTCMNSRCOBJSTOTGTOBJSMO_SERVIC,TSGTCmnSrcObjStorageToTgtObjStorageMove_Service,01.00.0000,MoveFileToBucket(i1),Adapter_Invoke,,,,/n/{namespace}/b/{bucketName}/o/{objectName},TSGTOBJECTSTORAG_CONN,MoveFileToBucket,
TSGTCMNSRCOBJSTOTGTOBJSMO_SERVIC_01.00.0000.iar.yaml,TSGTCMNSRCOBJSTOTGTOBJSMO_SERVIC|01.00.0000,TSGTCMNSRCOBJSTOTGTOBJSMO_SERVIC,TSGTCmnSrcObjStorageToTgtObjStorageMove_Service,01.00.0000,DeleteFileFromObjectStorage(i2),Adapter_Invoke,,,,/n/{namespacename}/b/{bucketName}/o/{objectName},TSGTOBJECTSTORAG_CONN,DeleteFileFromObjectStorage,
TSGTCMNUCMTOOBJEMOVE_SERVICE_01.00.0000.iar.yaml,TSGTCMNUCMTOOBJEMOVE_SERVICE|01.00.0000,TSGTCMNUCMTOOBJEMOVE_SERVICE,TSGTCmnUCMToObjectStorageMove_Service,01.00.0000,GetFileFromUCM(i0),Adapter_Invoke,,,,,TSGTSOAPORCLGENE_CONN,GetFileFromUCM,
TSGTCMNUCMTOOBJEMOVE_SERVICE_01.00.0000.iar.yaml,TSGTCMNUCMTOOBJEMOVE_SERVICE|01.00.0000,TSGTCMNUCMTOOBJEMOVE_SERVICE,TSGTCmnUCMToObjectStorageMove_Service,01.00.0000,UploadDocFileToBucket(i1),Adapter_Invoke,,,,/n/{nameSpaceName}/b/{bucketName}/o/{objectName},TSGTOBJECTSTORAG_CONN,UploadDocFileToBucket,
TSGTCMNUCMTOSFTP_SERVICE_01.00.0000.iar.yaml,TSGTCMNUCMTOSFTP_SERVICE|01.00.0000,TSGTCMNUCMTOSFTP_SERVICE,TSGTCmnUCMtoSFTPMove_Service,01.00.0000,GetFileFromUCM(i0),Adapter_Invoke,,,,,TSGTSOAPORCLGENE_CONN,GetFileFromUCM,
TSGTCMNUCMTOSFTP_SERVICE_01.00.0000.iar.yaml,TSGTCMNUCMTOSFTP_SERVICE|01.00.0000,TSGTCMNUCMTOSFTP_SERVICE,TSGTCmnUCMtoSFTPMove_Service,01.00.0000,MoveToBOCC(i1),Adapter_Invoke,,,,,TSGTFTP_CONN,MoveToBOCC,
TSGTCMNUPSERTINS_SERVICE_01.00.0002.iar.yaml,TSGTCMNUPSERTINS_SERVICE|01.00.0002,TSGTCMNUPSERTINS_SERVICE,TSGTCmnUpsertInstanceTransaction_Service,01.00.0002,UpdateTransactionBoStatus(i1),Adapter_Invoke,,,,/Logger/{Logger_Id}/action/updateTransaction,TSGTRESTVBCSBO_CONN,UpdateTransactionBoStatus,
TSGTCMNUPSERTINS_SERVICE_01.00.0002.iar.yaml,TSGTCMNUPSERTINS_SERVICE|01.00.0002,TSGTCMNUPSERTINS_SERVICE,TSGTCmnUpsertInstanceTransaction_Service,01.00.0002,UpdateInstanceBO(i0),Adapter_Invoke,,,,/Logger/{Logger_Id}/action/updateLog,TSGTRESTVBCSBO_CONN,UpdateInstanceBO,
TSGTCMNUTILFILEU_SERVICE_01.00.0001.iar.yaml,TSGTCMNUTILFILEU_SERVICE|01.00.0001,TSGTCMNUTILFILEU_SERVICE,TSGTCmnUtilFileUpload_Service,01.00.0001,UploadEachFiletoSFTP(i1),Adapter_Invoke,,,,,TSGTFTP_CONN,UploadEachFiletoSFTP,
TSGTCMNUTILFILEU_SERVICE_01.00.0001.iar.yaml,TSGTCMNUTILFILEU_SERVICE|01.00.0001,TSGTCMNUTILFILEU_SERVICE,TSGTCmnUtilFileUpload_Service,01.00.0001,UploadZIPtoSFTP(i2),Adapter_Invoke,,,,,TSGTFTP_CONN,UploadZIPtoSFTP,
TSGTCMNUTILFILEU_SERVICE_01.00.0001.iar.yaml,TSGTCMNUTILFILEU_SERVICE|01.00.0001,TSGTCMNUTILFILEU_SERVICE,TSGTCmnUtilFileUpload_Service,01.00.0001,UploadFileToSFTP(i0),Adapter_Invoke,,,,,TSGTFTP_CONN,UploadFileToSFTP,
TSGTCMNWITHPARAM_SERVICE_01.00.0000.iar.yaml,TSGTCMNWITHPARAM_SERVICE|01.00.0000,TSGTCMNWITHPARAM_SERVICE,TSGTCmnWithParamIntg_Service,01.00.0000,InvokeCommonLauncherService(i0),IntegrationAction,TSGTCMNLAUNCHERF_SERVICE,01.00.0000,TSGTCmnLauncherFwk_Service,/invokeLauncher,PRESEEDED_COLLOCATED_CONN_1741,InvokeCommonLauncherService,
TSGTCMNWITHPARAM_SERVICE_01.00.0000.iar.yaml,TSGTCMNWITHPARAM_SERVICE|01.00.0000,TSGTCMNWITHPARAM_SERVICE,TSGTCmnWithParamIntg_Service,01.00.0000,SendNotification(i2),IntegrationAction,TSGTCMNNOTIFICAT_SERVICE,01.00.0000,TSGTCmnNotificationFwk_Service,/Notify,PRESEEDED_COLLOCATED_CONN_1741,SendNotification,
TSGTCMNXRE_INTGSERVIC_OB_01.00.0000.iar.yaml,TSGTCMNXRE_INTGSERVIC_OB|01.00.0000,TSGTCMNXRE_INTGSERVIC_OB,TSGTCmnXrefExtract_IntgService_OB,01.00.0000,GetOutboundMetadata(i5),Adapter_Invoke,,,,/FWKOUTBOUNDINTGMETADATA,TSGTRESTVBCSBO_CONN,GetOutboundMetadata,
TSGTCMNXRE_INTGSERVIC_OB_01.00.0000.iar.yaml,TSGTCMNXRE_INTGSERVIC_OB|01.00.0000,TSGTCMNXRE_INTGSERVIC_OB,TSGTCmnXrefExtract_IntgService_OB,01.00.0000,InvokeLauncherService(i1),IntegrationAction,TSGTCMNLAUNCHERF_SERVICE,01.00.0000,TSGTCmnLauncherFwk_Service,/invokeLauncher,PRESEEDED_COLLOCATED_CONN_1741,InvokeLauncherService,
TSGTCMNXRE_INTGSERVIC_OB_01.00.0000.iar.yaml,TSGTCMNXRE_INTGSERVIC_OB|01.00.0000,TSGTCMNXRE_INTGSERVIC_OB,TSGTCmnXrefExtract_IntgService_OB,01.00.0000,InvokeNotification(i2),IntegrationAction,TSGTCMNNOTIFICAT_SERVICE,01.00.0000,TSGTCmnNotificationFwk_Service,/Notify,PRESEEDED_COLLOCATED_CONN_1741,InvokeNotification,
TSGTCMNXRE_INTGSERVIC_OB_01.00.0000.iar.yaml,TSGTCMNXRE_INTGSERVIC_OB|01.00.0000,TSGTCMNXRE_INTGSERVIC_OB,TSGTCmnXrefExtract_IntgService_OB,01.00.0000,InvokeGlobalErrorHandler(i4),IntegrationAction,TSGTCMNNOTIFICAT_SERVICE,01.00.0000,TSGTCmnNotificationFwk_Service,/Notify,PRESEEDED_COLLOCATED_CONN_1741,InvokeGlobalErrorHandler,
TSGTEMPLOYEEFIDELITYDELIVERY_02.00.0001.iar.yaml,TSGTEMPLOYEEFIDELITYDELIVERY|02.00.0001,TSGTEMPLOYEEFIDELITYDELIVERY,TSGTEmployeeFidelityDelivery,02.00.0001,GetConfigs(i2),RESTToOIC,TSGTGETCONFIGS_SERVICE,1.0,TSGTGetConfigs_Service,/api/integration/v1/flows/rest/TSGTGETCONFIGS_SERVICE/1.0/configs,TSGTRESTOICINVOK_CONN,GetConfigs,
TSGTEMPLOYEEFIDELITYDELIVERY_02.00.0001.iar.yaml,TSGTEMPLOYEEFIDELITYDELIVERY|02.00.0001,TSGTEMPLOYEEFIDELITYDELIVERY,TSGTEmployeeFidelityDelivery,02.00.0001,isFileAvailable(i10),Adapter_Invoke,,,,,TSGTFTP_CONN,isFileAvailable,
TSGTEMPLOYEEFIDELITYDELIVERY_02.00.0001.iar.yaml,TSGTEMPLOYEEFIDELITYDELIVERY|02.00.0001,TSGTEMPLOYEEFIDELITYDELIVERY,TSGTEmployeeFidelityDelivery,02.00.0001,DownloadEmployeeFile(i0),Adapter_Invoke,,,,,TSGTFTP_CONN,DownloadEmployeeFile,
TSGTEMPLOYEEFIDELITYDELIVERY_02.00.0001.iar.yaml,TSGTEMPLOYEEFIDELITYDELIVERY|02.00.0001,TSGTEMPLOYEEFIDELITYDELIVERY,TSGTEmployeeFidelityDelivery,02.00.0001,UploadFile(i1),Adapter_Invoke,,,,,TSGTFIDELITYFTP_CONN,UploadFile,
TSGTEMPLOYEEFIDELITYDELIVERY_02.00.0001.iar.yaml,TSGTEMPLOYEEFIDELITYDELIVERY|02.00.0001,TSGTEMPLOYEEFIDELITYDELIVERY,TSGTEmployeeFidelityDelivery,02.00.0001,ArchiveFile(i6),Adapter_Invoke,,,,,TSGTFTP_CONN,ArchiveFile,
TSGTEMPLOYEEFIDELITYDELIVERY_02.00.0001.iar.yaml,TSGTEMPLOYEEFIDELITYDELIVERY|02.00.0001,TSGTEMPLOYEEFIDELITYDELIVERY,TSGTEmployeeFidelityDelivery,02.00.0001,DeleteFile(i8),Adapter_Invoke,,,,,TSGTFTP_CONN,DeleteFile,
TSGTEMPLOYEEFIDELITYDELIVERY_02.00.0001.iar.yaml,TSGTEMPLOYEEFIDELITYDELIVERY|02.00.0001,TSGTEMPLOYEEFIDELITYDELIVERY,TSGTEmployeeFidelityDelivery,02.00.0001,sendFNFWarningMessage(i11),IntegrationAction,TSGTPUBLISHAUDIT_SERVICE,01.00.0000,TSGTPublishAuditing_Service,/auditing,PRESEEDED_COLLOCATED_CONN_1741,sendFNFWarningMessage,
TSGTEMPLOYEEFIDELITYDELIVERY_02.00.0001.iar.yaml,TSGTEMPLOYEEFIDELITYDELIVERY|02.00.0001,TSGTEMPLOYEEFIDELITYDELIVERY,TSGTEmployeeFidelityDelivery,02.00.0001,isFileNonQAvailable(i12),Adapter_Invoke,,,,,TSGTFTP_CONN,isFileNonQAvailable,
TSGTEMPLOYEEFIDELITYDELIVERY_02.00.0001.iar.yaml,TSGTEMPLOYEEFIDELITYDELIVERY|02.00.0001,TSGTEMPLOYEEFIDELITYDELIVERY,TSGTEmployeeFidelityDelivery,02.00.0001,DownloadNonQualFile(i3),Adapter_Invoke,,,,,TSGTFTP_CONN,DownloadNonQualFile,
TSGTEMPLOYEEFIDELITYDELIVERY_02.00.0001.iar.yaml,TSGTEMPLOYEEFIDELITYDELIVERY|02.00.0001,TSGTEMPLOYEEFIDELITYDELIVERY,TSGTEmployeeFidelityDelivery,02.00.0001,UploadNonQualFile(i4),Adapter_Invoke,,,,,TSGTFIDELITYFTP_CONN,UploadNonQualFile,
TSGTEMPLOYEEFIDELITYDELIVERY_02.00.0001.iar.yaml,TSGTEMPLOYEEFIDELITYDELIVERY|02.00.0001,TSGTEMPLOYEEFIDELITYDELIVERY,TSGTEmployeeFidelityDelivery,02.00.0001,ArchiveNonQualFile(i7),Adapter_Invoke,,,,,TSGTFTP_CONN,ArchiveNonQualFile,
TSGTEMPLOYEEFIDELITYDELIVERY_02.00.0001.iar.yaml,TSGTEMPLOYEEFIDELITYDELIVERY|02.00.0001,TSGTEMPLOYEEFIDELITYDELIVERY,TSGTEmployeeFidelityDelivery,02.00.0001,DeletenonQualFile(i9),Adapter_Invoke,,,,,TSGTFTP_CONN,DeletenonQualFile,
TSGTEMPLOYEEFIDELITYDELIVERY_02.00.0001.iar.yaml,TSGTEMPLOYEEFIDELITYDELIVERY|02.00.0001,TSGTEMPLOYEEFIDELITYDELIVERY,TSGTEmployeeFidelityDelivery,02.00.0001,emailWarningNonQFNT(i13),IntegrationAction,TSGTPUBLISHAUDIT_SERVICE,01.00.0000,TSGTPublishAuditing_Service,/auditing,PRESEEDED_COLLOCATED_CONN_1741,emailWarningNonQFNT,
TSGTEMPLOYEEFIDELITYDELIVERY_02.00.0001.iar.yaml,TSGTEMPLOYEEFIDELITYDELIVERY|02.00.0001,TSGTEMPLOYEEFIDELITYDELIVERY,TSGTEmployeeFidelityDelivery,02.00.0001,PublishAuditing(i5),RESTToOIC,TSGTPUBLISHAUDIT_SERVICE,1.0,TSGTPublishAuditing_Service,/api/integration/v1/flows/rest/TSGTPUBLISHAUDIT_SERVICE/1.0/auditing,TSGTRESTOICINVOK_CONN,PublishAuditing,
TSGTEMPLOYEESBCPPROCESS_02.00.0002.iar.yaml,TSGTEMPLOYEESBCPPROCESS|02.00.0002,TSGTEMPLOYEESBCPPROCESS,TSGTEmployeesBCPProcess,02.00.0002,GetConfigs(i1),RESTToOIC,TSGTGETCONFIGS_SERVICE,1.0,TSGTGetConfigs_Service,/api/integration/v1/flows/rest/TSGTGETCONFIGS_SERVICE/1.0/configs,TSGTRESTOICINVOK_CONN,GetConfigs,
TSGTEMPLOYEESBCPPROCESS_02.00.0002.iar.yaml,TSGTEMPLOYEESBCPPROCESS|02.00.0002,TSGTEMPLOYEESBCPPROCESS,TSGTEmployeesBCPProcess,02.00.0002,ReadExtract(i0),Adapter_Invoke,,,,,TSGTFTP_CONN,ReadExtract,
TSGTEMPLOYEESBCPPROCESS_02.00.0002.iar.yaml,TSGTEMPLOYEESBCPPROCESS|02.00.0002,TSGTEMPLOYEESBCPPROCESS,TSGTEmployeesBCPProcess,02.00.0002,UpdateContacts(i2),Adapter_Invoke,,,,,TSGTSALESFORCESA_CONN,UpdateContacts,
TSGTEMPLOYEESBCPPROCESS_02.00.0002.iar.yaml,TSGTEMPLOYEESBCPPROCESS|02.00.0002,TSGTEMPLOYEESBCPPROCESS,TSGTEmployeesBCPProcess,02.00.0002,UpdateTermination(i6),Adapter_Invoke,,,,,TSGTSALESFORCESA_CONN,UpdateTermination,
TSGTEMPLOYEESBCPPROCESS_02.00.0002.iar.yaml,TSGTEMPLOYEESBCPPROCESS|02.00.0002,TSGTEMPLOYEESBCPPROCESS,TSGTEmployeesBCPProcess,02.00.0002,CompleteJob(i3),Adapter_Invoke,,,,,TSGTSALESFORCESA_CONN,CompleteJob,
TSGTEMPLOYEESBCPPROCESS_02.00.0002.iar.yaml,TSGTEMPLOYEESBCPPROCESS|02.00.0002,TSGTEMPLOYEESBCPPROCESS,TSGTEmployeesBCPProcess,02.00.0002,GetStatus(i5),Adapter_Invoke,,,,,TSGTSALESFORCESA_CONN,GetStatus,
TSGTEMPLOYEESBCPPROCESS_02.00.0002.iar.yaml,TSGTEMPLOYEESBCPPROCESS|02.00.0002,TSGTEMPLOYEESBCPPROCESS,TSGTEmployeesBCPProcess,02.00.0002,NotifyFault(i7),IntegrationAction,TSGTAUDITINGPROC_SERVICE,01.03.0000,TSGTAuditingProcess_Service,/auditing,PRESEEDED_COLLOCATED_CONN_1741,NotifyFault,
TSGTEMPLOYEESBENEFITHUBPROCESS_02.00.0000.iar.yaml,TSGTEMPLOYEESBENEFITHUBPROCESS|02.00.0000,TSGTEMPLOYEESBENEFITHUBPROCESS,TSGTEmployeesBenefithubProcess,02.00.0000,GetConfigs(i1),RESTToOIC,TSGTGETCONFIGS_SERVICE,1.0,TSGTGetConfigs_Service,/api/integration/v1/flows/rest/TSGTGETCONFIGS_SERVICE/1.0/configs,TSGTRESTOICINVOK_CONN,GetConfigs,
TSGTEMPLOYEESBENEFITHUBPROCESS_02.00.0000.iar.yaml,TSGTEMPLOYEESBENEFITHUBPROCESS|02.00.0000,TSGTEMPLOYEESBENEFITHUBPROCESS,TSGTEmployeesBenefithubProcess,02.00.0000,SubmitExtract(i0),Adapter_Invoke,,,,,TSGTADAPTERHCM_CONN,SubmitExtract,
TSGTEMPLOYEESBENEFITHUBPROCESS_02.00.0000.iar.yaml,TSGTEMPLOYEESBENEFITHUBPROCESS|02.00.0000,TSGTEMPLOYEESBENEFITHUBPROCESS,TSGTEmployeesBenefithubProcess,02.00.0000,SearchStatus(i2),Adapter_Invoke,,,,,TSGTSOAPREPORTIN_CONN,SearchStatus,
TSGTEMPLOYEESBENEFITHUBPROCESS_02.00.0000.iar.yaml,TSGTEMPLOYEESBENEFITHUBPROCESS|02.00.0000,TSGTEMPLOYEESBENEFITHUBPROCESS,TSGTEmployeesBenefithubProcess,02.00.0000,EmployeesExtract(i3),Adapter_Invoke,,,,,TSGTADAPTERHCM_CONN,EmployeesExtract,
TSGTEMPLOYEESBENEFITHUBPROCESS_02.00.0000.iar.yaml,TSGTEMPLOYEESBENEFITHUBPROCESS|02.00.0000,TSGTEMPLOYEESBENEFITHUBPROCESS,TSGTEmployeesBenefithubProcess,02.00.0000,CopyFile(i4),Adapter_Invoke,,,,,TSGTFTPBENEFITHU_CONN,CopyFile,
TSGTEMPLOYEESBENEFITHUBPROCESS_02.00.0000.iar.yaml,TSGTEMPLOYEESBENEFITHUBPROCESS|02.00.0000,TSGTEMPLOYEESBENEFITHUBPROCESS,TSGTEmployeesBenefithubProcess,02.00.0000,UpdateConfig(i5),RESTToOIC,TSGTUPDATECONFIG_SERVICE,1.0,TSGTUpdateConfigs_Service,/api/integration/v1/flows/rest/TSGTUPDATECONFIG_SERVICE/1.0/configs,TSGTRESTOICINVOK_CONN,UpdateConfig,
TSGTEMPLOYEESBENEFITHUBPROCESS_02.00.0000.iar.yaml,TSGTEMPLOYEESBENEFITHUBPROCESS|02.00.0000,TSGTEMPLOYEESBENEFITHUBPROCESS,TSGTEmployeesBenefithubProcess,02.00.0000,PublishAuditing(i6),RESTToOIC,TSGTPUBLISHAUDIT_SERVICE,1.0,TSGTPublishAuditing_Service,/api/integration/v1/flows/rest/TSGTPUBLISHAUDIT_SERVICE/1.0/auditing,TSGTRESTOICINVOK_CONN,PublishAuditing,
TSGTEMPLOYEESCOLLECTIVEVIEW_02.00.0000.iar.yaml,TSGTEMPLOYEESCOLLECTIVEVIEW|02.00.0000,TSGTEMPLOYEESCOLLECTIVEVIEW,TSGTEmployeesCollectiveView,02.00.0000,GetConfigs(i2),RESTToOIC,TSGTGETCONFIGS_SERVICE,1.0,TSGTGetConfigs_Service,/api/integration/v1/flows/rest/TSGTGETCONFIGS_SERVICE/1.0/configs,TSGTRESTOICINVOK_CONN,GetConfigs,
TSGTEMPLOYEESCOLLECTIVEVIEW_02.00.0000.iar.yaml,TSGTEMPLOYEESCOLLECTIVEVIEW|02.00.0000,TSGTEMPLOYEESCOLLECTIVEVIEW,TSGTEmployeesCollectiveView,02.00.0000,EmployeesExtract(i3),Adapter_Invoke,,,,,TSGTADAPTERHCM_CONN,EmployeesExtract,
TSGTEMPLOYEESCOLLECTIVEVIEW_02.00.0000.iar.yaml,TSGTEMPLOYEESCOLLECTIVEVIEW|02.00.0000,TSGTEMPLOYEESCOLLECTIVEVIEW,TSGTEmployeesCollectiveView,02.00.0000,WriteFile(i0),Adapter_Invoke,,,,,TSGTFTPCOLLECTIV_CONN,WriteFile,
TSGTEMPLOYEESCOLLECTIVEVIEW_02.00.0000.iar.yaml,TSGTEMPLOYEESCOLLECTIVEVIEW|02.00.0000,TSGTEMPLOYEESCOLLECTIVEVIEW,TSGTEmployeesCollectiveView,02.00.0000,UpdateConfigs(i1),RESTToOIC,TSGTUPDATECONFIG_SERVICE,1.0,TSGTUpdateConfigs_Service,/api/integration/v1/flows/rest/TSGTUPDATECONFIG_SERVICE/1.0/configs,TSGTRESTOICINVOK_CONN,UpdateConfigs,
TSGTEMPLOYEESCOLLECTIVEVIEW_02.00.0000.iar.yaml,TSGTEMPLOYEESCOLLECTIVEVIEW|02.00.0000,TSGTEMPLOYEESCOLLECTIVEVIEW,TSGTEmployeesCollectiveView,02.00.0000,PublishAuditing(i4),RESTToOIC,TSGTPUBLISHAUDIT_SERVICE,1.0,TSGTPublishAuditing_Service,/api/integration/v1/flows/rest/TSGTPUBLISHAUDIT_SERVICE/1.0/auditing,TSGTRESTOICINVOK_CONN,PublishAuditing,
TSGTEMPLOYEESCORITYPROCESS_02.07.0000.iar.yaml,TSGTEMPLOYEESCORITYPROCESS|02.07.0000,TSGTEMPLOYEESCORITYPROCESS,TSGTEmployeesCorityProcess,02.07.0000,GetConfigs(i2),RESTToOIC,TSGTGETCONFIGS_SERVICE,1.0,TSGTGetConfigs_Service,/api/integration/v1/flows/rest/TSGTGETCONFIGS_SERVICE/1.0/configs,TSGTRESTOICINVOK_CONN,GetConfigs,
TSGTEMPLOYEESCORITYPROCESS_02.07.0000.iar.yaml,TSGTEMPLOYEESCORITYPROCESS|02.07.0000,TSGTEMPLOYEESCORITYPROCESS,TSGTEmployeesCorityProcess,02.07.0000,Cority_Password(i4),IntegrationAction,GET_SECRET_BY_NAME,01.00.0000,Get Secret By Name,/getByName,PRESEEDED_COLLOCATED_CONN_1741,Cority_Password,
TSGTEMPLOYEESCORITYPROCESS_02.07.0000.iar.yaml,TSGTEMPLOYEESCORITYPROCESS|02.07.0000,TSGTEMPLOYEESCORITYPROCESS,TSGTEmployeesCorityProcess,02.07.0000,GetPersonTypes(i10),Adapter_Invoke,,,,/personTypesLOV,TSGTRESTHCMCLOUD_CONN,GetPersonTypes,
TSGTEMPLOYEESCORITYPROCESS_02.07.0000.iar.yaml,TSGTEMPLOYEESCORITYPROCESS|02.07.0000,TSGTEMPLOYEESCORITYPROCESS,TSGTEmployeesCorityProcess,02.07.0000,GetHireDates(i5),Adapter_Invoke,,,,,TSGTSOAPREPORTIN_CONN,GetHireDates,
TSGTEMPLOYEESCORITYPROCESS_02.07.0000.iar.yaml,TSGTEMPLOYEESCORITYPROCESS|02.07.0000,TSGTEMPLOYEESCORITYPROCESS,TSGTEmployeesCorityProcess,02.07.0000,SearchDepartmentList(i16),Adapter_Invoke,,,,,TSGTSOAPGENERICI_CONN,SearchDepartmentList,
TSGTEMPLOYEESCORITYPROCESS_02.07.0000.iar.yaml,TSGTEMPLOYEESCORITYPROCESS|02.07.0000,TSGTEMPLOYEESCORITYPROCESS,TSGTEmployeesCorityProcess,02.07.0000,GetDocument(i15),Adapter_Invoke,,,,,TSGTSOAPGENERICI_CONN,GetDocument,
TSGTEMPLOYEESCORITYPROCESS_02.07.0000.iar.yaml,TSGTEMPLOYEESCORITYPROCESS|02.07.0000,TSGTEMPLOYEESCORITYPROCESS,TSGTEmployeesCorityProcess,02.07.0000,GetWorker(i6),Adapter_Invoke,,,,/workers,TSGTRESTHCMCLOUD_CONN,GetWorker,
TSGTEMPLOYEESCORITYPROCESS_02.07.0000.iar.yaml,TSGTEMPLOYEESCORITYPROCESS|02.07.0000,TSGTEMPLOYEESCORITYPROCESS,TSGTEmployeesCorityProcess,02.07.0000,GetLocation(i8),Adapter_Invoke,,,,/locations,TSGTRESTHCMCLOUD_CONN,GetLocation,
TSGTEMPLOYEESCORITYPROCESS_02.07.0000.iar.yaml,TSGTEMPLOYEESCORITYPROCESS|02.07.0000,TSGTEMPLOYEESCORITYPROCESS,TSGTEmployeesCorityProcess,02.07.0000,GetJob(i9),Adapter_Invoke,,,,/jobs,TSGTRESTHCMCLOUD_CONN,GetJob,
TSGTEMPLOYEESCORITYPROCESS_02.07.0000.iar.yaml,TSGTEMPLOYEESCORITYPROCESS|02.07.0000,TSGTEMPLOYEESCORITYPROCESS,TSGTEmployeesCorityProcess,02.07.0000,GetManager(i12),Adapter_Invoke,,,,/workers,TSGTRESTHCMCLOUD_CONN,GetManager,
TSGTEMPLOYEESCORITYPROCESS_02.07.0000.iar.yaml,TSGTEMPLOYEESCORITYPROCESS|02.07.0000,TSGTEMPLOYEESCORITYPROCESS,TSGTEmployeesCorityProcess,02.07.0000,PublishAuditing4Employee(i3),RESTToOIC,TSGTPUBLISHAUDIT_SERVICE,1.0,TSGTPublishAuditing_Service,/api/integration/v1/flows/rest/TSGTPUBLISHAUDIT_SERVICE/1.0/auditing,TSGTRESTOICINVOK_CONN,PublishAuditing4Employee,
TSGTEMPLOYEESCORITYPROCESS_02.07.0000.iar.yaml,TSGTEMPLOYEESCORITYPROCESS|02.07.0000,TSGTEMPLOYEESCORITYPROCESS,TSGTEmployeesCorityProcess,02.07.0000,PublishEmployees2Cority(i0),Adapter_Invoke,,,,,TSGTSOAPCORITYEM_CONN,PublishEmployees2Cority,
TSGTEMPLOYEESCORITYPROCESS_02.07.0000.iar.yaml,TSGTEMPLOYEESCORITYPROCESS|02.07.0000,TSGTEMPLOYEESCORITYPROCESS,TSGTEmployeesCorityProcess,02.07.0000,PublishAuditing(i1),RESTToOIC,TSGTPUBLISHAUDIT_SERVICE,1.0,TSGTPublishAuditing_Service,/api/integration/v1/flows/rest/TSGTPUBLISHAUDIT_SERVICE/1.0/auditing,TSGTRESTOICINVOK_CONN,PublishAuditing,
TSGTEMPLOYEESFIDELITYPROCESS_02.01.0000.iar.yaml,TSGTEMPLOYEESFIDELITYPROCESS|02.01.0000,TSGTEMPLOYEESFIDELITYPROCESS,TSGTEmployeesFidelityProcess,02.01.0000,GetConfigs(i1),RESTToOIC,TSGTGETCONFIGS_SERVICE,1.0,TSGTGetConfigs_Service,/api/integration/v1/flows/rest/TSGTGETCONFIGS_SERVICE/1.0/configs,TSGTRESTOICINVOK_CONN,GetConfigs,
TSGTEMPLOYEESFIDELITYPROCESS_02.01.0000.iar.yaml,TSGTEMPLOYEESFIDELITYPROCESS|02.01.0000,TSGTEMPLOYEESFIDELITYPROCESS,TSGTEmployeesFidelityProcess,02.01.0000,ReadExtract(i0),Adapter_Invoke,,,,,TSGTFTP_CONN,ReadExtract,
TSGTEMPLOYEESFIDELITYPROCESS_02.01.0000.iar.yaml,TSGTEMPLOYEESFIDELITYPROCESS|02.01.0000,TSGTEMPLOYEESFIDELITYPROCESS,TSGTEmployeesFidelityProcess,02.01.0000,Write401kFile(i8),Adapter_Invoke,,,,,TSGTFTP_CONN,Write401kFile,
TSGTEMPLOYEESFIDELITYPROCESS_02.01.0000.iar.yaml,TSGTEMPLOYEESFIDELITYPROCESS|02.01.0000,TSGTEMPLOYEESFIDELITYPROCESS,TSGTEmployeesFidelityProcess,02.01.0000,GetNonQualEmployees(i5),Adapter_Invoke,,,,,TSGTSOAPREPORTIN_CONN,GetNonQualEmployees,
TSGTEMPLOYEESFIDELITYPROCESS_02.01.0000.iar.yaml,TSGTEMPLOYEESFIDELITYPROCESS|02.01.0000,TSGTEMPLOYEESFIDELITYPROCESS,TSGTEmployeesFidelityProcess,02.01.0000,WriteNonQualFile(i2),Adapter_Invoke,,,,,TSGTFTP_CONN,WriteNonQualFile,
TSGTEMPLOYEESFIDELITYPROCESS_02.01.0000.iar.yaml,TSGTEMPLOYEESFIDELITYPROCESS|02.01.0000,TSGTEMPLOYEESFIDELITYPROCESS,TSGTEmployeesFidelityProcess,02.01.0000,PublishError4Employee(i6),RESTToOIC,TSGTPUBLISHAUDIT_SERVICE,1.0,TSGTPublishAuditing_Service,/api/integration/v1/flows/rest/TSGTPUBLISHAUDIT_SERVICE/1.0/auditing,TSGTRESTOICINVOK_CONN,PublishError4Employee,
TSGTEMPLOYEESFIDELITYPROCESS_02.01.0000.iar.yaml,TSGTEMPLOYEESFIDELITYPROCESS|02.01.0000,TSGTEMPLOYEESFIDELITYPROCESS,TSGTEmployeesFidelityProcess,02.01.0000,Write401kTFile(i9),Adapter_Invoke,,,,,TSGTFTP_CONN,Write401kTFile,
TSGTEMPLOYEESFIDELITYPROCESS_02.01.0000.iar.yaml,TSGTEMPLOYEESFIDELITYPROCESS|02.01.0000,TSGTEMPLOYEESFIDELITYPROCESS,TSGTEmployeesFidelityProcess,02.01.0000,GetNonQualTEmployees(i3),Adapter_Invoke,,,,,TSGTSOAPREPORTIN_CONN,GetNonQualTEmployees,
TSGTEMPLOYEESFIDELITYPROCESS_02.01.0000.iar.yaml,TSGTEMPLOYEESFIDELITYPROCESS|02.01.0000,TSGTEMPLOYEESFIDELITYPROCESS,TSGTEmployeesFidelityProcess,02.01.0000,WriteNonQualTFile(i10),Adapter_Invoke,,,,,TSGTFTP_CONN,WriteNonQualTFile,
TSGTEMPLOYEESFIDELITYPROCESS_02.01.0000.iar.yaml,TSGTEMPLOYEESFIDELITYPROCESS|02.01.0000,TSGTEMPLOYEESFIDELITYPROCESS,TSGTEmployeesFidelityProcess,02.01.0000,PublishError4Termination(i7),RESTToOIC,TSGTPUBLISHAUDIT_SERVICE,1.0,TSGTPublishAuditing_Service,/api/integration/v1/flows/rest/TSGTPUBLISHAUDIT_SERVICE/1.0/auditing,TSGTRESTOICINVOK_CONN,PublishError4Termination,
TSGTEMPLOYEESFIDELITYPROCESS_02.01.0000.iar.yaml,TSGTEMPLOYEESFIDELITYPROCESS|02.01.0000,TSGTEMPLOYEESFIDELITYPROCESS,TSGTEmployeesFidelityProcess,02.01.0000,PublishAuditing(i4),RESTToOIC,TSGTPUBLISHAUDIT_SERVICE,1.0,TSGTPublishAuditing_Service,/api/integration/v1/flows/rest/TSGTPUBLISHAUDIT_SERVICE/1.0/auditing,TSGTRESTOICINVOK_CONN,PublishAuditing,
TSGTEMPLOYEESPHONESPROCESS_01.01.0000.iar.yaml,TSGTEMPLOYEESPHONESPROCESS|01.01.0000,TSGTEMPLOYEESPHONESPROCESS,TSGTEmployeesPhonesProcess,01.01.0000,GetConfigs(i0),RESTToOIC,TSGTGETCONFIGS_SERVICE,1.0,TSGTGetConfigs_Service,/api/integration/v1/flows/rest/TSGTGETCONFIGS_SERVICE/1.0/configs,TSGTRESTOICINVOK_CONN,GetConfigs,
TSGTEMPLOYEESPHONESPROCESS_01.01.0000.iar.yaml,TSGTEMPLOYEESPHONESPROCESS|01.01.0000,TSGTEMPLOYEESPHONESPROCESS,TSGTEmployeesPhonesProcess,01.01.0000,GetEmployee(i3),Adapter_Invoke,,,,/workers,TSGTRESTHCMCLOUD_CONN,GetEmployee,
TSGTEMPLOYEESPHONESPROCESS_01.01.0000.iar.yaml,TSGTEMPLOYEESPHONESPROCESS|01.01.0000,TSGTEMPLOYEESPHONESPROCESS,TSGTEmployeesPhonesProcess,01.01.0000,GetExtension(i12),Adapter_Invoke,,,,/User,TSGTREST2ADPROXY_CONN,GetExtension,
TSGTEMPLOYEESPHONESPROCESS_01.01.0000.iar.yaml,TSGTEMPLOYEESPHONESPROCESS|01.01.0000,TSGTEMPLOYEESPHONESPROCESS,TSGTEmployeesPhonesProcess,01.01.0000,AddWorkPhone(i4),Adapter_Invoke,,,,/,TSGTRESTHCMCLOUD_CONN,AddWorkPhone,
TSGTEMPLOYEESPHONESPROCESS_01.01.0000.iar.yaml,TSGTEMPLOYEESPHONESPROCESS|01.01.0000,TSGTEMPLOYEESPHONESPROCESS,TSGTEmployeesPhonesProcess,01.01.0000,UpdateWorkPhone(i5),Adapter_Invoke,,,,/,TSGTRESTHCMCLOUD_CONN,UpdateWorkPhone,
TSGTEMPLOYEESPHONESPROCESS_01.01.0000.iar.yaml,TSGTEMPLOYEESPHONESPROCESS|01.01.0000,TSGTEMPLOYEESPHONESPROCESS,TSGTEmployeesPhonesProcess,01.01.0000,AddExtension(i10),Adapter_Invoke,,,,/,TSGTRESTHCMCLOUD_CONN,AddExtension,
TSGTEMPLOYEESPHONESPROCESS_01.01.0000.iar.yaml,TSGTEMPLOYEESPHONESPROCESS|01.01.0000,TSGTEMPLOYEESPHONESPROCESS,TSGTEmployeesPhonesProcess,01.01.0000,UpdateExtension(i11),Adapter_Invoke,,,,/,TSGTRESTHCMCLOUD_CONN,UpdateExtension,
TSGTEMPLOYEESPHONESPROCESS_01.01.0000.iar.yaml,TSGTEMPLOYEESPHONESPROCESS|01.01.0000,TSGTEMPLOYEESPHONESPROCESS,TSGTEmployeesPhonesProcess,01.01.0000,AddWorkMobile(i13),Adapter_Invoke,,,,/,TSGTRESTHCMCLOUD_CONN,AddWorkMobile,
TSGTEMPLOYEESPHONESPROCESS_01.01.0000.iar.yaml,TSGTEMPLOYEESPHONESPROCESS|01.01.0000,TSGTEMPLOYEESPHONESPROCESS,TSGTEmployeesPhonesProcess,01.01.0000,UpdateWorkMobile(i14),Adapter_Invoke,,,,/,TSGTRESTHCMCLOUD_CONN,UpdateWorkMobile,
TSGTEMPLOYEESPHONESPROCESS_01.01.0000.iar.yaml,TSGTEMPLOYEESPHONESPROCESS|01.01.0000,TSGTEMPLOYEESPHONESPROCESS,TSGTEmployeesPhonesProcess,01.01.0000,PublishAuditing4Employee(i7),RESTToOIC,TSGTPUBLISHAUDIT_SERVICE,1.0,TSGTPublishAuditing_Service,/api/integration/v1/flows/rest/TSGTPUBLISHAUDIT_SERVICE/1.0/auditing,TSGTRESTOICINVOK_CONN,PublishAuditing4Employee,
TSGTEMPLOYEESPHONESPROCESS_01.01.0000.iar.yaml,TSGTEMPLOYEESPHONESPROCESS|01.01.0000,TSGTEMPLOYEESPHONESPROCESS,TSGTEmployeesPhonesProcess,01.01.0000,PublishAuditing(i6),RESTToOIC,TSGTPUBLISHAUDIT_SERVICE,1.0,TSGTPublishAuditing_Service,/api/integration/v1/flows/rest/TSGTPUBLISHAUDIT_SERVICE/1.0/auditing,TSGTRESTOICINVOK_CONN,PublishAuditing,
TSGTEMPLOYEESSNAPPROCESS_02.01.0001.iar.yaml,TSGTEMPLOYEESSNAPPROCESS|02.01.0001,TSGTEMPLOYEESSNAPPROCESS,TSGTEmployeesSnapProcess,02.01.0001,GetConfigs(i1),IntegrationAction,TSGTGETCONFIGS_SERVICE,01.02.0000,TSGTGetConfigs_Service,/configs,PRESEEDED_COLLOCATED_CONN_1741,GetConfigs,
TSGTEMPLOYEESSNAPPROCESS_02.01.0001.iar.yaml,TSGTEMPLOYEESSNAPPROCESS|02.01.0001,TSGTEMPLOYEESSNAPPROCESS,TSGTEmployeesSnapProcess,02.01.0001,ReadExtract(i0),Adapter_Invoke,,,,,TSGTFTP_CONN,ReadExtract,
TSGTEMPLOYEESSNAPPROCESS_02.01.0001.iar.yaml,TSGTEMPLOYEESSNAPPROCESS|02.01.0001,TSGTEMPLOYEESSNAPPROCESS,TSGTEmployeesSnapProcess,02.01.0001,GetLocationsV2(i10),Adapter_Invoke,,,,/Api/V2/Locations,TSGTSNAPREST_CONN,GetLocationsV2,
TSGTEMPLOYEESSNAPPROCESS_02.01.0001.iar.yaml,TSGTEMPLOYEESSNAPPROCESS|02.01.0001,TSGTEMPLOYEESSNAPPROCESS,TSGTEmployeesSnapProcess,02.01.0001,GetPositionsV2(i18),Adapter_Invoke,,,,/Api/V2/Definitions/Position,TSGTSNAPREST_CONN,GetPositionsV2,
TSGTEMPLOYEESSNAPPROCESS_02.01.0001.iar.yaml,TSGTEMPLOYEESSNAPPROCESS|02.01.0001,TSGTEMPLOYEESSNAPPROCESS,TSGTEmployeesSnapProcess,02.01.0001,GetTeamsV2(i20),Adapter_Invoke,,,,/Api/V2/Definitions/Team,TSGTSNAPREST_CONN,GetTeamsV2,
TSGTEMPLOYEESSNAPPROCESS_02.01.0001.iar.yaml,TSGTEMPLOYEESSNAPPROCESS|02.01.0001,TSGTEMPLOYEESSNAPPROCESS,TSGTEmployeesSnapProcess,02.01.0001,AddJobV2(i21),Adapter_Invoke,,,,/Api/V2/Definitions/Position,TSGTSNAPREST_CONN,AddJobV2,
TSGTEMPLOYEESSNAPPROCESS_02.01.0001.iar.yaml,TSGTEMPLOYEESSNAPPROCESS|02.01.0001,TSGTEMPLOYEESSNAPPROCESS,TSGTEmployeesSnapProcess,02.01.0001,AddDepartmentV2(i16),Adapter_Invoke,,,,/Api/V2/Definitions/Team,TSGTSNAPREST_CONN,AddDepartmentV2,
TSGTEMPLOYEESSNAPPROCESS_02.01.0001.iar.yaml,TSGTEMPLOYEESSNAPPROCESS|02.01.0001,TSGTEMPLOYEESSNAPPROCESS,TSGTEmployeesSnapProcess,02.01.0001,CheckEmployeeV2(i5),Adapter_Invoke,,,,/Api/V2/employees,TSGTSNAPREST_CONN,CheckEmployeeV2,
TSGTEMPLOYEESSNAPPROCESS_02.01.0001.iar.yaml,TSGTEMPLOYEESSNAPPROCESS|02.01.0001,TSGTEMPLOYEESSNAPPROCESS,TSGTEmployeesSnapProcess,02.01.0001,NotifySnapEmployeeError(i7),IntegrationAction,TSGTPUBLISHAUDIT_SERVICE,01.00.0000,TSGTPublishAuditing_Service,/auditing,PRESEEDED_COLLOCATED_CONN_1741,NotifySnapEmployeeError,
TSGTEMPLOYEESSNAPPROCESS_02.01.0001.iar.yaml,TSGTEMPLOYEESSNAPPROCESS|02.01.0001,TSGTEMPLOYEESSNAPPROCESS,TSGTEmployeesSnapProcess,02.01.0001,CreateEmployeeV2(i6),Adapter_Invoke,,,,/Api/V2/employees,TSGTSNAPREST_CONN,CreateEmployeeV2,
TSGTEMPLOYEESSNAPPROCESS_02.01.0001.iar.yaml,TSGTEMPLOYEESSNAPPROCESS|02.01.0001,TSGTEMPLOYEESSNAPPROCESS,TSGTEmployeesSnapProcess,02.01.0001,UpdateEmployeeV2(i8),Adapter_Invoke,,,,/Api/V2/employees/{employeeID},TSGTSNAPREST_CONN,UpdateEmployeeV2,
TSGTEMPLOYEESSNAPPROCESS_02.01.0001.iar.yaml,TSGTEMPLOYEESSNAPPROCESS|02.01.0001,TSGTEMPLOYEESSNAPPROCESS,TSGTEmployeesSnapProcess,02.01.0001,PublishEmptyUsername(i2),IntegrationAction,TSGTPUBLISHAUDIT_SERVICE,01.00.0000,TSGTPublishAuditing_Service,/auditing,PRESEEDED_COLLOCATED_CONN_1741,PublishEmptyUsername,
TSGTEMPLOYEESSNAPPROCESS_02.01.0001.iar.yaml,TSGTEMPLOYEESSNAPPROCESS|02.01.0001,TSGTEMPLOYEESSNAPPROCESS,TSGTEmployeesSnapProcess,02.01.0001,PublishError4Employee(i13),RESTToOIC,TSGTPUBLISHAUDIT_SERVICE,1.0,TSGTPublishAuditing_Service,/api/integration/v1/flows/rest/TSGTPUBLISHAUDIT_SERVICE/1.0/auditing,TSGTRESTOICINVOK_CONN,PublishError4Employee,
TSGTEMPLOYEESSNAPPROCESS_02.01.0001.iar.yaml,TSGTEMPLOYEESSNAPPROCESS|02.01.0001,TSGTEMPLOYEESSNAPPROCESS,TSGTEmployeesSnapProcess,02.01.0001,CheckTerminationV2(i3),Adapter_Invoke,,,,/Api/V2/employees,TSGTSNAPREST_CONN,CheckTerminationV2,
TSGTEMPLOYEESSNAPPROCESS_02.01.0001.iar.yaml,TSGTEMPLOYEESSNAPPROCESS|02.01.0001,TSGTEMPLOYEESSNAPPROCESS,TSGTEmployeesSnapProcess,02.01.0001,TerminateEmployeeV2(i9),Adapter_Invoke,,,,/api/v2/employees/{employeeID},TSGTSNAPREST_CONN,TerminateEmployeeV2,
TSGTEMPLOYEESSNAPPROCESS_02.01.0001.iar.yaml,TSGTEMPLOYEESSNAPPROCESS|02.01.0001,TSGTEMPLOYEESSNAPPROCESS,TSGTEmployeesSnapProcess,02.01.0001,PublishError4Termination(i14),RESTToOIC,TSGTPUBLISHAUDIT_SERVICE,1.0,TSGTPublishAuditing_Service,/api/integration/v1/flows/rest/TSGTPUBLISHAUDIT_SERVICE/1.0/auditing,TSGTRESTOICINVOK_CONN,PublishError4Termination,
TSGTEMPLOYEESSNAPPROCESS_02.01.0001.iar.yaml,TSGTEMPLOYEESSNAPPROCESS|02.01.0001,TSGTEMPLOYEESSNAPPROCESS,TSGTEmployeesSnapProcess,02.01.0001,PublishAuditing(i4),RESTToOIC,TSGTPUBLISHAUDIT_SERVICE,1.0,TSGTPublishAuditing_Service,/api/integration/v1/flows/rest/TSGTPUBLISHAUDIT_SERVICE/1.0/auditing,TSGTRESTOICINVOK_CONN,PublishAuditing,
TSGTEMPLOYEESUNUMPROCESS_02.00.0000.iar.yaml,TSGTEMPLOYEESUNUMPROCESS|02.00.0000,TSGTEMPLOYEESUNUMPROCESS,TSGTEmployeesUNUMProcess,02.00.0000,GetConfigs(i1),RESTToOIC,TSGTGETCONFIGS_SERVICE,1.0,TSGTGetConfigs_Service,/api/integration/v1/flows/rest/TSGTGETCONFIGS_SERVICE/1.0/configs,TSGTRESTOICINVOK_CONN,GetConfigs,
TSGTEMPLOYEESUNUMPROCESS_02.00.0000.iar.yaml,TSGTEMPLOYEESUNUMPROCESS|02.00.0000,TSGTEMPLOYEESUNUMPROCESS,TSGTEmployeesUNUMProcess,02.00.0000,SubmitExtract(i0),Adapter_Invoke,,,,,TSGTADAPTERHCM_CONN,SubmitExtract,
TSGTEMPLOYEESUNUMPROCESS_02.00.0000.iar.yaml,TSGTEMPLOYEESUNUMPROCESS|02.00.0000,TSGTEMPLOYEESUNUMPROCESS,TSGTEmployeesUNUMProcess,02.00.0000,SearchStatus(i2),Adapter_Invoke,,,,,TSGTSOAPREPORTIN_CONN,SearchStatus,
TSGTEMPLOYEESUNUMPROCESS_02.00.0000.iar.yaml,TSGTEMPLOYEESUNUMPROCESS|02.00.0000,TSGTEMPLOYEESUNUMPROCESS,TSGTEmployeesUNUMProcess,02.00.0000,EmployeesExtract(i3),Adapter_Invoke,,,,,TSGTADAPTERHCM_CONN,EmployeesExtract,
TSGTEMPLOYEESUNUMPROCESS_02.00.0000.iar.yaml,TSGTEMPLOYEESUNUMPROCESS|02.00.0000,TSGTEMPLOYEESUNUMPROCESS,TSGTEmployeesUNUMProcess,02.00.0000,ArchiveFile(i7),Adapter_Invoke,,,,,TSGTFTP_CONN,ArchiveFile,
TSGTEMPLOYEESUNUMPROCESS_02.00.0000.iar.yaml,TSGTEMPLOYEESUNUMPROCESS|02.00.0000,TSGTEMPLOYEESUNUMPROCESS,TSGTEmployeesUNUMProcess,02.00.0000,CopyFile(i4),Adapter_Invoke,,,,,TSGTFTPUNUM_CONN,CopyFile,
TSGTEMPLOYEESUNUMPROCESS_02.00.0000.iar.yaml,TSGTEMPLOYEESUNUMPROCESS|02.00.0000,TSGTEMPLOYEESUNUMPROCESS,TSGTEmployeesUNUMProcess,02.00.0000,UpdateConfig(i5),RESTToOIC,TSGTUPDATECONFIG_SERVICE,1.0,TSGTUpdateConfigs_Service,/api/integration/v1/flows/rest/TSGTUPDATECONFIG_SERVICE/1.0/configs,TSGTRESTOICINVOK_CONN,UpdateConfig,
TSGTEMPLOYEESUNUMPROCESS_02.00.0000.iar.yaml,TSGTEMPLOYEESUNUMPROCESS|02.00.0000,TSGTEMPLOYEESUNUMPROCESS,TSGTEmployeesUNUMProcess,02.00.0000,PublishAuditing(i6),RESTToOIC,TSGTPUBLISHAUDIT_SERVICE,1.0,TSGTPublishAuditing_Service,/api/integration/v1/flows/rest/TSGTPUBLISHAUDIT_SERVICE/1.0/auditing,TSGTRESTOICINVOK_CONN,PublishAuditing,
TSGTFAASSET_INTGSERVIC_OB_01.00.0000.iar.yaml,TSGTFAASSET_INTGSERVIC_OB|01.00.0000,TSGTFAASSET_INTGSERVIC_OB,TSGTFAAssetNumberUpdatetoWACS_IntgService_OB,01.00.0000,GetMetadataFromBO(i3),Adapter_Invoke,,,,/FWKOUTBOUNDINTGMETADATA,TSGTRESTVBCSBO_CONN,GetMetadataFromBO,
TSGTFAASSET_INTGSERVIC_OB_01.00.0000.iar.yaml,TSGTFAASSET_INTGSERVIC_OB|01.00.0000,TSGTFAASSET_INTGSERVIC_OB,TSGTFAAssetNumberUpdatetoWACS_IntgService_OB,01.00.0000,InvokeCommonLauncher(i0),IntegrationAction,TSGTCMNLAUNCHERF_SERVICE,01.00.0000,TSGTCmnLauncherFwk_Service,/invokeLauncher,PRESEEDED_COLLOCATED_CONN_1741,InvokeCommonLauncher,
TSGTFAASSET_INTGSERVIC_OB_01.00.0000.iar.yaml,TSGTFAASSET_INTGSERVIC_OB|01.00.0000,TSGTFAASSET_INTGSERVIC_OB,TSGTFAAssetNumberUpdatetoWACS_IntgService_OB,01.00.0000,SendNotification(i1),IntegrationAction,TSGTCMNNOTIFICAT_SERVICE,01.00.0000,TSGTCmnNotificationFwk_Service,/Notify,PRESEEDED_COLLOCATED_CONN_1741,SendNotification,
TSGTFANUMBERUPDA_SERVICE_01.00.0000.iar.yaml,TSGTFANUMBERUPDA_SERVICE|01.00.0000,TSGTFANUMBERUPDA_SERVICE,TSGTFANumberUpdatetoWACSDispatcher_Service,01.00.0000,UpdateInitLog(i2),IntegrationAction,TSGTCMNUPSERTINS_SERVICE,01.00.0000,TSGTCmnUpsertInstanceTransaction_Service,/UpsertInstanceTransaction,PRESEEDED_COLLOCATED_CONN_1741,UpdateInitLog,
TSGTFANUMBERUPDA_SERVICE_01.00.0000.iar.yaml,TSGTFANUMBERUPDA_SERVICE|01.00.0000,TSGTFANUMBERUPDA_SERVICE,TSGTFANumberUpdatetoWACSDispatcher_Service,01.00.0000,GetMetaDatafromBO(i16),Adapter_Invoke,,,,/FWKOUTBOUNDINTGMETADATA,TSGTRESTVBCSBO_CONN,GetMetaDatafromBO,
TSGTFANUMBERUPDA_SERVICE_01.00.0000.iar.yaml,TSGTFANUMBERUPDA_SERVICE|01.00.0000,TSGTFANUMBERUPDA_SERVICE,TSGTFANumberUpdatetoWACSDispatcher_Service,01.00.0000,GetInstanceDtls(i8),Adapter_Invoke,,,,/Instances,TSGTRESTVBCSBO_CONN,GetInstanceDtls,
TSGTFANUMBERUPDA_SERVICE_01.00.0000.iar.yaml,TSGTFANUMBERUPDA_SERVICE|01.00.0000,TSGTFANUMBERUPDA_SERVICE,TSGTFANumberUpdatetoWACSDispatcher_Service,01.00.0000,GetTransactionDetails(i1),Adapter_Invoke,,,,/Transactions,TSGTRESTVBCSBO_CONN,GetTransactionDetails,
TSGTFANUMBERUPDA_SERVICE_01.00.0000.iar.yaml,TSGTFANUMBERUPDA_SERVICE|01.00.0000,TSGTFANUMBERUPDA_SERVICE,TSGTFANumberUpdatetoWACSDispatcher_Service,01.00.0000,GetInstanceCount(i9),Adapter_Invoke,,,,/Logger/{Logger_Id}/action/getInstanceCount,TSGTRESTVBCSBO_CONN,GetInstanceCount,
TSGTFANUMBERUPDA_SERVICE_01.00.0000.iar.yaml,TSGTFANUMBERUPDA_SERVICE|01.00.0000,TSGTFANUMBERUPDA_SERVICE,TSGTFANumberUpdatetoWACSDispatcher_Service,01.00.0000,GetFileFromBucket(i14),Adapter_Invoke,,,,/n/{nameSpaceName}/b/{bucketName}/o/{objectName},TSGTOBJECTSTORAG_CONN,GetFileFromBucket,
TSGTFANUMBERUPDA_SERVICE_01.00.0000.iar.yaml,TSGTFANUMBERUPDA_SERVICE|01.00.0000,TSGTFANUMBERUPDA_SERVICE,TSGTFANumberUpdatetoWACSDispatcher_Service,01.00.0000,UpdateFAAssetNumber(i3),Adapter_Invoke,,,,https://us-phoenix-1.utilities-cloud.oracleindustry.com:443/c2g65p/prod/wac/rest/apis/cm/asset/asset/,OUTL-BRT-REST-WACS_WACSERPPIM,UpdateFAAssetNumber,
TSGTFANUMBERUPDA_SERVICE_01.00.0000.iar.yaml,TSGTFANUMBERUPDA_SERVICE|01.00.0000,TSGTFANUMBERUPDA_SERVICE,TSGTFANumberUpdatetoWACSDispatcher_Service,01.00.0000,UpdateDFFInFA(i15),Adapter_Invoke,,,,,TSGTERPCLOUD_CONN,UpdateDFFInFA,
TSGTFANUMBERUPDA_SERVICE_01.00.0000.iar.yaml,TSGTFANUMBERUPDA_SERVICE|01.00.0000,TSGTFANUMBERUPDA_SERVICE,TSGTFANumberUpdatetoWACSDispatcher_Service,01.00.0000,InvokeUploadSummaryFileToObjStg(i11),IntegrationAction,TSGTCMNFILEREFER_SERVICE,01.00.0000,TSGTCmnFileReferencetoObjectStorage_Service,/getFileFromObjectStorage,PRESEEDED_COLLOCATED_CONN_1741,InvokeUploadSummaryFileToObjStg,
TSGTFANUMBERUPDA_SERVICE_01.00.0000.iar.yaml,TSGTFANUMBERUPDA_SERVICE|01.00.0000,TSGTFANUMBERUPDA_SERVICE,TSGTFANumberUpdatetoWACSDispatcher_Service,01.00.0000,GetLastRunDateBIP(i0),Adapter_Invoke,,,,,TSGTSOAPERPBIP_CONN,GetLastRunDateBIP,
TSGTFANUMBERUPDA_SERVICE_01.00.0000.iar.yaml,TSGTFANUMBERUPDA_SERVICE|01.00.0000,TSGTFANUMBERUPDA_SERVICE,TSGTFANumberUpdatetoWACSDispatcher_Service,01.00.0000,UpdateLastrunDateinBO(i5),Adapter_Invoke,,,,/FWKOUTBOUNDINTGMETADATA/{Id},TSGTRESTVBCSBO_CONN,UpdateLastrunDateinBO,
TSGTFANUMBERUPDA_SERVICE_01.00.0000.iar.yaml,TSGTFANUMBERUPDA_SERVICE|01.00.0000,TSGTFANUMBERUPDA_SERVICE,TSGTFANumberUpdatetoWACSDispatcher_Service,01.00.0000,GetInstanceDetails(i6),Adapter_Invoke,,,,/Instances,TSGTRESTVBCSBO_CONN,GetInstanceDetails,
TSGTFANUMBERUPDA_SERVICE_01.00.0000.iar.yaml,TSGTFANUMBERUPDA_SERVICE|01.00.0000,TSGTFANUMBERUPDA_SERVICE,TSGTFANumberUpdatetoWACSDispatcher_Service,01.00.0000,UpdateInstanceBOStatus(i7),IntegrationAction,TSGTCMNUPSERTINS_SERVICE,01.00.0000,TSGTCmnUpsertInstanceTransaction_Service,/UpsertInstanceTransaction,PRESEEDED_COLLOCATED_CONN_1741,UpdateInstanceBOStatus,
TSGTFANUMBERUPDA_SERVICE_01.00.0000.iar.yaml,TSGTFANUMBERUPDA_SERVICE|01.00.0000,TSGTFANUMBERUPDA_SERVICE,TSGTFANumberUpdatetoWACSDispatcher_Service,01.00.0000,GetInstanceDetailsForReprocess(i10),Adapter_Invoke,,,,/Instances,TSGTRESTVBCSBO_CONN,GetInstanceDetailsForReprocess,
TSGTFANUMBERUPDA_SERVICE_01.00.0000.iar.yaml,TSGTFANUMBERUPDA_SERVICE|01.00.0000,TSGTFANUMBERUPDA_SERVICE,TSGTFANumberUpdatetoWACSDispatcher_Service,01.00.0000,UpdInstanceBOStat(i12),IntegrationAction,TSGTCMNUPSERTINS_SERVICE,01.00.0000,TSGTCmnUpsertInstanceTransaction_Service,/UpsertInstanceTransaction,PRESEEDED_COLLOCATED_CONN_1741,UpdInstanceBOStat,
TSGTFANUMBERUPDA_SERVICE_01.00.0000.iar.yaml,TSGTFANUMBERUPDA_SERVICE|01.00.0000,TSGTFANUMBERUPDA_SERVICE,TSGTFANumberUpdatetoWACSDispatcher_Service,01.00.0000,UpdateTransactionAndInstanceLog(i4),IntegrationAction,TSGTCMNUPSERTINS_SERVICE,01.00.0000,TSGTCmnUpsertInstanceTransaction_Service,/UpsertInstanceTransaction,PRESEEDED_COLLOCATED_CONN_1741,UpdateTransactionAndInstanceLog,
TSGTFANUMBERUPDA_SERVICE_01.00.0000.iar.yaml,TSGTFANUMBERUPDA_SERVICE|01.00.0000,TSGTFANUMBERUPDA_SERVICE,TSGTFANumberUpdatetoWACSDispatcher_Service,01.00.0000,InvokeNotificationService(i13),IntegrationAction,TSGTCMNNOTIFICAT_SERVICE,01.00.0000,TSGTCmnNotificationFwk_Service,/Notify,PRESEEDED_COLLOCATED_CONN_1741,InvokeNotificationService,
TSGTFLIGHT_INTGSERVIC_IB_01.00.0000.iar.yaml,TSGTFLIGHT_INTGSERVIC_IB|01.00.0000,TSGTFLIGHT_INTGSERVIC_IB,TSGTFlightMiscCostImport_IntgService_IB,01.00.0000,GetMetadataFromBO(i3),Adapter_Invoke,,,,/FWKINBOUNDINTGMETADATA,TSGTRESTVBCSBO_CONN,GetMetadataFromBO,
TSGTFLIGHT_INTGSERVIC_IB_01.00.0000.iar.yaml,TSGTFLIGHT_INTGSERVIC_IB|01.00.0000,TSGTFLIGHT_INTGSERVIC_IB,TSGTFlightMiscCostImport_IntgService_IB,01.00.0000,InvokeCommonLauncher(i0),IntegrationAction,TSGTCMNLAUNCHERF_SERVICE,01.00.0000,TSGTCmnLauncherFwk_Service,/invokeLauncher,PRESEEDED_COLLOCATED_CONN_1741,InvokeCommonLauncher,
TSGTFLIGHT_INTGSERVIC_IB_01.00.0000.iar.yaml,TSGTFLIGHT_INTGSERVIC_IB|01.00.0000,TSGTFLIGHT_INTGSERVIC_IB,TSGTFlightMiscCostImport_IntgService_IB,01.00.0000,SendNotification(i1),IntegrationAction,TSGTCMNNOTIFICAT_SERVICE,01.00.0000,TSGTCmnNotificationFwk_Service,/Notify,PRESEEDED_COLLOCATED_CONN_1741,SendNotification,
TSGTGETCONFIGS_SERVICE_01.02.0003.iar.yaml,TSGTGETCONFIGS_SERVICE|01.02.0003,TSGTGETCONFIGS_SERVICE,TSGTGetConfigs_Service,01.02.0003,GetConfigs(i0),Adapter_Invoke,,,,/builder/rt/InterfaceConfigs/live/resources/data/Config,TSGTRESTOICINVOK_CONN,GetConfigs,
TSGTHAZARDITEMEXTR_INTGSERVIC_OB_01.00.0000.iar.yaml,TSGTHAZARDITEMEXTR_INTGSERVIC_OB|01.00.0000,TSGTHAZARDITEMEXTR_INTGSERVIC_OB,TSGTHazardousItemExtract_IntgService_OB,01.00.0000,GetMetadataFromBO(i3),Adapter_Invoke,,,,/FWKOUTBOUNDINTGMETADATA,TSGTRESTVBCSBO_CONN,GetMetadataFromBO,
TSGTHAZARDITEMEXTR_INTGSERVIC_OB_01.00.0000.iar.yaml,TSGTHAZARDITEMEXTR_INTGSERVIC_OB|01.00.0000,TSGTHAZARDITEMEXTR_INTGSERVIC_OB,TSGTHazardousItemExtract_IntgService_OB,01.00.0000,InvokeCommonLauncher(i0),IntegrationAction,TSGTCMNLAUNCHERF_SERVICE,01.00.0000,TSGTCmnLauncherFwk_Service,/invokeLauncher,PRESEEDED_COLLOCATED_CONN_1741,InvokeCommonLauncher,
TSGTHAZARDITEMEXTR_INTGSERVIC_OB_01.00.0000.iar.yaml,TSGTHAZARDITEMEXTR_INTGSERVIC_OB|01.00.0000,TSGTHAZARDITEMEXTR_INTGSERVIC_OB,TSGTHazardousItemExtract_IntgService_OB,01.00.0000,SendNotification(i1),IntegrationAction,TSGTCMNNOTIFICAT_SERVICE,01.00.0000,TSGTCmnNotificationFwk_Service,/Notify,PRESEEDED_COLLOCATED_CONN_1741,SendNotification,
TSGTHCMASSIGNMENTUPDATEBYPUBLISH_02.00.0000.iar.yaml,TSGTHCMASSIGNMENTUPDATEBYPUBLISH|02.00.0000,TSGTHCMASSIGNMENTUPDATEBYPUBLISH,TSGTHCMAssignmentUpdateByPublish,02.00.0000,GetAssignmentFeeds(i1),Adapter_Invoke,,,,,TSGTADAPTERHCM_CONN,GetAssignmentFeeds,
TSGTHCMASSIGNMENTUPDATEBYPUBLISH_02.00.0000.iar.yaml,TSGTHCMASSIGNMENTUPDATEBYPUBLISH|02.00.0000,TSGTHCMASSIGNMENTUPDATEBYPUBLISH,TSGTHCMAssignmentUpdateByPublish,02.00.0000,PublishEmployees(i0),IntegrationAction,TSGTPUBLISHEMPLO_SERVICE,01.00.0000,TSGTPublishEmployees_Service,/employee,PRESEEDED_COLLOCATED_CONN_1741,PublishEmployees,
TSGTHCMASSIGNMENTUPDATEBYUPDATE_02.00.0000.iar.yaml,TSGTHCMASSIGNMENTUPDATEBYUPDATE|02.00.0000,TSGTHCMASSIGNMENTUPDATEBYUPDATE,TSGTHCMAssignmentUpdateByUpdate,02.00.0000,GetAssignmentFeeds(i1),Adapter_Invoke,,,,,TSGTADAPTERHCM_CONN,GetAssignmentFeeds,
TSGTHCMASSIGNMENTUPDATEBYUPDATE_02.00.0000.iar.yaml,TSGTHCMASSIGNMENTUPDATEBYUPDATE|02.00.0000,TSGTHCMASSIGNMENTUPDATEBYUPDATE,TSGTHCMAssignmentUpdateByUpdate,02.00.0000,PublishEmployees(i0),IntegrationAction,TSGTPUBLISHEMPLO_SERVICE,01.00.0000,TSGTPublishEmployees_Service,/employee,PRESEEDED_COLLOCATED_CONN_1741,PublishEmployees,
TSGTHCMDAILYPROCESS_02.03.0000.iar.yaml,TSGTHCMDAILYPROCESS|02.03.0000,TSGTHCMDAILYPROCESS,TSGTHCMDailyProcess,02.03.0000,GetConfigs(i4),RESTToOIC,TSGTGETCONFIGS_SERVICE,1.0,TSGTGetConfigs_Service,/api/integration/v1/flows/rest/TSGTGETCONFIGS_SERVICE/1.0/configs,TSGTRESTOICINVOK_CONN,GetConfigs,
TSGTHCMDAILYPROCESS_02.03.0000.iar.yaml,TSGTHCMDAILYPROCESS|02.03.0000,TSGTHCMDAILYPROCESS,TSGTHCMDailyProcess,02.03.0000,RunExtractReport(i5),Adapter_Invoke,,,,,TSGTSOAPREPORTIN_CONN,RunExtractReport,
TSGTHCMDAILYPROCESS_02.03.0000.iar.yaml,TSGTHCMDAILYPROCESS|02.03.0000,TSGTHCMDAILYPROCESS,TSGTHCMDailyProcess,02.03.0000,ScheduleEmployees(i3),Adapter_Invoke,,,,,TSGTADAPTERHCM_CONN,ScheduleEmployees,
TSGTHCMDAILYPROCESS_02.03.0000.iar.yaml,TSGTHCMDAILYPROCESS|02.03.0000,TSGTHCMDAILYPROCESS,TSGTHCMDailyProcess,02.03.0000,ScheduleTermination(i6),Adapter_Invoke,,,,,TSGTADAPTERHCM_CONN,ScheduleTermination,
TSGTHCMDAILYPROCESS_02.03.0000.iar.yaml,TSGTHCMDAILYPROCESS|02.03.0000,TSGTHCMDAILYPROCESS,TSGTHCMDailyProcess,02.03.0000,ScheduleCollectiveView(i0),Adapter_Invoke,,,,,TSGTADAPTERHCM_CONN,ScheduleCollectiveView,
TSGTHCMDAILYPROCESS_02.03.0000.iar.yaml,TSGTHCMDAILYPROCESS|02.03.0000,TSGTHCMDAILYPROCESS,TSGTHCMDailyProcess,02.03.0000,PublishAuditing4ExtractError(i11),RESTToOIC,TSGTPUBLISHAUDIT_SERVICE,1.0,TSGTPublishAuditing_Service,/api/integration/v1/flows/rest/TSGTPUBLISHAUDIT_SERVICE/1.0/auditing,TSGTRESTOICINVOK_CONN,PublishAuditing4ExtractError,
TSGTHCMDAILYPROCESS_02.03.0000.iar.yaml,TSGTHCMDAILYPROCESS|02.03.0000,TSGTHCMDAILYPROCESS,TSGTHCMDailyProcess,02.03.0000,SearchDepartmentList(i7),Adapter_Invoke,,,,,TSGTSOAPGENERICI_CONN,SearchDepartmentList,
TSGTHCMDAILYPROCESS_02.03.0000.iar.yaml,TSGTHCMDAILYPROCESS|02.03.0000,TSGTHCMDAILYPROCESS,TSGTHCMDailyProcess,02.03.0000,DepartmentListScheduleReport(i12),IntegrationAction,BIP_SCHEDU_REPORT_WSS_SERVIC,01.00.0000,BIP Schedule Report WSS Service,,PRESEEDED_COLLOCATED_CONN_1741,DepartmentListScheduleReport,
TSGTHCMDAILYPROCESS_02.03.0000.iar.yaml,TSGTHCMDAILYPROCESS|02.03.0000,TSGTHCMDAILYPROCESS,TSGTHCMDailyProcess,02.03.0000,CallCollectiveView(i9),RESTToOIC,TSGTEMPLOYEESCOLLECTIVEVIEW,2.0,TSGTEmployeesCollectiveView,/api/integration/v1/flows/rest/TSGTEMPLOYEESCOLLECTIVEVIEW/2.0/collectiveview,TSGTRESTOICINVOK_CONN,CallCollectiveView,
TSGTHCMDAILYPROCESS_02.03.0000.iar.yaml,TSGTHCMDAILYPROCESS|02.03.0000,TSGTHCMDAILYPROCESS,TSGTHCMDailyProcess,02.03.0000,PublishError4CollectiveView(i17),RESTToOIC,TSGTPUBLISHAUDIT_SERVICE,1.0,TSGTPublishAuditing_Service,/api/integration/v1/flows/rest/TSGTPUBLISHAUDIT_SERVICE/1.0/auditing,TSGTRESTOICINVOK_CONN,PublishError4CollectiveView,
TSGTHCMDAILYPROCESS_02.03.0000.iar.yaml,TSGTHCMDAILYPROCESS|02.03.0000,TSGTHCMDAILYPROCESS,TSGTHCMDailyProcess,02.03.0000,EmployeesExtract(i1),RESTToOIC,TSGTHCMEMPLOYEESEXTRACT,2.0,TSGTHCMEmployeesExtract,/api/integration/v1/flows/rest/TSGTHCMEMPLOYEESEXTRACT/2.0/employeeBatch,TSGTRESTOICINVOK_CONN,EmployeesExtract,
TSGTHCMDAILYPROCESS_02.03.0000.iar.yaml,TSGTHCMDAILYPROCESS|02.03.0000,TSGTHCMDAILYPROCESS,TSGTHCMDailyProcess,02.03.0000,PublishError4Extract(i18),RESTToOIC,TSGTPUBLISHAUDIT_SERVICE,1.0,TSGTPublishAuditing_Service,/api/integration/v1/flows/rest/TSGTPUBLISHAUDIT_SERVICE/1.0/auditing,TSGTRESTOICINVOK_CONN,PublishError4Extract,
TSGTHCMDAILYPROCESS_02.03.0000.iar.yaml,TSGTHCMDAILYPROCESS|02.03.0000,TSGTHCMDAILYPROCESS,TSGTHCMDailyProcess,02.03.0000,Unum(i16),RESTToOIC,TSGTEMPLOYEESUNUMPROCESS,2.0,TSGTEmployeesUNUMProcess,/api/integration/v1/flows/rest/TSGTEMPLOYEESUNUMPROCESS/2.0/employees,TSGTRESTOICINVOK_CONN,Unum,
TSGTHCMDAILYPROCESS_02.03.0000.iar.yaml,TSGTHCMDAILYPROCESS|02.03.0000,TSGTHCMDAILYPROCESS,TSGTHCMDailyProcess,02.03.0000,PublishError4Unum(i19),RESTToOIC,TSGTPUBLISHAUDIT_SERVICE,1.0,TSGTPublishAuditing_Service,/api/integration/v1/flows/rest/TSGTPUBLISHAUDIT_SERVICE/1.0/auditing,TSGTRESTOICINVOK_CONN,PublishError4Unum,
TSGTHCMDAILYPROCESS_02.03.0000.iar.yaml,TSGTHCMDAILYPROCESS|02.03.0000,TSGTHCMDAILYPROCESS,TSGTHCMDailyProcess,02.03.0000,FidelityDelivery(i21),RESTToOIC,TSGTEMPLOYEEFIDELITYDELIVERY,2.0,TSGTEmployeeFidelityDelivery,/api/integration/v1/flows/rest/TSGTEMPLOYEEFIDELITYDELIVERY/2.0/trigger,TSGTRESTOICINVOK_CONN,FidelityDelivery,
TSGTHCMDAILYPROCESS_02.03.0000.iar.yaml,TSGTHCMDAILYPROCESS|02.03.0000,TSGTHCMDAILYPROCESS,TSGTHCMDailyProcess,02.03.0000,PublishError4Fidelity(i22),RESTToOIC,TSGTPUBLISHAUDIT_SERVICE,1.0,TSGTPublishAuditing_Service,/api/integration/v1/flows/rest/TSGTPUBLISHAUDIT_SERVICE/1.0/auditing,TSGTRESTOICINVOK_CONN,PublishError4Fidelity,
TSGTHCMDAILYPROCESS_02.03.0000.iar.yaml,TSGTHCMDAILYPROCESS|02.03.0000,TSGTHCMDAILYPROCESS,TSGTHCMDailyProcess,02.03.0000,BenefitHub(i23),RESTToOIC,TSGTEMPLOYEESBENEFITHUBPROCESS,2.0,TSGTEmployeesBenefithubProcess,/api/integration/v1/flows/rest/TSGTEMPLOYEESBENEFITHUBPROCESS/2.0/employees,TSGTRESTOICINVOK_CONN,BenefitHub,
TSGTHCMDAILYPROCESS_02.03.0000.iar.yaml,TSGTHCMDAILYPROCESS|02.03.0000,TSGTHCMDAILYPROCESS,TSGTHCMDailyProcess,02.03.0000,CorityPayrollHours(i24),RESTToOIC,TSGTHCMPAYROLLHOURS2CORITY,2.0,TSGTHCMPayrollHours2Cority,/api/integration/v1/flows/rest/TSGTHCMPAYROLLHOURS2CORITY/2.0/payrollHours,TSGTRESTOICINVOK_CONN,CorityPayrollHours,
TSGTHCMDAILYPROCESS_02.03.0000.iar.yaml,TSGTHCMDAILYPROCESS|02.03.0000,TSGTHCMDAILYPROCESS,TSGTHCMDailyProcess,02.03.0000,EmployeesTermination(i2),RESTToOIC,TSGTHCMEMPLOYEESTERMINATION,2.0,TSGTHCMEmployeesTermination,/api/integration/v1/flows/rest/TSGTHCMEMPLOYEESTERMINATION/2.0/employeeBatch,TSGTRESTOICINVOK_CONN,EmployeesTermination,
TSGTHCMDAILYPROCESS_02.03.0000.iar.yaml,TSGTHCMDAILYPROCESS|02.03.0000,TSGTHCMDAILYPROCESS,TSGTHCMDailyProcess,02.03.0000,PublishError4Termination(i20),RESTToOIC,TSGTPUBLISHAUDIT_SERVICE,1.0,TSGTPublishAuditing_Service,/api/integration/v1/flows/rest/TSGTPUBLISHAUDIT_SERVICE/1.0/auditing,TSGTRESTOICINVOK_CONN,PublishError4Termination,
TSGTHCMDAILYPROCESS_02.03.0000.iar.yaml,TSGTHCMDAILYPROCESS|02.03.0000,TSGTHCMDAILYPROCESS,TSGTHCMDailyProcess,02.03.0000,PublishAuditing(i8),IntegrationAction,TSGTPUBLISHAUDIT_SERVICE,01.00.0000,TSGTPublishAuditing_Service,/auditing,PRESEEDED_COLLOCATED_CONN_1741,PublishAuditing,
TSGTHCMEMPLOYEESEXTRACT_02.00.0000.iar.yaml,TSGTHCMEMPLOYEESEXTRACT|02.00.0000,TSGTHCMEMPLOYEESEXTRACT,TSGTHCMEmployeesExtract,02.00.0000,GetConfigs(i2),IntegrationAction,TSGTGETCONFIGS_SERVICE,01.02.0000,TSGTGetConfigs_Service,/configs,PRESEEDED_COLLOCATED_CONN_1741,GetConfigs,
TSGTHCMEMPLOYEESEXTRACT_02.00.0000.iar.yaml,TSGTHCMEMPLOYEESEXTRACT|02.00.0000,TSGTHCMEMPLOYEESEXTRACT,TSGTHCMEmployeesExtract,02.00.0000,EmployeesExtract(i0),Adapter_Invoke,,,,,TSGTADAPTERHCM_CONN,EmployeesExtract,
TSGTHCMEMPLOYEESEXTRACT_02.00.0000.iar.yaml,TSGTHCMEMPLOYEESEXTRACT|02.00.0000,TSGTHCMEMPLOYEESEXTRACT,TSGTHCMEmployeesExtract,02.00.0000,WriteFile(i3),Adapter_Invoke,,,,,TSGTFTP_CONN,WriteFile,
TSGTHCMEMPLOYEESEXTRACT_02.00.0000.iar.yaml,TSGTHCMEMPLOYEESEXTRACT|02.00.0000,TSGTHCMEMPLOYEESEXTRACT,TSGTHCMEmployeesExtract,02.00.0000,PublishExtract(i4),RESTToOIC,TSGTPUBLISHEXTRACTPROCESS,2.0,TSGTPublishExtractProcess,/api/integration/v1/flows/rest/TSGTPUBLISHEXTRACTPROCESS/2.0/trigger,TSGTRESTOICINVOK_CONN,PublishExtract,
TSGTHCMEMPLOYEESEXTRACT_02.00.0000.iar.yaml,TSGTHCMEMPLOYEESEXTRACT|02.00.0000,TSGTHCMEMPLOYEESEXTRACT,TSGTHCMEmployeesExtract,02.00.0000,UpdateConfigs(i5),IntegrationAction,TSGTUPDATECONFIG_SERVICE,01.02.0000,TSGTUpdateConfigs_Service,/configs,PRESEEDED_COLLOCATED_CONN_1741,UpdateConfigs,
TSGTHCMEMPLOYEESEXTRACT_02.00.0000.iar.yaml,TSGTHCMEMPLOYEESEXTRACT|02.00.0000,TSGTHCMEMPLOYEESEXTRACT,TSGTHCMEmployeesExtract,02.00.0000,PublishAuditing4Extract(i6),IntegrationAction,AUDITINGINBOUND,01.00.0000,,/auditing,PRESEEDED_COLLOCATED_CONN_1741,PublishAuditing4Extract,
TSGTHCMEMPLOYEESEXTRACT_02.00.0000.iar.yaml,TSGTHCMEMPLOYEESEXTRACT|02.00.0000,TSGTHCMEMPLOYEESEXTRACT,TSGTHCMEmployeesExtract,02.00.0000,PublishAuditing(i1),IntegrationAction,AUDITINGINBOUND,01.00.0000,,/auditing,PRESEEDED_COLLOCATED_CONN_1741,PublishAuditing,
TSGTHCMEMPLOYEESTERMINATION_02.00.0000.iar.yaml,TSGTHCMEMPLOYEESTERMINATION|02.00.0000,TSGTHCMEMPLOYEESTERMINATION,TSGTHCMEmployeesTermination,02.00.0000,GetConfigs(i2),IntegrationAction,TSGTGETCONFIGS_SERVICE,01.02.0000,TSGTGetConfigs_Service,/configs,PRESEEDED_COLLOCATED_CONN_1741,GetConfigs,
TSGTHCMEMPLOYEESTERMINATION_02.00.0000.iar.yaml,TSGTHCMEMPLOYEESTERMINATION|02.00.0000,TSGTHCMEMPLOYEESTERMINATION,TSGTHCMEmployeesTermination,02.00.0000,EmployeesExtract(i0),Adapter_Invoke,,,,,TSGTADAPTERHCM_CONN,EmployeesExtract,
TSGTHCMEMPLOYEESTERMINATION_02.00.0000.iar.yaml,TSGTHCMEMPLOYEESTERMINATION|02.00.0000,TSGTHCMEMPLOYEESTERMINATION,TSGTHCMEmployeesTermination,02.00.0000,WriteFile(i3),Adapter_Invoke,,,,,TSGTFTP_CONN,WriteFile,
TSGTHCMEMPLOYEESTERMINATION_02.00.0000.iar.yaml,TSGTHCMEMPLOYEESTERMINATION|02.00.0000,TSGTHCMEMPLOYEESTERMINATION,TSGTHCMEmployeesTermination,02.00.0000,PublishEmployees(i4),IntegrationAction,TSGTPUBLISHEXTRA_SERVICE,01.00.0000,TSGTPublishExtract_Service,/employee,PRESEEDED_COLLOCATED_CONN_1741,PublishEmployees,
TSGTHCMEMPLOYEESTERMINATION_02.00.0000.iar.yaml,TSGTHCMEMPLOYEESTERMINATION|02.00.0000,TSGTHCMEMPLOYEESTERMINATION,TSGTHCMEmployeesTermination,02.00.0000,UpdateConfigs(i5),IntegrationAction,TSGTUPDATECONFIG_SERVICE,01.02.0000,TSGTUpdateConfigs_Service,/configs,PRESEEDED_COLLOCATED_CONN_1741,UpdateConfigs,
TSGTHCMEMPLOYEESTERMINATION_02.00.0000.iar.yaml,TSGTHCMEMPLOYEESTERMINATION|02.00.0000,TSGTHCMEMPLOYEESTERMINATION,TSGTHCMEmployeesTermination,02.00.0000,PublishAuditing(i1),IntegrationAction,AUDITINGINBOUND,01.00.0000,,/auditing,PRESEEDED_COLLOCATED_CONN_1741,PublishAuditing,
TSGTHCMEMPLOYEESUPDATEOUTBOUND_02.00.0001.iar.yaml,TSGTHCMEMPLOYEESUPDATEOUTBOUND|02.00.0001,TSGTHCMEMPLOYEESUPDATEOUTBOUND,TSGTHCMEmployeesUpdateOutbound,02.00.0001,GetEmployeeUpdate(i0),Adapter_Invoke,,,,,TSGTADAPTERHCM_CONN,GetEmployeeUpdate,
TSGTHCMEMPLOYEESUPDATEOUTBOUND_02.00.0001.iar.yaml,TSGTHCMEMPLOYEESUPDATEOUTBOUND|02.00.0001,TSGTHCMEMPLOYEESUPDATEOUTBOUND,TSGTHCMEmployeesUpdateOutbound,02.00.0001,PublishEmployees(i1),IntegrationAction,TSGTPUBLISHEMPLO_SERVICE,01.00.0000,TSGTPublishEmployees_Service,/employee,PRESEEDED_COLLOCATED_CONN_1741,PublishEmployees,
TSGTHCMEMPLOYEESUPDATEOUTBOUND_02.00.0001.iar.yaml,TSGTHCMEMPLOYEESUPDATEOUTBOUND|02.00.0001,TSGTHCMEMPLOYEESUPDATEOUTBOUND,TSGTHCMEmployeesUpdateOutbound,02.00.0001,PublishAuditing(i2),IntegrationAction,AUDITINGINBOUND,01.00.0000,,/auditing,PRESEEDED_COLLOCATED_CONN_1741,PublishAuditing,
TSGTHCMEMPLOYEETERMINATIONBYUPDA_02.00.0001.iar.yaml,TSGTHCMEMPLOYEETERMINATIONBYUPDA|02.00.0001,TSGTHCMEMPLOYEETERMINATIONBYUPDA,TSGTHCMEmployeeTerminationByUpdate,02.00.0001,GetEmployeeTermination(i0),Adapter_Invoke,,,,,TSGTADAPTERHCM_CONN,GetEmployeeTermination,
TSGTHCMEMPLOYEETERMINATIONBYUPDA_02.00.0001.iar.yaml,TSGTHCMEMPLOYEETERMINATIONBYUPDA|02.00.0001,TSGTHCMEMPLOYEETERMINATIONBYUPDA,TSGTHCMEmployeeTerminationByUpdate,02.00.0001,PublishEmployees(i1),IntegrationAction,TSGTPUBLISHEMPLO_SERVICE,01.00.0000,TSGTPublishEmployees_Service,/employee,PRESEEDED_COLLOCATED_CONN_1741,PublishEmployees,
TSGTHCMEMPLOYEETERMINATIONBYUPDA_02.00.0001.iar.yaml,TSGTHCMEMPLOYEETERMINATIONBYUPDA|02.00.0001,TSGTHCMEMPLOYEETERMINATIONBYUPDA,TSGTHCMEmployeeTerminationByUpdate,02.00.0001,PublishAuditing(i2),RESTToOIC,TSGTPUBLISHAUDIT_SERVICE,1.0,TSGTPublishAuditing_Service,/api/integration/v1/flows/rest/TSGTPUBLISHAUDIT_SERVICE/1.0/auditing,TSGTRESTOICINVOK_CONN,PublishAuditing,
TSGTHCMEXTRACTLOADER_01.00.0000.iar.yaml,TSGTHCMEXTRACTLOADER|01.00.0000,TSGTHCMEXTRACTLOADER,TSGTHCMExtractLoader,01.00.0000,ReadFile(i0),Adapter_Invoke,,,,,TSGTFTP_CONN,ReadFile,
TSGTHCMEXTRACTLOADER_01.00.0000.iar.yaml,TSGTHCMEXTRACTLOADER|01.00.0000,TSGTHCMEXTRACTLOADER,TSGTHCMExtractLoader,01.00.0000,PublishEmployees(i1),IntegrationAction,TSGTPUBLISHEMPLO_SERVICE,01.00.0000,TSGTPublishEmployees_Service,/employee,PRESEEDED_COLLOCATED_CONN_1741,PublishEmployees,
TSGTHCMHOURLYPROCESS_02.00.0000.iar.yaml,TSGTHCMHOURLYPROCESS|02.00.0000,TSGTHCMHOURLYPROCESS,TSGTHCMHourlyProcess,02.00.0000,EmployeesUpdate(i0),IntegrationAction,TSGTHCMEMPLOYEESUPDATEOUTBOUND,02.00.0001,TSGTHCMEmployeesUpdateOutbound,/employeeOutbound,PRESEEDED_COLLOCATED_CONN_1741,EmployeesUpdate,
TSGTHCMHOURLYPROCESS_02.00.0000.iar.yaml,TSGTHCMHOURLYPROCESS|02.00.0000,TSGTHCMHOURLYPROCESS,TSGTHCMHourlyProcess,02.00.0000,PublishAuditing4EmployeeUpdate(i7),RESTToOIC,TSGTPUBLISHAUDIT_SERVICE,1.0,TSGTPublishAuditing_Service,/api/integration/v1/flows/rest/TSGTPUBLISHAUDIT_SERVICE/1.0/auditing,TSGTRESTOICINVOK_CONN,PublishAuditing4EmployeeUpdate,
TSGTHCMHOURLYPROCESS_02.00.0000.iar.yaml,TSGTHCMHOURLYPROCESS|02.00.0000,TSGTHCMHOURLYPROCESS,TSGTHCMHourlyProcess,02.00.0000,AssignmentUpdateByUpdate(i2),IntegrationAction,TSGTHCMASSIGNMENTUPDATEBYUPDATE,02.00.0000,TSGTHCMAssignmentUpdateByUpdate,/employeeOutbound,PRESEEDED_COLLOCATED_CONN_1741,AssignmentUpdateByUpdate,
TSGTHCMHOURLYPROCESS_02.00.0000.iar.yaml,TSGTHCMHOURLYPROCESS|02.00.0000,TSGTHCMHOURLYPROCESS,TSGTHCMHourlyProcess,02.00.0000,PublishAuditing4AssignmentUpdate(i8),RESTToOIC,TSGTPUBLISHAUDIT_SERVICE,1.0,TSGTPublishAuditing_Service,/api/integration/v1/flows/rest/TSGTPUBLISHAUDIT_SERVICE/1.0/auditing,TSGTRESTOICINVOK_CONN,PublishAuditing4AssignmentUpdate,
TSGTHCMHOURLYPROCESS_02.00.0000.iar.yaml,TSGTHCMHOURLYPROCESS|02.00.0000,TSGTHCMHOURLYPROCESS,TSGTHCMHourlyProcess,02.00.0000,AssigmentUpdateByPublish(i9),IntegrationAction,TSGTHCMASSIGNMENTUPDATEBYPUBLISH,02.00.0000,TSGTHCMAssignmentUpdateByPublish,/employeeOutbound,PRESEEDED_COLLOCATED_CONN_1741,AssigmentUpdateByPublish,
TSGTHCMHOURLYPROCESS_02.00.0000.iar.yaml,TSGTHCMHOURLYPROCESS|02.00.0000,TSGTHCMHOURLYPROCESS,TSGTHCMHourlyProcess,02.00.0000,PublishAuditing4AssignmentUpdateFuture(i10),RESTToOIC,TSGTPUBLISHAUDIT_SERVICE,1.0,TSGTPublishAuditing_Service,/api/integration/v1/flows/rest/TSGTPUBLISHAUDIT_SERVICE/1.0/auditing,TSGTRESTOICINVOK_CONN,PublishAuditing4AssignmentUpdateFuture,
TSGTHCMHOURLYPROCESS_02.00.0000.iar.yaml,TSGTHCMHOURLYPROCESS|02.00.0000,TSGTHCMHOURLYPROCESS,TSGTHCMHourlyProcess,02.00.0000,NewHireByUpdated(i1),IntegrationAction,TSGTHCMNEWHIRESOUTBOUNDBYUPDATE,02.00.0001,TSGTHCMNewHiresOutboundByUpdate,/employeeOutbound,PRESEEDED_COLLOCATED_CONN_1741,NewHireByUpdated,
TSGTHCMHOURLYPROCESS_02.00.0000.iar.yaml,TSGTHCMHOURLYPROCESS|02.00.0000,TSGTHCMHOURLYPROCESS,TSGTHCMHourlyProcess,02.00.0000,PublishAuditing4NewHireUpdate(i11),RESTToOIC,TSGTPUBLISHAUDIT_SERVICE,1.0,TSGTPublishAuditing_Service,/api/integration/v1/flows/rest/TSGTPUBLISHAUDIT_SERVICE/1.0/auditing,TSGTRESTOICINVOK_CONN,PublishAuditing4NewHireUpdate,
TSGTHCMHOURLYPROCESS_02.00.0000.iar.yaml,TSGTHCMHOURLYPROCESS|02.00.0000,TSGTHCMHOURLYPROCESS,TSGTHCMHourlyProcess,02.00.0000,NewHireByPublish(i5),IntegrationAction,TSGTHCMNEWHIRESOUTBOUNDBYPUBLISH,02.00.0000,TSGTHCMNewHiresOutboundByPublish,/employeeOutbound,PRESEEDED_COLLOCATED_CONN_1741,NewHireByPublish,
TSGTHCMHOURLYPROCESS_02.00.0000.iar.yaml,TSGTHCMHOURLYPROCESS|02.00.0000,TSGTHCMHOURLYPROCESS,TSGTHCMHourlyProcess,02.00.0000,PublishAuditing4NewHirePublish(i12),RESTToOIC,TSGTPUBLISHAUDIT_SERVICE,1.0,TSGTPublishAuditing_Service,/api/integration/v1/flows/rest/TSGTPUBLISHAUDIT_SERVICE/1.0/auditing,TSGTRESTOICINVOK_CONN,PublishAuditing4NewHirePublish,
TSGTHCMHOURLYPROCESS_02.00.0000.iar.yaml,TSGTHCMHOURLYPROCESS|02.00.0000,TSGTHCMHOURLYPROCESS,TSGTHCMHourlyProcess,02.00.0000,EmployeeTerminated(i6),IntegrationAction,TSGTHCMEMPLOYEETERMINATIONBYUPDA,02.00.0000,TSGTHCMEmployeeTerminationByUpdate,/employeeOutbound,PRESEEDED_COLLOCATED_CONN_1741,EmployeeTerminated,
TSGTHCMHOURLYPROCESS_02.00.0000.iar.yaml,TSGTHCMHOURLYPROCESS|02.00.0000,TSGTHCMHOURLYPROCESS,TSGTHCMHourlyProcess,02.00.0000,PublishAuditing4Termination(i13),RESTToOIC,TSGTPUBLISHAUDIT_SERVICE,1.0,TSGTPublishAuditing_Service,/api/integration/v1/flows/rest/TSGTPUBLISHAUDIT_SERVICE/1.0/auditing,TSGTRESTOICINVOK_CONN,PublishAuditing4Termination,
TSGTHCMHOURLYPROCESS_02.00.0000.iar.yaml,TSGTHCMHOURLYPROCESS|02.00.0000,TSGTHCMHOURLYPROCESS,TSGTHCMHourlyProcess,02.00.0000,AzureAD(i3),RESTToOIC,TSGTAZUREADEMPLOYEESOUTBOUNDHCM,2.0,TSGTAzureADEmployeesOutboundHCM,/api/integration/v1/flows/rest/TSGTAZUREADEMPLOYEESOUTBOUNDHCM/2.0/employeeOutbound,TSGTRESTOICINVOK_CONN,AzureAD,
TSGTHCMHOURLYPROCESS_02.00.0000.iar.yaml,TSGTHCMHOURLYPROCESS|02.00.0000,TSGTHCMHOURLYPROCESS,TSGTHCMHourlyProcess,02.00.0000,PublishAuditing4Azure(i14),RESTToOIC,TSGTPUBLISHAUDIT_SERVICE,1.0,TSGTPublishAuditing_Service,/api/integration/v1/flows/rest/TSGTPUBLISHAUDIT_SERVICE/1.0/auditing,TSGTRESTOICINVOK_CONN,PublishAuditing4Azure,
TSGTHCMHOURLYPROCESS_02.00.0000.iar.yaml,TSGTHCMHOURLYPROCESS|02.00.0000,TSGTHCMHOURLYPROCESS,TSGTHCMHourlyProcess,02.00.0000,PublishAuditing(i4),RESTToOIC,TSGTPUBLISHAUDIT_SERVICE,1.0,TSGTPublishAuditing_Service,/api/integration/v1/flows/rest/TSGTPUBLISHAUDIT_SERVICE/1.0/auditing,TSGTRESTOICINVOK_CONN,PublishAuditing,
TSGTHCMNEWHIRESOUTBOUNDBYPUBLISH_02.00.0000.iar.yaml,TSGTHCMNEWHIRESOUTBOUNDBYPUBLISH|02.00.0000,TSGTHCMNEWHIRESOUTBOUNDBYPUBLISH,TSGTHCMNewHiresOutboundByPublish,02.00.0000,GetEmployeeNewHires(i0),Adapter_Invoke,,,,,TSGTADAPTERHCM_CONN,GetEmployeeNewHires,
TSGTHCMNEWHIRESOUTBOUNDBYPUBLISH_02.00.0000.iar.yaml,TSGTHCMNEWHIRESOUTBOUNDBYPUBLISH|02.00.0000,TSGTHCMNEWHIRESOUTBOUNDBYPUBLISH,TSGTHCMNewHiresOutboundByPublish,02.00.0000,PublishEmployees(i1),IntegrationAction,TSGTPUBLISHEMPLO_SERVICE,01.00.0000,TSGTPublishEmployees_Service,/employee,PRESEEDED_COLLOCATED_CONN_1741,PublishEmployees,
TSGTHCMNEWHIRESOUTBOUNDBYPUBLISH_02.00.0000.iar.yaml,TSGTHCMNEWHIRESOUTBOUNDBYPUBLISH|02.00.0000,TSGTHCMNEWHIRESOUTBOUNDBYPUBLISH,TSGTHCMNewHiresOutboundByPublish,02.00.0000,PublishAuditing(i2),IntegrationAction,AUDITINGINBOUND,01.00.0000,,/auditing,PRESEEDED_COLLOCATED_CONN_1741,PublishAuditing,
TSGTHCMNEWHIRESOUTBOUNDBYUPDATE_02.00.0001.iar.yaml,TSGTHCMNEWHIRESOUTBOUNDBYUPDATE|02.00.0001,TSGTHCMNEWHIRESOUTBOUNDBYUPDATE,TSGTHCMNewHiresOutboundByUpdate,02.00.0001,GetEmployeeNewHires(i0),Adapter_Invoke,,,,,TSGTADAPTERHCM_CONN,GetEmployeeNewHires,
TSGTHCMNEWHIRESOUTBOUNDBYUPDATE_02.00.0001.iar.yaml,TSGTHCMNEWHIRESOUTBOUNDBYUPDATE|02.00.0001,TSGTHCMNEWHIRESOUTBOUNDBYUPDATE,TSGTHCMNewHiresOutboundByUpdate,02.00.0001,PublishEmployees(i1),IntegrationAction,TSGTPUBLISHEMPLO_SERVICE,01.00.0000,TSGTPublishEmployees_Service,/employee,PRESEEDED_COLLOCATED_CONN_1741,PublishEmployees,
TSGTHCMNEWHIRESOUTBOUNDBYUPDATE_02.00.0001.iar.yaml,TSGTHCMNEWHIRESOUTBOUNDBYUPDATE|02.00.0001,TSGTHCMNEWHIRESOUTBOUNDBYUPDATE,TSGTHCMNewHiresOutboundByUpdate,02.00.0001,PublishAuditing(i2),IntegrationAction,AUDITINGINBOUND,01.00.0000,,/auditing,PRESEEDED_COLLOCATED_CONN_1741,PublishAuditing,
TSGTHCMOTLSNAP_SERVICE_01.00.0001.iar.yaml,TSGTHCMOTLSNAP_SERVICE|01.00.0001,TSGTHCMOTLSNAP_SERVICE,TSGTHcmOTLSnap_Service,01.00.0001,GetDatabanks(i0),Adapter_Invoke,,,,/Api/V2/DataBanks,TSGTSNAPREST_CONN,GetDatabanks,
TSGTHCMOTLSNAP_SERVICE_01.00.0001.iar.yaml,TSGTHCMOTLSNAP_SERVICE|01.00.0001,TSGTHCMOTLSNAP_SERVICE,TSGTHcmOTLSnap_Service,01.00.0001,GetEmployees(i1),Adapter_Invoke,,,,/Api/V2/DataBanks/{DatabankId}/Employees,TSGTSNAPREST_CONN,GetEmployees,
TSGTHCMOTLSNAP_SERVICE_01.00.0001.iar.yaml,TSGTHCMOTLSNAP_SERVICE|01.00.0001,TSGTHCMOTLSNAP_SERVICE,TSGTHcmOTLSnap_Service,01.00.0001,getSourceFilefromObjectStorage(i4),Adapter_Invoke,,,,/n/{nameSpaceName}/b/{bucketName}/o/{objectName},TSGTOBJECTSTORAG_CONN,getSourceFilefromObjectStorage,
TSGTHCMOTLSNAP_SERVICE_01.00.0001.iar.yaml,TSGTHCMOTLSNAP_SERVICE|01.00.0001,TSGTHCMOTLSNAP_SERVICE,TSGTHcmOTLSnap_Service,01.00.0001,createTransaction(i2),Adapter_Invoke,,,,/Api/V2/DataBanks/{DataBankId}/Employees/{EmployeeId}/Transactions,TSGTSNAPREST_CONN,createTransaction,
TSGTHCMOTLSNAP_SERVICE_01.00.0001.iar.yaml,TSGTHCMOTLSNAP_SERVICE|01.00.0001,TSGTHCMOTLSNAP_SERVICE,TSGTHcmOTLSnap_Service,01.00.0001,uploadStatusFileToObjectStorage(i3),Adapter_Invoke,,,,/n/{nameSpaceName}/b/{bucketName}/o/{objectName} ,TSGTOBJECTSTORAG_CONN,uploadStatusFileToObjectStorage,
TSGTHCMOTLSNAP_SERVICE_01.00.0001.iar.yaml,TSGTHCMOTLSNAP_SERVICE|01.00.0001,TSGTHCMOTLSNAP_SERVICE,TSGTHcmOTLSnap_Service,01.00.0001,insertNewInstance(i5),Adapter_Invoke,,,,/Logger/{Logger_Id}/action/insertLog ,TSGTRESTVBCSBO_CONN,insertNewInstance,
TSGTHCMPAYROLLHOURS2CORITY_02.02.0000.iar.yaml,TSGTHCMPAYROLLHOURS2CORITY|02.02.0000,TSGTHCMPAYROLLHOURS2CORITY,TSGTHCMPayrollHours2Cority,02.02.0000,GetConfigs(i0),IntegrationAction,TSGTGETCONFIGS_SERVICE,01.02.0000,TSGTGetConfigs_Service,/configs,PRESEEDED_COLLOCATED_CONN_1741,GetConfigs,
TSGTHCMPAYROLLHOURS2CORITY_02.02.0000.iar.yaml,TSGTHCMPAYROLLHOURS2CORITY|02.02.0000,TSGTHCMPAYROLLHOURS2CORITY,TSGTHCMPayrollHours2Cority,02.02.0000,Cority_Password(i6),IntegrationAction,GET_SECRET_BY_NAME,01.00.0000,Get Secret By Name,/getByName,PRESEEDED_COLLOCATED_CONN_1741,Cority_Password,
TSGTHCMPAYROLLHOURS2CORITY_02.02.0000.iar.yaml,TSGTHCMPAYROLLHOURS2CORITY|02.02.0000,TSGTHCMPAYROLLHOURS2CORITY,TSGTHCMPayrollHours2Cority,02.02.0000,RunDepartmentReport(i1),Adapter_Invoke,,,,,TSGTSOAPREPORTIN_CONN,RunDepartmentReport,
TSGTHCMPAYROLLHOURS2CORITY_02.02.0000.iar.yaml,TSGTHCMPAYROLLHOURS2CORITY|02.02.0000,TSGTHCMPAYROLLHOURS2CORITY,TSGTHCMPayrollHours2Cority,02.02.0000,RunLocationReport(i4),Adapter_Invoke,,,,,TSGTSOAPREPORTIN_CONN,RunLocationReport,
TSGTHCMPAYROLLHOURS2CORITY_02.02.0000.iar.yaml,TSGTHCMPAYROLLHOURS2CORITY|02.02.0000,TSGTHCMPAYROLLHOURS2CORITY,TSGTHCMPayrollHours2Cority,02.02.0000,ImportCSV(i2),Adapter_Invoke,,,,,TSGTSOAPCORITYGE_CONN,ImportCSV,
TSGTHCMPAYROLLHOURS2CORITY_02.02.0000.iar.yaml,TSGTHCMPAYROLLHOURS2CORITY|02.02.0000,TSGTHCMPAYROLLHOURS2CORITY,TSGTHCMPayrollHours2Cority,02.02.0000,PublishAuditing4Error(i5),RESTToOIC,TSGTPUBLISHAUDIT_SERVICE,1.0,TSGTPublishAuditing_Service,/api/integration/v1/flows/rest/TSGTPUBLISHAUDIT_SERVICE/1.0/auditing,TSGTRESTOICINVOK_CONN,PublishAuditing4Error,
TSGTHCMPAYROLLHOURS2CORITY_02.02.0000.iar.yaml,TSGTHCMPAYROLLHOURS2CORITY|02.02.0000,TSGTHCMPAYROLLHOURS2CORITY,TSGTHCMPayrollHours2Cority,02.02.0000,PublishAuditing(i3),RESTToOIC,TSGTPUBLISHAUDIT_SERVICE,1.0,TSGTPublishAuditing_Service,/api/integration/v1/flows/rest/TSGTPUBLISHAUDIT_SERVICE/1.0/auditing,TSGTRESTOICINVOK_CONN,PublishAuditing,
TSGTHCMSAASTRANS_SERVICE_01.01.0000.iar.yaml,TSGTHCMSAASTRANS_SERVICE|01.01.0000,TSGTHCMSAASTRANS_SERVICE,TSGTHcmSaasTransformation_Service,01.01.0000,GetInboundMetadataFromBO(i14),Adapter_Invoke,,,,/FWKINBOUNDINTGMETADATA,TSGTRESTVBCSBO_CONN,GetInboundMetadataFromBO,
TSGTHCMSAASTRANS_SERVICE_01.01.0000.iar.yaml,TSGTHCMSAASTRANS_SERVICE|01.01.0000,TSGTHCMSAASTRANS_SERVICE,TSGTHcmSaasTransformation_Service,01.01.0000,GetAllInstaces(i34),Adapter_Invoke,,,,/Instances,TSGTRESTVBCSBO_CONN,GetAllInstaces,
TSGTHCMSAASTRANS_SERVICE_01.01.0000.iar.yaml,TSGTHCMSAASTRANS_SERVICE|01.01.0000,TSGTHCMSAASTRANS_SERVICE,TSGTHcmSaasTransformation_Service,01.01.0000,UpdateParamsinBO(i41),Adapter_Invoke,,,,/Logger/{Logger_Id}/action/updateLog,TSGTRESTVBCSBO_CONN,UpdateParamsinBO,
TSGTHCMSAASTRANS_SERVICE_01.01.0000.iar.yaml,TSGTHCMSAASTRANS_SERVICE|01.01.0000,TSGTHCMSAASTRANS_SERVICE,TSGTHcmSaasTransformation_Service,01.01.0000,UpdateLog(i4),Adapter_Invoke,,,,/Logger/{Logger_Id}/action/updateLog,TSGTRESTVBCSBO_CONN,UpdateLog,
TSGTHCMSAASTRANS_SERVICE_01.01.0000.iar.yaml,TSGTHCMSAASTRANS_SERVICE|01.01.0000,TSGTHCMSAASTRANS_SERVICE,TSGTHcmSaasTransformation_Service,01.01.0000,UpdateTransactionStatus(i5),Adapter_Invoke,,,,/Logger/{Logger_Id}/action/updateTransaction,TSGTRESTVBCSBO_CONN,UpdateTransactionStatus,
TSGTHCMSAASTRANS_SERVICE_01.01.0000.iar.yaml,TSGTHCMSAASTRANS_SERVICE|01.01.0000,TSGTHCMSAASTRANS_SERVICE,TSGTHcmSaasTransformation_Service,01.01.0000,ObjStrGetSourceFile(i9),Adapter_Invoke,,,,/n/{nameSpaceName}/b/{bucketName}/o/{objectName},TSGTOBJECTSTORAG_CONN,ObjStrGetSourceFile,
TSGTHCMSAASTRANS_SERVICE_01.01.0000.iar.yaml,TSGTHCMSAASTRANS_SERVICE|01.01.0000,TSGTHCMSAASTRANS_SERVICE,TSGTHcmSaasTransformation_Service,01.01.0000,uploadFileToObjectStorage(i10),Adapter_Invoke,,,,/n/{nameSpaceName}/b/{bucketName}/o/{objectName},TSGTOBJECTSTORAG_CONN,uploadFileToObjectStorage,
TSGTHCMSAASTRANS_SERVICE_01.01.0000.iar.yaml,TSGTHCMSAASTRANS_SERVICE|01.01.0000,TSGTHCMSAASTRANS_SERVICE,TSGTHcmSaasTransformation_Service,01.01.0000,UploadFileToUCM(i12),Adapter_Invoke,,,,,TSGTADAPTERHCM_CONN,UploadFileToUCM,
TSGTHCMSAASTRANS_SERVICE_01.01.0000.iar.yaml,TSGTHCMSAASTRANS_SERVICE|01.01.0000,TSGTHCMSAASTRANS_SERVICE,TSGTHcmSaasTransformation_Service,01.01.0000,UpdateContentID(i35),Adapter_Invoke,,,,/Logger/{Logger_Id}/action/updateLog,TSGTRESTVBCSBO_CONN,UpdateContentID,
TSGTHCMSAASTRANS_SERVICE_01.01.0000.iar.yaml,TSGTHCMSAASTRANS_SERVICE|01.01.0000,TSGTHCMSAASTRANS_SERVICE,TSGTHcmSaasTransformation_Service,01.01.0000,UpdateContentIDlog(i36),Adapter_Invoke,,,,/Logger/{Logger_Id}/action/updateLog,TSGTRESTVBCSBO_CONN,UpdateContentIDlog,
TSGTHCMSAASTRANS_SERVICE_01.01.0000.iar.yaml,TSGTHCMSAASTRANS_SERVICE|01.01.0000,TSGTHCMSAASTRANS_SERVICE,TSGTHcmSaasTransformation_Service,01.01.0000,UpdateContentIDTrnx(i37),Adapter_Invoke,,,,/Logger/{Logger_Id}/action/updateTransaction,TSGTRESTVBCSBO_CONN,UpdateContentIDTrnx,
TSGTHCMSAASTRANS_SERVICE_01.01.0000.iar.yaml,TSGTHCMSAASTRANS_SERVICE|01.01.0000,TSGTHCMSAASTRANS_SERVICE,TSGTHcmSaasTransformation_Service,01.01.0000,InvokeHCMPayrollFlow(i8),Adapter_Invoke,,,,,TSGTADAPTERHCM_CONN,InvokeHCMPayrollFlow,
TSGTHCMSAASTRANS_SERVICE_01.01.0000.iar.yaml,TSGTHCMSAASTRANS_SERVICE|01.01.0000,TSGTHCMSAASTRANS_SERVICE,TSGTHcmSaasTransformation_Service,01.01.0000,UpdatelogFlowName(i38),Adapter_Invoke,,,,/Logger/{Logger_Id}/action/updateLog,TSGTRESTVBCSBO_CONN,UpdatelogFlowName,
TSGTHCMSAASTRANS_SERVICE_01.01.0000.iar.yaml,TSGTHCMSAASTRANS_SERVICE|01.01.0000,TSGTHCMSAASTRANS_SERVICE,TSGTHcmSaasTransformation_Service,01.01.0000,GetFileFromEnriched(i20),Adapter_Invoke,,,,/n/{nameSpaceName}/b/{bucketName}/o/{objectName},TSGTOBJECTSTORAG_CONN,GetFileFromEnriched,
TSGTHCMSAASTRANS_SERVICE_01.01.0000.iar.yaml,TSGTHCMSAASTRANS_SERVICE|01.01.0000,TSGTHCMSAASTRANS_SERVICE,TSGTHcmSaasTransformation_Service,01.01.0000,GetHCMPayrollReport(i0),Adapter_Invoke,,,,,TSGTSOAPHCMBIP_CONN,GetHCMPayrollReport,
TSGTHCMSAASTRANS_SERVICE_01.01.0000.iar.yaml,TSGTHCMSAASTRANS_SERVICE|01.01.0000,TSGTHCMSAASTRANS_SERVICE,TSGTHcmSaasTransformation_Service,01.01.0000,UpdateInstanceLogError(i23),Adapter_Invoke,,,,/Logger/{Logger_Id}/action/updateLog,TSGTRESTVBCSBO_CONN,UpdateInstanceLogError,
TSGTHCMSAASTRANS_SERVICE_01.01.0000.iar.yaml,TSGTHCMSAASTRANS_SERVICE|01.01.0000,TSGTHCMSAASTRANS_SERVICE,TSGTHcmSaasTransformation_Service,01.01.0000,UpdateTransactionFowError(i22),Adapter_Invoke,,,,/Logger/{Logger_Id}/action/updateTransaction,TSGTRESTVBCSBO_CONN,UpdateTransactionFowError,
TSGTHCMSAASTRANS_SERVICE_01.01.0000.iar.yaml,TSGTHCMSAASTRANS_SERVICE|01.01.0000,TSGTHCMSAASTRANS_SERVICE,TSGTHcmSaasTransformation_Service,01.01.0000,UploadFileToError(i16),Adapter_Invoke,,,,/n/{nameSpaceName}/b/{bucketName}/o/{objectName},TSGTOBJECTSTORAG_CONN,UploadFileToError,
TSGTHCMSAASTRANS_SERVICE_01.01.0000.iar.yaml,TSGTHCMSAASTRANS_SERVICE|01.01.0000,TSGTHCMSAASTRANS_SERVICE,TSGTHcmSaasTransformation_Service,01.01.0000,DeleteStagedFile(i24),Adapter_Invoke,,,,/n/{nameSpaceName}/b/{bucketName}/o/{objectName},TSGTOBJECTSTORAG_CONN,DeleteStagedFile,
TSGTHCMSAASTRANS_SERVICE_01.01.0000.iar.yaml,TSGTHCMSAASTRANS_SERVICE|01.01.0000,TSGTHCMSAASTRANS_SERVICE,TSGTHcmSaasTransformation_Service,01.01.0000,InvokeErrorNotification(i25),IntegrationAction,TSGTCMNHCMNOTIFI_SERVICE,01.01.0002,TSGTCmnHcmNotification_Service,/notification,PRESEEDED_COLLOCATED_CONN_1741,InvokeErrorNotification,
TSGTHCMSAASTRANS_SERVICE_01.01.0000.iar.yaml,TSGTHCMSAASTRANS_SERVICE|01.01.0000,TSGTHCMSAASTRANS_SERVICE,TSGTHcmSaasTransformation_Service,01.01.0000,HCMDataLoad(i1),Adapter_Invoke,,,,,TSGTADAPTERHCM_CONN,HCMDataLoad,
TSGTHCMSAASTRANS_SERVICE_01.01.0000.iar.yaml,TSGTHCMSAASTRANS_SERVICE|01.01.0000,TSGTHCMSAASTRANS_SERVICE,TSGTHcmSaasTransformation_Service,01.01.0000,InvokeHDLSummaryReport(i13),Adapter_Invoke,,,,,TSGTSOAPHCMBIP_CONN,InvokeHDLSummaryReport,
TSGTHCMSAASTRANS_SERVICE_01.01.0000.iar.yaml,TSGTHCMSAASTRANS_SERVICE|01.01.0000,TSGTHCMSAASTRANS_SERVICE,TSGTHcmSaasTransformation_Service,01.01.0000,UploadHDLSummaryToArchive(i3),Adapter_Invoke,,,,/n/{nameSpaceName}/b/{bucketName}/o/{objectName},TSGTOBJECTSTORAG_CONN,UploadHDLSummaryToArchive,
TSGTHCMSAASTRANS_SERVICE_01.01.0000.iar.yaml,TSGTHCMSAASTRANS_SERVICE|01.01.0000,TSGTHCMSAASTRANS_SERVICE,TSGTHcmSaasTransformation_Service,01.01.0000,UpdateInstancePStatusSuccess(i17),Adapter_Invoke,,,,/Logger/{Logger_Id}/action/updateLog,TSGTRESTVBCSBO_CONN,UpdateInstancePStatusSuccess,
TSGTHCMSAASTRANS_SERVICE_01.01.0000.iar.yaml,TSGTHCMSAASTRANS_SERVICE|01.01.0000,TSGTHCMSAASTRANS_SERVICE,TSGTHcmSaasTransformation_Service,01.01.0000,UpdateTransactionSuccess(i18),Adapter_Invoke,,,,/Logger/{Logger_Id}/action/updateTransaction,TSGTRESTVBCSBO_CONN,UpdateTransactionSuccess,
TSGTHCMSAASTRANS_SERVICE_01.01.0000.iar.yaml,TSGTHCMSAASTRANS_SERVICE|01.01.0000,TSGTHCMSAASTRANS_SERVICE,TSGTHcmSaasTransformation_Service,01.01.0000,UploadFileToSuccess(i19),Adapter_Invoke,,,,/n/{nameSpaceName}/b/{bucketName}/o/{objectName},TSGTOBJECTSTORAG_CONN,UploadFileToSuccess,
TSGTHCMSAASTRANS_SERVICE_01.01.0000.iar.yaml,TSGTHCMSAASTRANS_SERVICE|01.01.0000,TSGTHCMSAASTRANS_SERVICE,TSGTHcmSaasTransformation_Service,01.01.0000,UpdateInstanceErrorFilename(i28),Adapter_Invoke,,,,/Logger/{Logger_Id}/action/updateInstanceErrorFilenames,TSGTRESTVBCSBO_CONN,UpdateInstanceErrorFilename,
TSGTHCMSAASTRANS_SERVICE_01.01.0000.iar.yaml,TSGTHCMSAASTRANS_SERVICE|01.01.0000,TSGTHCMSAASTRANS_SERVICE,TSGTHcmSaasTransformation_Service,01.01.0000,UpdateTransactionCompletedError(i27),Adapter_Invoke,,,,/Logger/{Logger_Id}/action/updateTransaction,TSGTRESTVBCSBO_CONN,UpdateTransactionCompletedError,
TSGTHCMSAASTRANS_SERVICE_01.01.0000.iar.yaml,TSGTHCMSAASTRANS_SERVICE|01.01.0000,TSGTHCMSAASTRANS_SERVICE,TSGTHcmSaasTransformation_Service,01.01.0000,MoveFileToError(i29),Adapter_Invoke,,,,/n/{nameSpaceName}/b/{bucketName}/o/{objectName},TSGTOBJECTSTORAG_CONN,MoveFileToError,
TSGTHCMSAASTRANS_SERVICE_01.01.0000.iar.yaml,TSGTHCMSAASTRANS_SERVICE|01.01.0000,TSGTHCMSAASTRANS_SERVICE,TSGTHcmSaasTransformation_Service,01.01.0000,UpdateInstancePStatus(i31),Adapter_Invoke,,,,/Logger/{Logger_Id}/action/updateLog,TSGTRESTVBCSBO_CONN,UpdateInstancePStatus,
TSGTHCMSAASTRANS_SERVICE_01.01.0000.iar.yaml,TSGTHCMSAASTRANS_SERVICE|01.01.0000,TSGTHCMSAASTRANS_SERVICE,TSGTHcmSaasTransformation_Service,01.01.0000,UpdateTransactionPartial(i32),Adapter_Invoke,,,,/Logger/{Logger_Id}/action/updateTransaction,TSGTRESTVBCSBO_CONN,UpdateTransactionPartial,
TSGTHCMSAASTRANS_SERVICE_01.01.0000.iar.yaml,TSGTHCMSAASTRANS_SERVICE|01.01.0000,TSGTHCMSAASTRANS_SERVICE,TSGTHcmSaasTransformation_Service,01.01.0000,MovePartialFileToError(i11),Adapter_Invoke,,,,/n/{nameSpaceName}/b/{bucketName}/o/{objectName},TSGTOBJECTSTORAG_CONN,MovePartialFileToError,
TSGTHCMSAASTRANS_SERVICE_01.01.0000.iar.yaml,TSGTHCMSAASTRANS_SERVICE|01.01.0000,TSGTHCMSAASTRANS_SERVICE,TSGTHcmSaasTransformation_Service,01.01.0000,DeleteFileFromRAWBucket(i6),Adapter_Invoke,,,,/n/{nameSpaceName}/b/{bucketName}/o/{objectName},TSGTOBJECTSTORAG_CONN,DeleteFileFromRAWBucket,
TSGTHCMSAASTRANS_SERVICE_01.01.0000.iar.yaml,TSGTHCMSAASTRANS_SERVICE|01.01.0000,TSGTHCMSAASTRANS_SERVICE,TSGTHcmSaasTransformation_Service,01.01.0000,InvokeSuccessNotification(i7),IntegrationAction,TSGTCMNHCMNOTIFI_SERVICE,01.01.0002,TSGTCmnHcmNotification_Service,/notification,PRESEEDED_COLLOCATED_CONN_1741,InvokeSuccessNotification,
TSGTHCMSAASTRANS_SERVICE_01.01.0000.iar.yaml,TSGTHCMSAASTRANS_SERVICE|01.01.0000,TSGTHCMSAASTRANS_SERVICE,TSGTHcmSaasTransformation_Service,01.01.0000,InvokeNotification(i15),IntegrationAction,TSGTCMNHCMNOTIFI_SERVICE,01.01.0002,TSGTCmnHcmNotification_Service,/notification,PRESEEDED_COLLOCATED_CONN_1741,InvokeNotification,
TSGTHCMSAASTRANS_SERVICE_01.01.0000.iar.yaml,TSGTHCMSAASTRANS_SERVICE|01.01.0000,TSGTHCMSAASTRANS_SERVICE,TSGTHcmSaasTransformation_Service,01.01.0000,UpdateTransactionError(i2),Adapter_Invoke,,,,/Logger/{Logger_Id}/action/updateTransaction,TSGTRESTVBCSBO_CONN,UpdateTransactionError,
TSGTHCMSAASTRANS_SERVICE_01.01.0000.iar.yaml,TSGTHCMSAASTRANS_SERVICE|01.01.0000,TSGTHCMSAASTRANS_SERVICE,TSGTHcmSaasTransformation_Service,01.01.0000,InvokeUpdateErrorNotification(i33),IntegrationAction,TSGTCMNHCMNOTIFI_SERVICE,01.01.0002,TSGTCmnHcmNotification_Service,/notification,PRESEEDED_COLLOCATED_CONN_1741,InvokeUpdateErrorNotification,
TSGTHCMSAASTRANS_SERVICE_01.01.0000.iar.yaml,TSGTHCMSAASTRANS_SERVICE|01.01.0000,TSGTHCMSAASTRANS_SERVICE,TSGTHcmSaasTransformation_Service,01.01.0000,GetRawFile(i21),Adapter_Invoke,,,,/n/{namespaceName}/b/{bucketName}/o/{objectName},TSGTOBJECTSTORAG_CONN,GetRawFile,
TSGTHCMSAASTRANS_SERVICE_01.01.0000.iar.yaml,TSGTHCMSAASTRANS_SERVICE|01.01.0000,TSGTHCMSAASTRANS_SERVICE,TSGTHcmSaasTransformation_Service,01.01.0000,MoveFileError(i26),Adapter_Invoke,,,,/n/{namespaceName}/b/{bucketName}/o/{objectName},TSGTOBJECTSTORAG_CONN,MoveFileError,
TSGTHCMSAASTRANS_SERVICE_01.01.0000.iar.yaml,TSGTHCMSAASTRANS_SERVICE|01.01.0000,TSGTHCMSAASTRANS_SERVICE,TSGTHcmSaasTransformation_Service,01.01.0000,DeleteRawFile(i30),Adapter_Invoke,,,,/n/{namespaceName}/b/{bucketName}/o/{objectName},TSGTOBJECTSTORAG_CONN,DeleteRawFile,
TSGTHCMSAASTRANS_SERVICE_01.01.0000.iar.yaml,TSGTHCMSAASTRANS_SERVICE|01.01.0000,TSGTHCMSAASTRANS_SERVICE,TSGTHcmSaasTransformation_Service,01.01.0000,InvokeObjectStorageErrorNotifications(i39),IntegrationAction,TSGTCMNHCMNOTIFI_SERVICE,01.01.0002,TSGTCmnHcmNotification_Service,/notification,PRESEEDED_COLLOCATED_CONN_1741,InvokeObjectStorageErrorNotifications,
TSGTINVERPONHAND_SERVICE_01.00.0000.iar.yaml,TSGTINVERPONHAND_SERVICE|01.00.0000,TSGTINVERPONHAND_SERVICE,TSGTInvErpOnHandDataSyncDispatcherObFwk_Service,01.00.0000,UpdateInitLog(i2),IntegrationAction,TSGTCMNUPSERTINS_SERVICE,01.00.0000,TSGTCmnUpsertInstanceTransaction_Service,/UpsertInstanceTransaction,PRESEEDED_COLLOCATED_CONN_1741,UpdateInitLog,
TSGTINVERPONHAND_SERVICE_01.00.0000.iar.yaml,TSGTINVERPONHAND_SERVICE|01.00.0000,TSGTINVERPONHAND_SERVICE,TSGTInvErpOnHandDataSyncDispatcherObFwk_Service,01.00.0000,GetMetaDatafromBO(i16),Adapter_Invoke,,,,/FWKOUTBOUNDINTGMETADATA,TSGTRESTVBCSBO_CONN,GetMetaDatafromBO,
TSGTINVERPONHAND_SERVICE_01.00.0000.iar.yaml,TSGTINVERPONHAND_SERVICE|01.00.0000,TSGTINVERPONHAND_SERVICE,TSGTInvErpOnHandDataSyncDispatcherObFwk_Service,01.00.0000,GetInstanceDtls(i8),Adapter_Invoke,,,,/Instances,TSGTRESTVBCSBO_CONN,GetInstanceDtls,
TSGTINVERPONHAND_SERVICE_01.00.0000.iar.yaml,TSGTINVERPONHAND_SERVICE|01.00.0000,TSGTINVERPONHAND_SERVICE,TSGTInvErpOnHandDataSyncDispatcherObFwk_Service,01.00.0000,GetTransactionDetails(i1),Adapter_Invoke,,,,/Transactions,TSGTRESTVBCSBO_CONN,GetTransactionDetails,
TSGTINVERPONHAND_SERVICE_01.00.0000.iar.yaml,TSGTINVERPONHAND_SERVICE|01.00.0000,TSGTINVERPONHAND_SERVICE,TSGTInvErpOnHandDataSyncDispatcherObFwk_Service,01.00.0000,GetInstanceCount(i9),Adapter_Invoke,,,,/Logger/{Logger_Id}/action/getInstanceCount,TSGTRESTVBCSBO_CONN,GetInstanceCount,
TSGTINVERPONHAND_SERVICE_01.00.0000.iar.yaml,TSGTINVERPONHAND_SERVICE|01.00.0000,TSGTINVERPONHAND_SERVICE,TSGTInvErpOnHandDataSyncDispatcherObFwk_Service,01.00.0000,GetFileFromBucket(i14),Adapter_Invoke,,,,/n/{nameSpaceName}/b/{bucketName}/o/{objectName},TSGTOBJECTSTORAG_CONN,GetFileFromBucket,
TSGTINVERPONHAND_SERVICE_01.00.0000.iar.yaml,TSGTINVERPONHAND_SERVICE|01.00.0000,TSGTINVERPONHAND_SERVICE,TSGTInvErpOnHandDataSyncDispatcherObFwk_Service,01.00.0000,InsertIntoObStageTbl(i17),Adapter_Invoke,,,,,TSGTATPCLOUDDB_CONN,InsertIntoObStageTbl,
TSGTINVERPONHAND_SERVICE_01.00.0000.iar.yaml,TSGTINVERPONHAND_SERVICE|01.00.0000,TSGTINVERPONHAND_SERVICE,TSGTInvErpOnHandDataSyncDispatcherObFwk_Service,01.00.0000,SyncStagetabletoXref(i3),Adapter_Invoke,,,,,TSGTATPCLOUDDB_CONN,SyncStagetabletoXref,
TSGTINVERPONHAND_SERVICE_01.00.0000.iar.yaml,TSGTINVERPONHAND_SERVICE|01.00.0000,TSGTINVERPONHAND_SERVICE,TSGTInvErpOnHandDataSyncDispatcherObFwk_Service,01.00.0000,GetLastRunDateBIP(i0),Adapter_Invoke,,,,,TSGTSOAPERPBIP_CONN,GetLastRunDateBIP,
TSGTINVERPONHAND_SERVICE_01.00.0000.iar.yaml,TSGTINVERPONHAND_SERVICE|01.00.0000,TSGTINVERPONHAND_SERVICE,TSGTInvErpOnHandDataSyncDispatcherObFwk_Service,01.00.0000,UpdateLastrunDateinBO(i5),Adapter_Invoke,,,,/FWKOUTBOUNDINTGMETADATA/{Id},TSGTRESTVBCSBO_CONN,UpdateLastrunDateinBO,
TSGTINVERPONHAND_SERVICE_01.00.0000.iar.yaml,TSGTINVERPONHAND_SERVICE|01.00.0000,TSGTINVERPONHAND_SERVICE,TSGTInvErpOnHandDataSyncDispatcherObFwk_Service,01.00.0000,GetInstanceDetails(i6),Adapter_Invoke,,,,/Instances,TSGTRESTVBCSBO_CONN,GetInstanceDetails,
TSGTINVERPONHAND_SERVICE_01.00.0000.iar.yaml,TSGTINVERPONHAND_SERVICE|01.00.0000,TSGTINVERPONHAND_SERVICE,TSGTInvErpOnHandDataSyncDispatcherObFwk_Service,01.00.0000,UpdateInstanceBOStatus(i7),IntegrationAction,TSGTCMNUPSERTINS_SERVICE,01.00.0000,TSGTCmnUpsertInstanceTransaction_Service,/UpsertInstanceTransaction,PRESEEDED_COLLOCATED_CONN_1741,UpdateInstanceBOStatus,
TSGTINVERPONHAND_SERVICE_01.00.0000.iar.yaml,TSGTINVERPONHAND_SERVICE|01.00.0000,TSGTINVERPONHAND_SERVICE,TSGTInvErpOnHandDataSyncDispatcherObFwk_Service,01.00.0000,GetInstanceDetailsForReprocess(i10),Adapter_Invoke,,,,/Instances,TSGTRESTVBCSBO_CONN,GetInstanceDetailsForReprocess,
TSGTINVERPONHAND_SERVICE_01.00.0000.iar.yaml,TSGTINVERPONHAND_SERVICE|01.00.0000,TSGTINVERPONHAND_SERVICE,TSGTInvErpOnHandDataSyncDispatcherObFwk_Service,01.00.0000,UpdInstanceBOStat(i12),IntegrationAction,TSGTCMNUPSERTINS_SERVICE,01.00.0000,TSGTCmnUpsertInstanceTransaction_Service,/UpsertInstanceTransaction,PRESEEDED_COLLOCATED_CONN_1741,UpdInstanceBOStat,
TSGTINVERPONHAND_SERVICE_01.00.0000.iar.yaml,TSGTINVERPONHAND_SERVICE|01.00.0000,TSGTINVERPONHAND_SERVICE,TSGTInvErpOnHandDataSyncDispatcherObFwk_Service,01.00.0000,UpdateTransactionAndInstanceLog(i4),IntegrationAction,TSGTCMNUPSERTINS_SERVICE,01.00.0000,TSGTCmnUpsertInstanceTransaction_Service,/UpsertInstanceTransaction,PRESEEDED_COLLOCATED_CONN_1741,UpdateTransactionAndInstanceLog,
TSGTINVERPONHAND_SERVICE_01.00.0000.iar.yaml,TSGTINVERPONHAND_SERVICE|01.00.0000,TSGTINVERPONHAND_SERVICE,TSGTInvErpOnHandDataSyncDispatcherObFwk_Service,01.00.0000,InvokeNotificationService(i13),IntegrationAction,TSGTCMNNOTIFICAT_SERVICE,01.00.0000,TSGTCmnNotificationFwk_Service,/Notify,PRESEEDED_COLLOCATED_CONN_1741,InvokeNotificationService,
TSGTINVERPONHAND_SERVICE_01.00.0000.iar.yaml,TSGTINVERPONHAND_SERVICE|01.00.0000,TSGTINVERPONHAND_SERVICE,TSGTInvErpOnHandDataSyncDispatcherObFwk_Service,01.00.0000,ErrorHandler(i11),IntegrationAction,UIC_CMN_ERRORHAN_SERVICE,01.00.0001,,https://prod-axeufspbztar-px.integration.ocp.oraclecloud.com:443/ic/api/integration/v1/flows/rest/UIC_CMN_ERRORHAN_SERVICE/1.0/ErrorHandler,PRESEEDED_COLLOCATED_CONN_1741,ErrorHandler,
TSGTINVERP_INTGSERVIC_IB_01.00.0000.iar.yaml,TSGTINVERP_INTGSERVIC_IB|01.00.0000,TSGTINVERP_INTGSERVIC_IB,TSGTInvErpWACSOnHandRecon_IntgService_IB,01.00.0000,GetMetadataFromBO(i3),Adapter_Invoke,,,,/FWKOUTBOUNDINTGMETADATA,TSGTRESTVBCSBO_CONN,GetMetadataFromBO,
TSGTINVERP_INTGSERVIC_IB_01.00.0000.iar.yaml,TSGTINVERP_INTGSERVIC_IB|01.00.0000,TSGTINVERP_INTGSERVIC_IB,TSGTInvErpWACSOnHandRecon_IntgService_IB,01.00.0000,InvokeCommonLauncher(i0),IntegrationAction,TSGTCMNLAUNCHERF_SERVICE,01.00.0000,TSGTCmnLauncherFwk_Service,/invokeLauncher,PRESEEDED_COLLOCATED_CONN_1741,InvokeCommonLauncher,
TSGTINVERP_INTGSERVIC_IB_01.00.0000.iar.yaml,TSGTINVERP_INTGSERVIC_IB|01.00.0000,TSGTINVERP_INTGSERVIC_IB,TSGTInvErpWACSOnHandRecon_IntgService_IB,01.00.0000,SendNotification(i1),IntegrationAction,TSGTCMNNOTIFICAT_SERVICE,01.00.0000,TSGTCmnNotificationFwk_Service,/Notify,PRESEEDED_COLLOCATED_CONN_1741,SendNotification,
TSGTINVOIC_INTGSERVIC_OB_01.00.0000.iar.yaml,TSGTINVOIC_INTGSERVIC_OB|01.00.0000,TSGTINVOIC_INTGSERVIC_OB,TSGTInvoicePaymentExtract_IntgService_OB,01.00.0000,GetMetadataFromBO(i3),Adapter_Invoke,,,,/FWKOUTBOUNDINTGMETADATA,TSGTRESTVBCSBO_CONN,GetMetadataFromBO,
TSGTINVOIC_INTGSERVIC_OB_01.00.0000.iar.yaml,TSGTINVOIC_INTGSERVIC_OB|01.00.0000,TSGTINVOIC_INTGSERVIC_OB,TSGTInvoicePaymentExtract_IntgService_OB,01.00.0000,InvokeCommonLauncher(i0),IntegrationAction,TSGTCMNLAUNCHERF_SERVICE,01.00.0000,TSGTCmnLauncherFwk_Service,/invokeLauncher,PRESEEDED_COLLOCATED_CONN_1741,InvokeCommonLauncher,
TSGTINVOIC_INTGSERVIC_OB_01.00.0000.iar.yaml,TSGTINVOIC_INTGSERVIC_OB|01.00.0000,TSGTINVOIC_INTGSERVIC_OB,TSGTInvoicePaymentExtract_IntgService_OB,01.00.0000,SendNotification(i1),IntegrationAction,TSGTCMNNOTIFICAT_SERVICE,01.00.0000,TSGTCmnNotificationFwk_Service,/Notify,PRESEEDED_COLLOCATED_CONN_1741,SendNotification,
TSGTINVONHANDREC_SERVICE_01.00.0000.iar.yaml,TSGTINVONHANDREC_SERVICE|01.00.0000,TSGTINVONHANDREC_SERVICE,TSGTInvOnHandReconOrchestratorIbFwk_Service,01.00.0000,InvokeLoggerService-Initiation(i7),IntegrationAction,TSGTCMNUPSERTINS_SERVICE,01.00.0000,TSGTCmnUpsertInstanceTransaction_Service,/UpsertInstanceTransaction,PRESEEDED_COLLOCATED_CONN_1741,InvokeLoggerService-Initiation,
TSGTINVONHANDREC_SERVICE_01.00.0000.iar.yaml,TSGTINVONHANDREC_SERVICE|01.00.0000,TSGTINVONHANDREC_SERVICE,TSGTInvOnHandReconOrchestratorIbFwk_Service,01.00.0000,GetInstanceDtls(i13),Adapter_Invoke,,,,/Instances,TSGTRESTVBCSBO_CONN,GetInstanceDtls,
TSGTINVONHANDREC_SERVICE_01.00.0000.iar.yaml,TSGTINVONHANDREC_SERVICE|01.00.0000,TSGTINVONHANDREC_SERVICE,TSGTInvOnHandReconOrchestratorIbFwk_Service,01.00.0000,GetMetadataInfo(i1),Adapter_Invoke,,,,/FWKINBOUNDINTGMETADATA,TSGTRESTVBCSBO_CONN,GetMetadataInfo,
TSGTINVONHANDREC_SERVICE_01.00.0000.iar.yaml,TSGTINVONHANDREC_SERVICE|01.00.0000,TSGTINVONHANDREC_SERVICE,TSGTInvOnHandReconOrchestratorIbFwk_Service,01.00.0000,InvokeErpWACSOnHandReconRptPrc(i0),Adapter_Invoke,,,,,TSGTATPCLOUDDB_CONN,InvokeErpWACSOnHandReconRptPrc,
TSGTINVONHANDREC_SERVICE_01.00.0000.iar.yaml,TSGTINVONHANDREC_SERVICE|01.00.0000,TSGTINVONHANDREC_SERVICE,TSGTInvOnHandReconOrchestratorIbFwk_Service,01.00.0000,GetErpWacsReconData(i2),Adapter_Invoke,,,,,TSGTATPCLOUDDB_CONN,GetErpWacsReconData,
TSGTINVONHANDREC_SERVICE_01.00.0000.iar.yaml,TSGTINVONHANDREC_SERVICE|01.00.0000,TSGTINVONHANDREC_SERVICE,TSGTInvOnHandReconOrchestratorIbFwk_Service,01.00.0000,InvokeStatsProc(i3),Adapter_Invoke,,,,,TSGTATPCLOUDDB_CONN,InvokeStatsProc,
TSGTINVONHANDREC_SERVICE_01.00.0000.iar.yaml,TSGTINVONHANDREC_SERVICE|01.00.0000,TSGTINVONHANDREC_SERVICE,TSGTInvOnHandReconOrchestratorIbFwk_Service,01.00.0000,InvokeUploadResultFiletoObjectStorage(i4),IntegrationAction,TSGTCMNFILEREFER_SERVICE,01.00.0000,TSGTCmnFileReferencetoObjectStorage_Service,/getFileFromObjectStorage,PRESEEDED_COLLOCATED_CONN_1741,InvokeUploadResultFiletoObjectStorage,
TSGTINVONHANDREC_SERVICE_01.00.0000.iar.yaml,TSGTINVONHANDREC_SERVICE|01.00.0000,TSGTINVONHANDREC_SERVICE,TSGTInvOnHandReconOrchestratorIbFwk_Service,01.00.0000,MoveFileToErrorBucket(i5),IntegrationAction,TSGTCMNSRCOBJSTOTGTOBJSMO_SERVIC,01.00.0000,TSGTCmnSrcObjStorageToTgtObjStorageMove_Service,/getFileFromObjectStorage,PRESEEDED_COLLOCATED_CONN_1741,MoveFileToErrorBucket,
TSGTINVONHANDREC_SERVICE_01.00.0000.iar.yaml,TSGTINVONHANDREC_SERVICE|01.00.0000,TSGTINVONHANDREC_SERVICE,TSGTInvOnHandReconOrchestratorIbFwk_Service,01.00.0000,MoveFileToArchiveBucket(i6),IntegrationAction,TSGTCMNSRCOBJSTOTGTOBJSMO_SERVIC,01.00.0000,TSGTCmnSrcObjStorageToTgtObjStorageMove_Service,/getFileFromObjectStorage,PRESEEDED_COLLOCATED_CONN_1741,MoveFileToArchiveBucket,
TSGTINVONHANDREC_SERVICE_01.00.0000.iar.yaml,TSGTINVONHANDREC_SERVICE|01.00.0000,TSGTINVONHANDREC_SERVICE,TSGTInvOnHandReconOrchestratorIbFwk_Service,01.00.0000,SendNotification(i15),IntegrationAction,TSGTCMNNOTIFICAT_SERVICE,01.00.0000,TSGTCmnNotificationFwk_Service,/Notify,PRESEEDED_COLLOCATED_CONN_1741,SendNotification,
TSGTINVONHANDREC_SERVICE_01.00.0000.iar.yaml,TSGTINVONHANDREC_SERVICE|01.00.0000,TSGTINVONHANDREC_SERVICE,TSGTInvOnHandReconOrchestratorIbFwk_Service,01.00.0000,SendFailedEmailNotification(i11),IntegrationAction,TSGTCMNNOTIFICAT_SERVICE,01.00.0000,TSGTCmnNotificationFwk_Service,/Notify,PRESEEDED_COLLOCATED_CONN_1741,SendFailedEmailNotification,
TSGTINVONHANDREC_SERVICE_01.00.0000.iar.yaml,TSGTINVONHANDREC_SERVICE|01.00.0000,TSGTINVONHANDREC_SERVICE,TSGTInvOnHandReconOrchestratorIbFwk_Service,01.00.0000,UpddateTransactionAndInstanceStatus(i10),IntegrationAction,TSGTCMNUPSERTINS_SERVICE,01.00.0000,TSGTCmnUpsertInstanceTransaction_Service,/UpsertInstanceTransaction,PRESEEDED_COLLOCATED_CONN_1741,UpddateTransactionAndInstanceStatus,
TSGTINVONHANDREC_SERVICE_01.00.0000.iar.yaml,TSGTINVONHANDREC_SERVICE|01.00.0000,TSGTINVONHANDREC_SERVICE,TSGTInvOnHandReconOrchestratorIbFwk_Service,01.00.0000,InvokeErrorHandlerService(i14),IntegrationAction,HC_CMN_NOTIFICA_SERVICE,01.00.0000,,/Notify,PRESEEDED_COLLOCATED_CONN_1741,InvokeErrorHandlerService,
TSGTINVWACSONHAN_SERVICE_01.00.0000.iar.yaml,TSGTINVWACSONHAN_SERVICE|01.00.0000,TSGTINVWACSONHAN_SERVICE,TSGTInvWacsOnHandMediatorDataInsertIbFwk_Service,01.00.0000,DownloadFileFromBucket(i0),Adapter_Invoke,,,,/n/{nameSpaceName}/b/{bucketName}/o/{objectName},TSGTOBJECTSTORAG_CONN,DownloadFileFromBucket,
TSGTINVWACSONHAN_SERVICE_01.00.0000.iar.yaml,TSGTINVWACSONHAN_SERVICE|01.00.0000,TSGTINVWACSONHAN_SERVICE,TSGTInvWacsOnHandMediatorDataInsertIbFwk_Service,01.00.0000,InsertIntoIbStageTbl(i1),Adapter_Invoke,,,,,TSGTATPCLOUDDB_CONN,InsertIntoIbStageTbl,
TSGTINVWACSONHAN_SERVICE_01.00.0000.iar.yaml,TSGTINVWACSONHAN_SERVICE|01.00.0000,TSGTINVWACSONHAN_SERVICE,TSGTInvWacsOnHandMediatorDataInsertIbFwk_Service,01.00.0000,UpdateDataInsertStatusToInstance(i3),IntegrationAction,TSGTCMNUPSERTINS_SERVICE,01.00.0000,TSGTCmnUpsertInstanceTransaction_Service,/UpsertInstanceTransaction,PRESEEDED_COLLOCATED_CONN_1741,UpdateDataInsertStatusToInstance,
TSGTLEADTIMEERPU_SERVICE_01.00.0000.iar.yaml,TSGTLEADTIMEERPU_SERVICE|01.00.0000,TSGTLEADTIMEERPU_SERVICE,TSGTLeadTimeERPUpdateDispatcher_Service,01.00.0000,UpdateInitLog(i2),IntegrationAction,TSGTCMNUPSERTINS_SERVICE,01.00.0000,TSGTCmnUpsertInstanceTransaction_Service,/UpsertInstanceTransaction,PRESEEDED_COLLOCATED_CONN_1741,UpdateInitLog,
TSGTLEADTIMEERPU_SERVICE_01.00.0000.iar.yaml,TSGTLEADTIMEERPU_SERVICE|01.00.0000,TSGTLEADTIMEERPU_SERVICE,TSGTLeadTimeERPUpdateDispatcher_Service,01.00.0000,GetMetaDatafromBO(i16),Adapter_Invoke,,,,/FWKOUTBOUNDINTGMETADATA,TSGTRESTVBCSBO_CONN,GetMetaDatafromBO,
TSGTLEADTIMEERPU_SERVICE_01.00.0000.iar.yaml,TSGTLEADTIMEERPU_SERVICE|01.00.0000,TSGTLEADTIMEERPU_SERVICE,TSGTLeadTimeERPUpdateDispatcher_Service,01.00.0000,GetInstanceDtls(i8),Adapter_Invoke,,,,/Instances,TSGTRESTVBCSBO_CONN,GetInstanceDtls,
TSGTLEADTIMEERPU_SERVICE_01.00.0000.iar.yaml,TSGTLEADTIMEERPU_SERVICE|01.00.0000,TSGTLEADTIMEERPU_SERVICE,TSGTLeadTimeERPUpdateDispatcher_Service,01.00.0000,GetTransactionDetails(i1),Adapter_Invoke,,,,/Transactions,TSGTRESTVBCSBO_CONN,GetTransactionDetails,
TSGTLEADTIMEERPU_SERVICE_01.00.0000.iar.yaml,TSGTLEADTIMEERPU_SERVICE|01.00.0000,TSGTLEADTIMEERPU_SERVICE,TSGTLeadTimeERPUpdateDispatcher_Service,01.00.0000,GetInstanceCount(i9),Adapter_Invoke,,,,/Logger/{Logger_Id}/action/getInstanceCount,TSGTRESTVBCSBO_CONN,GetInstanceCount,
TSGTLEADTIMEERPU_SERVICE_01.00.0000.iar.yaml,TSGTLEADTIMEERPU_SERVICE|01.00.0000,TSGTLEADTIMEERPU_SERVICE,TSGTLeadTimeERPUpdateDispatcher_Service,01.00.0000,GetFileFromBucket(i14),Adapter_Invoke,,,,/n/{nameSpaceName}/b/{bucketName}/o/{objectName},TSGTOBJECTSTORAG_CONN,GetFileFromBucket,
TSGTLEADTIMEERPU_SERVICE_01.00.0000.iar.yaml,TSGTLEADTIMEERPU_SERVICE|01.00.0000,TSGTLEADTIMEERPU_SERVICE,TSGTLeadTimeERPUpdateDispatcher_Service,01.00.0000,GetItemDetails(i17),Adapter_Invoke,,,,,TSGTERPCLOUD_CONN,GetItemDetails,
TSGTLEADTIMEERPU_SERVICE_01.00.0000.iar.yaml,TSGTLEADTIMEERPU_SERVICE|01.00.0000,TSGTLEADTIMEERPU_SERVICE,TSGTLeadTimeERPUpdateDispatcher_Service,01.00.0000,UpdateItem(i18),Adapter_Invoke,,,,,TSGTERPCLOUD_CONN,UpdateItem,
TSGTLEADTIMEERPU_SERVICE_01.00.0000.iar.yaml,TSGTLEADTIMEERPU_SERVICE|01.00.0000,TSGTLEADTIMEERPU_SERVICE,TSGTLeadTimeERPUpdateDispatcher_Service,01.00.0000,GetLastRunDateBIP(i0),Adapter_Invoke,,,,,TSGTSOAPERPBIP_CONN,GetLastRunDateBIP,
TSGTLEADTIMEERPU_SERVICE_01.00.0000.iar.yaml,TSGTLEADTIMEERPU_SERVICE|01.00.0000,TSGTLEADTIMEERPU_SERVICE,TSGTLeadTimeERPUpdateDispatcher_Service,01.00.0000,UpdateLastrunDateinBO(i5),Adapter_Invoke,,,,/FWKOUTBOUNDINTGMETADATA/{Id},TSGTRESTVBCSBO_CONN,UpdateLastrunDateinBO,
TSGTLEADTIMEERPU_SERVICE_01.00.0000.iar.yaml,TSGTLEADTIMEERPU_SERVICE|01.00.0000,TSGTLEADTIMEERPU_SERVICE,TSGTLeadTimeERPUpdateDispatcher_Service,01.00.0000,GetInstanceDetails(i6),Adapter_Invoke,,,,/Instances,TSGTRESTVBCSBO_CONN,GetInstanceDetails,
TSGTLEADTIMEERPU_SERVICE_01.00.0000.iar.yaml,TSGTLEADTIMEERPU_SERVICE|01.00.0000,TSGTLEADTIMEERPU_SERVICE,TSGTLeadTimeERPUpdateDispatcher_Service,01.00.0000,UpdateInstanceBOStatus(i7),IntegrationAction,TSGTCMNUPSERTINS_SERVICE,01.00.0000,TSGTCmnUpsertInstanceTransaction_Service,/UpsertInstanceTransaction,PRESEEDED_COLLOCATED_CONN_1741,UpdateInstanceBOStatus,
TSGTLEADTIMEERPU_SERVICE_01.00.0000.iar.yaml,TSGTLEADTIMEERPU_SERVICE|01.00.0000,TSGTLEADTIMEERPU_SERVICE,TSGTLeadTimeERPUpdateDispatcher_Service,01.00.0000,GetInstanceDetailsForReprocess(i10),Adapter_Invoke,,,,/Instances,TSGTRESTVBCSBO_CONN,GetInstanceDetailsForReprocess,
TSGTLEADTIMEERPU_SERVICE_01.00.0000.iar.yaml,TSGTLEADTIMEERPU_SERVICE|01.00.0000,TSGTLEADTIMEERPU_SERVICE,TSGTLeadTimeERPUpdateDispatcher_Service,01.00.0000,UpdInstanceBOStat(i12),IntegrationAction,TSGTCMNUPSERTINS_SERVICE,01.00.0000,TSGTCmnUpsertInstanceTransaction_Service,/UpsertInstanceTransaction,PRESEEDED_COLLOCATED_CONN_1741,UpdInstanceBOStat,
TSGTLEADTIMEERPU_SERVICE_01.00.0000.iar.yaml,TSGTLEADTIMEERPU_SERVICE|01.00.0000,TSGTLEADTIMEERPU_SERVICE,TSGTLeadTimeERPUpdateDispatcher_Service,01.00.0000,UpdateTransactionAndInstanceLog(i4),IntegrationAction,TSGTCMNUPSERTINS_SERVICE,01.00.0000,TSGTCmnUpsertInstanceTransaction_Service,/UpsertInstanceTransaction,PRESEEDED_COLLOCATED_CONN_1741,UpdateTransactionAndInstanceLog,
TSGTLEADTIMEERPU_SERVICE_01.00.0000.iar.yaml,TSGTLEADTIMEERPU_SERVICE|01.00.0000,TSGTLEADTIMEERPU_SERVICE,TSGTLeadTimeERPUpdateDispatcher_Service,01.00.0000,InvokeNotificationService(i13),IntegrationAction,TSGTCMNNOTIFICAT_SERVICE,01.00.0000,TSGTCmnNotificationFwk_Service,/Notify,PRESEEDED_COLLOCATED_CONN_1741,InvokeNotificationService,
TSGTLEADTIMEERPU_SERVICE_01.00.0000.iar.yaml,TSGTLEADTIMEERPU_SERVICE|01.00.0000,TSGTLEADTIMEERPU_SERVICE,TSGTLeadTimeERPUpdateDispatcher_Service,01.00.0000,ErrorHandler(i11),IntegrationAction,UIC_CMN_ERRORHAN_SERVICE,01.00.0001,,https://prod-axeufspbztar-px.integration.ocp.oraclecloud.com:443/ic/api/integration/v1/flows/rest/UIC_CMN_ERRORHAN_SERVICE/1.0/ErrorHandler,PRESEEDED_COLLOCATED_CONN_1741,ErrorHandler,
TSGTLEADTI_INTGSERVIC_OB_01.00.0000.iar.yaml,TSGTLEADTI_INTGSERVIC_OB|01.00.0000,TSGTLEADTI_INTGSERVIC_OB,TSGTLeadTimeUpdate_IntgService_OB,01.00.0000,GetMetadataFromBO(i3),Adapter_Invoke,,,,/FWKOUTBOUNDINTGMETADATA,TSGTRESTVBCSBO_CONN,GetMetadataFromBO,
TSGTLEADTI_INTGSERVIC_OB_01.00.0000.iar.yaml,TSGTLEADTI_INTGSERVIC_OB|01.00.0000,TSGTLEADTI_INTGSERVIC_OB,TSGTLeadTimeUpdate_IntgService_OB,01.00.0000,InvokeCommonLauncher(i0),IntegrationAction,TSGTCMNLAUNCHERF_SERVICE,01.00.0000,TSGTCmnLauncherFwk_Service,/invokeLauncher,PRESEEDED_COLLOCATED_CONN_1741,InvokeCommonLauncher,
TSGTLEADTI_INTGSERVIC_OB_01.00.0000.iar.yaml,TSGTLEADTI_INTGSERVIC_OB|01.00.0000,TSGTLEADTI_INTGSERVIC_OB,TSGTLeadTimeUpdate_IntgService_OB,01.00.0000,SendNotification(i1),IntegrationAction,TSGTCMNNOTIFICAT_SERVICE,01.00.0000,TSGTCmnNotificationFwk_Service,/Notify,PRESEEDED_COLLOCATED_CONN_1741,SendNotification,
TSGTLISTPRICEERP_SERVICE_01.00.0000.iar.yaml,TSGTLISTPRICEERP_SERVICE|01.00.0000,TSGTLISTPRICEERP_SERVICE,TSGTListPriceERPUpdateDispatcher_Service,01.00.0000,UpdateInitLog(i2),IntegrationAction,TSGTCMNUPSERTINS_SERVICE,01.00.0000,TSGTCmnUpsertInstanceTransaction_Service,/UpsertInstanceTransaction,PRESEEDED_COLLOCATED_CONN_1741,UpdateInitLog,
TSGTLISTPRICEERP_SERVICE_01.00.0000.iar.yaml,TSGTLISTPRICEERP_SERVICE|01.00.0000,TSGTLISTPRICEERP_SERVICE,TSGTListPriceERPUpdateDispatcher_Service,01.00.0000,GetMetaDatafromBO(i16),Adapter_Invoke,,,,/FWKOUTBOUNDINTGMETADATA,TSGTRESTVBCSBO_CONN,GetMetaDatafromBO,
TSGTLISTPRICEERP_SERVICE_01.00.0000.iar.yaml,TSGTLISTPRICEERP_SERVICE|01.00.0000,TSGTLISTPRICEERP_SERVICE,TSGTListPriceERPUpdateDispatcher_Service,01.00.0000,GetInstanceDtls(i8),Adapter_Invoke,,,,/Instances,TSGTRESTVBCSBO_CONN,GetInstanceDtls,
TSGTLISTPRICEERP_SERVICE_01.00.0000.iar.yaml,TSGTLISTPRICEERP_SERVICE|01.00.0000,TSGTLISTPRICEERP_SERVICE,TSGTListPriceERPUpdateDispatcher_Service,01.00.0000,GetTransactionDetails(i1),Adapter_Invoke,,,,/Transactions,TSGTRESTVBCSBO_CONN,GetTransactionDetails,
TSGTLISTPRICEERP_SERVICE_01.00.0000.iar.yaml,TSGTLISTPRICEERP_SERVICE|01.00.0000,TSGTLISTPRICEERP_SERVICE,TSGTListPriceERPUpdateDispatcher_Service,01.00.0000,GetInstanceCount(i9),Adapter_Invoke,,,,/Logger/{Logger_Id}/action/getInstanceCount,TSGTRESTVBCSBO_CONN,GetInstanceCount,
TSGTLISTPRICEERP_SERVICE_01.00.0000.iar.yaml,TSGTLISTPRICEERP_SERVICE|01.00.0000,TSGTLISTPRICEERP_SERVICE,TSGTListPriceERPUpdateDispatcher_Service,01.00.0000,GetFileFromBucket(i14),Adapter_Invoke,,,,/n/{nameSpaceName}/b/{bucketName}/o/{objectName},TSGTOBJECTSTORAG_CONN,GetFileFromBucket,
TSGTLISTPRICEERP_SERVICE_01.00.0000.iar.yaml,TSGTLISTPRICEERP_SERVICE|01.00.0000,TSGTLISTPRICEERP_SERVICE,TSGTListPriceERPUpdateDispatcher_Service,01.00.0000,GetItemDetails(i17),Adapter_Invoke,,,,,TSGTERPCLOUD_CONN,GetItemDetails,
TSGTLISTPRICEERP_SERVICE_01.00.0000.iar.yaml,TSGTLISTPRICEERP_SERVICE|01.00.0000,TSGTLISTPRICEERP_SERVICE,TSGTListPriceERPUpdateDispatcher_Service,01.00.0000,UpdateItem(i18),Adapter_Invoke,,,,,TSGTERPCLOUD_CONN,UpdateItem,
TSGTLISTPRICEERP_SERVICE_01.00.0000.iar.yaml,TSGTLISTPRICEERP_SERVICE|01.00.0000,TSGTLISTPRICEERP_SERVICE,TSGTListPriceERPUpdateDispatcher_Service,01.00.0000,GetLastRunDateBIP(i0),Adapter_Invoke,,,,,TSGTSOAPERPBIP_CONN,GetLastRunDateBIP,
TSGTLISTPRICEERP_SERVICE_01.00.0000.iar.yaml,TSGTLISTPRICEERP_SERVICE|01.00.0000,TSGTLISTPRICEERP_SERVICE,TSGTListPriceERPUpdateDispatcher_Service,01.00.0000,UpdateLastrunDateinBO(i5),Adapter_Invoke,,,,/FWKOUTBOUNDINTGMETADATA/{Id},TSGTRESTVBCSBO_CONN,UpdateLastrunDateinBO,
TSGTLISTPRICEERP_SERVICE_01.00.0000.iar.yaml,TSGTLISTPRICEERP_SERVICE|01.00.0000,TSGTLISTPRICEERP_SERVICE,TSGTListPriceERPUpdateDispatcher_Service,01.00.0000,GetInstanceDetails(i6),Adapter_Invoke,,,,/Instances,TSGTRESTVBCSBO_CONN,GetInstanceDetails,
TSGTLISTPRICEERP_SERVICE_01.00.0000.iar.yaml,TSGTLISTPRICEERP_SERVICE|01.00.0000,TSGTLISTPRICEERP_SERVICE,TSGTListPriceERPUpdateDispatcher_Service,01.00.0000,UpdateInstanceBOStatus(i7),IntegrationAction,TSGTCMNUPSERTINS_SERVICE,01.00.0000,TSGTCmnUpsertInstanceTransaction_Service,/UpsertInstanceTransaction,PRESEEDED_COLLOCATED_CONN_1741,UpdateInstanceBOStatus,
TSGTLISTPRICEERP_SERVICE_01.00.0000.iar.yaml,TSGTLISTPRICEERP_SERVICE|01.00.0000,TSGTLISTPRICEERP_SERVICE,TSGTListPriceERPUpdateDispatcher_Service,01.00.0000,GetInstanceDetailsForReprocess(i10),Adapter_Invoke,,,,/Instances,TSGTRESTVBCSBO_CONN,GetInstanceDetailsForReprocess,
TSGTLISTPRICEERP_SERVICE_01.00.0000.iar.yaml,TSGTLISTPRICEERP_SERVICE|01.00.0000,TSGTLISTPRICEERP_SERVICE,TSGTListPriceERPUpdateDispatcher_Service,01.00.0000,UpdInstanceBOStat(i12),IntegrationAction,TSGTCMNUPSERTINS_SERVICE,01.00.0000,TSGTCmnUpsertInstanceTransaction_Service,/UpsertInstanceTransaction,PRESEEDED_COLLOCATED_CONN_1741,UpdInstanceBOStat,
TSGTLISTPRICEERP_SERVICE_01.00.0000.iar.yaml,TSGTLISTPRICEERP_SERVICE|01.00.0000,TSGTLISTPRICEERP_SERVICE,TSGTListPriceERPUpdateDispatcher_Service,01.00.0000,UpdateTransactionAndInstanceLog(i4),IntegrationAction,TSGTCMNUPSERTINS_SERVICE,01.00.0000,TSGTCmnUpsertInstanceTransaction_Service,/UpsertInstanceTransaction,PRESEEDED_COLLOCATED_CONN_1741,UpdateTransactionAndInstanceLog,
TSGTLISTPRICEERP_SERVICE_01.00.0000.iar.yaml,TSGTLISTPRICEERP_SERVICE|01.00.0000,TSGTLISTPRICEERP_SERVICE,TSGTListPriceERPUpdateDispatcher_Service,01.00.0000,InvokeNotificationService(i13),IntegrationAction,TSGTCMNNOTIFICAT_SERVICE,01.00.0000,TSGTCmnNotificationFwk_Service,/Notify,PRESEEDED_COLLOCATED_CONN_1741,InvokeNotificationService,
TSGTLISTPRICEERP_SERVICE_01.00.0000.iar.yaml,TSGTLISTPRICEERP_SERVICE|01.00.0000,TSGTLISTPRICEERP_SERVICE,TSGTListPriceERPUpdateDispatcher_Service,01.00.0000,ErrorHandler(i11),IntegrationAction,UIC_CMN_ERRORHAN_SERVICE,01.00.0001,,https://prod-axeufspbztar-px.integration.ocp.oraclecloud.com:443/ic/api/integration/v1/flows/rest/UIC_CMN_ERRORHAN_SERVICE/1.0/ErrorHandler,PRESEEDED_COLLOCATED_CONN_1741,ErrorHandler,
TSGTLISTPR_INTGSERVIC_OB_01.00.0000.iar.yaml,TSGTLISTPR_INTGSERVIC_OB|01.00.0000,TSGTLISTPR_INTGSERVIC_OB,TSGTListPriceUpdate_IntgService_OB,01.00.0000,GetMetadataFromBO(i3),Adapter_Invoke,,,,/FWKOUTBOUNDINTGMETADATA,TSGTRESTVBCSBO_CONN,GetMetadataFromBO,
TSGTLISTPR_INTGSERVIC_OB_01.00.0000.iar.yaml,TSGTLISTPR_INTGSERVIC_OB|01.00.0000,TSGTLISTPR_INTGSERVIC_OB,TSGTListPriceUpdate_IntgService_OB,01.00.0000,InvokeCommonLauncher(i0),IntegrationAction,TSGTCMNLAUNCHERF_SERVICE,01.00.0000,TSGTCmnLauncherFwk_Service,/invokeLauncher,PRESEEDED_COLLOCATED_CONN_1741,InvokeCommonLauncher,
TSGTLISTPR_INTGSERVIC_OB_01.00.0000.iar.yaml,TSGTLISTPR_INTGSERVIC_OB|01.00.0000,TSGTLISTPR_INTGSERVIC_OB,TSGTListPriceUpdate_IntgService_OB,01.00.0000,SendNotification(i1),IntegrationAction,TSGTCMNNOTIFICAT_SERVICE,01.00.0000,TSGTCmnNotificationFwk_Service,/Notify,PRESEEDED_COLLOCATED_CONN_1741,SendNotification,
TSGTMINGENCHECKRUNSTATUS_SERVICE_01.00.0000.iar.yaml,TSGTMINGENCHECKRUNSTATUS_SERVICE|01.00.0000,TSGTMINGENCHECKRUNSTATUS_SERVICE,TSGTMingenCheckRunStatus_Service,01.00.0000,CheckLockFlagStatus(i2),Adapter_Invoke,,,,,TSGTATPCLOUDDB_CONN,CheckLockFlagStatus,
TSGTMINGENCHECKRUNSTATUS_SERVICE_01.00.0000.iar.yaml,TSGTMINGENCHECKRUNSTATUS_SERVICE|01.00.0000,TSGTMINGENCHECKRUNSTATUS_SERVICE,TSGTMingenCheckRunStatus_Service,01.00.0000,CheckReportStatusLockFlagAsN(i0),Adapter_Invoke,,,,,TSGTATPCLOUDDB_CONN,CheckReportStatusLockFlagAsN,
TSGTMINGENERPIBI_SERVICE_01.00.0000.iar.yaml,TSGTMINGENERPIBI_SERVICE|01.00.0000,TSGTMINGENERPIBI_SERVICE,TSGTMingenErpIbInit_Service,01.00.0000,GetMetadataFromBO(i6),Adapter_Invoke,,,,/FWKINBOUNDINTGMETADATA,TSGTRESTVBCSBO_CONN,GetMetadataFromBO,
TSGTMINGENERPIBI_SERVICE_01.00.0000.iar.yaml,TSGTMINGENERPIBI_SERVICE|01.00.0000,TSGTMINGENERPIBI_SERVICE,TSGTMingenErpIbInit_Service,01.00.0000,CheckLockFlagStatus(i0),Adapter_Invoke,,,,,TSGTATPCLOUDDB_CONN,CheckLockFlagStatus,
TSGTMINGENERPIBI_SERVICE_01.00.0000.iar.yaml,TSGTMINGENERPIBI_SERVICE|01.00.0000,TSGTMINGENERPIBI_SERVICE,TSGTMingenErpIbInit_Service,01.00.0000,CheckIfFileExist(i2),Adapter_Invoke,,,,,TSGTFTP_CONN,CheckIfFileExist,
TSGTMINGENERPIBI_SERVICE_01.00.0000.iar.yaml,TSGTMINGENERPIBI_SERVICE|01.00.0000,TSGTMINGENERPIBI_SERVICE,TSGTMingenErpIbInit_Service,01.00.0000,UpsertLock(i1),Adapter_Invoke,,,,,TSGTATPCLOUDDB_CONN,UpsertLock,
TSGTMINGENERPIBI_SERVICE_01.00.0000.iar.yaml,TSGTMINGENERPIBI_SERVICE|01.00.0000,TSGTMINGENERPIBI_SERVICE,TSGTMingenErpIbInit_Service,01.00.0000,InvokeCmnIntegrationLauncher(i4),IntegrationAction,TSGTCMNLAUNCHERF_SERVICE,01.00.0000,TSGTCmnLauncherFwk_Service,/invokeLauncher,PRESEEDED_COLLOCATED_CONN_1741,InvokeCmnIntegrationLauncher,
TSGTMINGENERPIBI_SERVICE_01.00.0000.iar.yaml,TSGTMINGENERPIBI_SERVICE|01.00.0000,TSGTMINGENERPIBI_SERVICE,TSGTMingenErpIbInit_Service,01.00.0000,InsertRecintoTransactionId(i8),Adapter_Invoke,,,,/Logger/{Logger_Id}/action/insertLog,TSGTRESTVBCSBO_CONN,InsertRecintoTransactionId,
TSGTMINGENERPIBI_SERVICE_01.00.0000.iar.yaml,TSGTMINGENERPIBI_SERVICE|01.00.0000,TSGTMINGENERPIBI_SERVICE,TSGTMingenErpIbInit_Service,01.00.0000,InvokeGeneartereport(i9),IntegrationAction,TSGTMINGENERPIBR_SERVICE,01.00.0000,TSGTMingenErpIbReport_Service,/GenerateMingenReport,PRESEEDED_COLLOCATED_CONN_1741,InvokeGeneartereport,
TSGTMINGENERPIBI_SERVICE_01.00.0000.iar.yaml,TSGTMINGENERPIBI_SERVICE|01.00.0000,TSGTMINGENERPIBI_SERVICE,TSGTMingenErpIbInit_Service,01.00.0000,UpdateTransactionId(i7),Adapter_Invoke,,,,,TSGTATPCLOUDDB_CONN,UpdateTransactionId,
TSGTMINGENERPIBI_SERVICE_01.00.0000.iar.yaml,TSGTMINGENERPIBI_SERVICE|01.00.0000,TSGTMINGENERPIBI_SERVICE,TSGTMingenErpIbInit_Service,01.00.0000,GetLoadOrReportStatus(i10),Adapter_Invoke,,,,,TSGTATPCLOUDDB_CONN,GetLoadOrReportStatus,
TSGTMINGENERPIBI_SERVICE_01.00.0000.iar.yaml,TSGTMINGENERPIBI_SERVICE|01.00.0000,TSGTMINGENERPIBI_SERVICE,TSGTMingenErpIbInit_Service,01.00.0000,UpdateSummaryStatus(i11),IntegrationAction,TSGTCMNAPPCOMPOS_SERVICE,01.00.0000,TSGTCmnAppComposerObjUpdate_Service,/RestAPIUpdate/,PRESEEDED_COLLOCATED_CONN_1741,UpdateSummaryStatus,
TSGTMINGENERPIBI_SERVICE_01.00.0000.iar.yaml,TSGTMINGENERPIBI_SERVICE|01.00.0000,TSGTMINGENERPIBI_SERVICE,TSGTMingenErpIbInit_Service,01.00.0000,SendNotification(i3),IntegrationAction,TSGTCMNNOTIFICAT_SERVICE,01.00.0000,TSGTCmnNotificationFwk_Service,/Notify,PRESEEDED_COLLOCATED_CONN_1741,SendNotification,
TSGTMINGENERPIBI_SERVICE_01.00.0000.iar.yaml,TSGTMINGENERPIBI_SERVICE|01.00.0000,TSGTMINGENERPIBI_SERVICE,TSGTMingenErpIbInit_Service,01.00.0000,ReleaseLock(i5),Adapter_Invoke,,,,,TSGTATPCLOUDDB_CONN,ReleaseLock,
TSGTMINGENERPIBR_SERVICE_01.00.0000.iar.yaml,TSGTMINGENERPIBR_SERVICE|01.00.0000,TSGTMINGENERPIBR_SERVICE,TSGTMingenErpIbReport_Service,01.00.0000,GetMetadataFromBO(i4),Adapter_Invoke,,,,/FWKINBOUNDINTGMETADATA,TSGTRESTVBCSBO_CONN,GetMetadataFromBO,
TSGTMINGENERPIBR_SERVICE_01.00.0000.iar.yaml,TSGTMINGENERPIBR_SERVICE|01.00.0000,TSGTMINGENERPIBR_SERVICE,TSGTMingenErpIbReport_Service,01.00.0000,GetXrefIndentifiers(i15),Adapter_Invoke,,,,/FWKINBOUNDINTGMETADATA,TSGTRESTVBCSBO_CONN,GetXrefIndentifiers,
TSGTMINGENERPIBR_SERVICE_01.00.0000.iar.yaml,TSGTMINGENERPIBR_SERVICE|01.00.0000,TSGTMINGENERPIBR_SERVICE,TSGTMingenErpIbReport_Service,01.00.0000,InvokeSyncXref(i6),IntegrationAction,TSGTCMNLAUNCHERF_SERVICE,01.00.0000,TSGTCmnLauncherFwk_Service,/invokeLauncher,PRESEEDED_COLLOCATED_CONN_1741,InvokeSyncXref,
TSGTMINGENERPIBR_SERVICE_01.00.0000.iar.yaml,TSGTMINGENERPIBR_SERVICE|01.00.0000,TSGTMINGENERPIBR_SERVICE,TSGTMingenErpIbReport_Service,01.00.0000,GetXrefTransStatus(i21),Adapter_Invoke,,,,/Transactions,TSGTRESTVBCSBO_CONN,GetXrefTransStatus,
TSGTMINGENERPIBR_SERVICE_01.00.0000.iar.yaml,TSGTMINGENERPIBR_SERVICE|01.00.0000,TSGTMINGENERPIBR_SERVICE,TSGTMingenErpIbReport_Service,01.00.0000,CheckIfDataExist(i17),Adapter_Invoke,,,,,TSGTATPCLOUDDB_CONN,CheckIfDataExist,
TSGTMINGENERPIBR_SERVICE_01.00.0000.iar.yaml,TSGTMINGENERPIBR_SERVICE|01.00.0000,TSGTMINGENERPIBR_SERVICE,TSGTMingenErpIbReport_Service,01.00.0000,ProcessMingenReport(i0),Adapter_Invoke,,,,,TSGTATPCLOUDDB_CONN,ProcessMingenReport,
TSGTMINGENERPIBR_SERVICE_01.00.0000.iar.yaml,TSGTMINGENERPIBR_SERVICE|01.00.0000,TSGTMINGENERPIBR_SERVICE,TSGTMingenErpIbReport_Service,01.00.0000,PreMinGenReportProcessing(i1),Adapter_Invoke,,,,,TSGTATPCLOUDDB_CONN,PreMinGenReportProcessing,
TSGTMINGENERPIBR_SERVICE_01.00.0000.iar.yaml,TSGTMINGENERPIBR_SERVICE|01.00.0000,TSGTMINGENERPIBR_SERVICE,TSGTMingenErpIbReport_Service,01.00.0000,CreateMingenReport(i2),Adapter_Invoke,,,,,TSGTSOAPERPBIP_CONN,CreateMingenReport,
TSGTMINGENERPIBR_SERVICE_01.00.0000.iar.yaml,TSGTMINGENERPIBR_SERVICE|01.00.0000,TSGTMINGENERPIBR_SERVICE,TSGTMingenErpIbReport_Service,01.00.0000,CreatePreMingenReport(i5),Adapter_Invoke,,,,,TSGTSOAPERPBIP_CONN,CreatePreMingenReport,
TSGTMINGENERPIBR_SERVICE_01.00.0000.iar.yaml,TSGTMINGENERPIBR_SERVICE|01.00.0000,TSGTMINGENERPIBR_SERVICE,TSGTMingenErpIbReport_Service,01.00.0000,UpdateInsatnceDetails(i11),IntegrationAction,TSGTCMNUPSERTINS_SERVICE,01.00.0000,TSGTCmnUpsertInstanceTransaction_Service,/UpsertInstanceTransaction,PRESEEDED_COLLOCATED_CONN_1741,UpdateInsatnceDetails,
TSGTMINGENERPIBR_SERVICE_01.00.0000.iar.yaml,TSGTMINGENERPIBR_SERVICE|01.00.0000,TSGTMINGENERPIBR_SERVICE,TSGTMingenErpIbReport_Service,01.00.0000,UpdateResultFileReport(i20),IntegrationAction,TSGTCMNFILEREFER_SERVICE,01.00.0000,TSGTCmnFileReferencetoObjectStorage_Service,/getFileFromObjectStorage,PRESEEDED_COLLOCATED_CONN_1741,UpdateResultFileReport,
TSGTMINGENERPIBR_SERVICE_01.00.0000.iar.yaml,TSGTMINGENERPIBR_SERVICE|01.00.0000,TSGTMINGENERPIBR_SERVICE,TSGTMingenErpIbReport_Service,01.00.0000,SendEmail(i3),IntegrationAction,TSGTCMNNOTIFICAT_SERVICE,01.00.0000,TSGTCmnNotificationFwk_Service,/Notify,PRESEEDED_COLLOCATED_CONN_1741,SendEmail,
TSGTMINGENERPIBR_SERVICE_01.00.0000.iar.yaml,TSGTMINGENERPIBR_SERVICE|01.00.0000,TSGTMINGENERPIBR_SERVICE,TSGTMingenErpIbReport_Service,01.00.0000,PlaceActualMingenReportinSFTP(i8),Adapter_Invoke,,,,,TSGTFTP_CONN,PlaceActualMingenReportinSFTP,
TSGTMINGENERPIBR_SERVICE_01.00.0000.iar.yaml,TSGTMINGENERPIBR_SERVICE|01.00.0000,TSGTMINGENERPIBR_SERVICE,TSGTMingenErpIbReport_Service,01.00.0000,PlacePreMingenReportinSFTP(i9),Adapter_Invoke,,,,,TSGTFTP_CONN,PlacePreMingenReportinSFTP,
TSGTMINGENERPIBR_SERVICE_01.00.0000.iar.yaml,TSGTMINGENERPIBR_SERVICE|01.00.0000,TSGTMINGENERPIBR_SERVICE,TSGTMingenErpIbReport_Service,01.00.0000,PutActualMingenReport(i13),Adapter_Invoke,,,,/n/{namespaceName}/b/{bucketName}/o/{ObjectName},TSGTOBJECTSTORAG_CONN,PutActualMingenReport,
TSGTMINGENERPIBR_SERVICE_01.00.0000.iar.yaml,TSGTMINGENERPIBR_SERVICE|01.00.0000,TSGTMINGENERPIBR_SERVICE,TSGTMingenErpIbReport_Service,01.00.0000,PutPreMingenReport(i14),Adapter_Invoke,,,,/n/{namespaceName}/b/{bucketName}/o/{ObjectName},TSGTOBJECTSTORAG_CONN,PutPreMingenReport,
TSGTMINGENERPIBR_SERVICE_01.00.0000.iar.yaml,TSGTMINGENERPIBR_SERVICE|01.00.0000,TSGTMINGENERPIBR_SERVICE,TSGTMingenErpIbReport_Service,01.00.0000,ReleaseLock(i10),Adapter_Invoke,,,,,TSGTATPCLOUDDB_CONN,ReleaseLock,
TSGTMINGENERPIBR_SERVICE_01.00.0000.iar.yaml,TSGTMINGENERPIBR_SERVICE|01.00.0000,TSGTMINGENERPIBR_SERVICE,TSGTMingenErpIbReport_Service,01.00.0000,UpdateCustomSummary(i19),IntegrationAction,TSGTCMNAPPCOMPOS_SERVICE,01.00.0000,TSGTCmnAppComposerObjUpdate_Service,/RestAPIUpdate/,PRESEEDED_COLLOCATED_CONN_1741,UpdateCustomSummary,
TSGTMINGENERPIBR_SERVICE_01.00.0000.iar.yaml,TSGTMINGENERPIBR_SERVICE|01.00.0000,TSGTMINGENERPIBR_SERVICE,TSGTMingenErpIbReport_Service,01.00.0000,UpdateTransactionAndInstanceLog(i18),IntegrationAction,TSGTCMNUPSERTINS_SERVICE,01.00.0000,TSGTCmnUpsertInstanceTransaction_Service,/UpsertInstanceTransaction,PRESEEDED_COLLOCATED_CONN_1741,UpdateTransactionAndInstanceLog,
TSGTMINGENERPIBR_SERVICE_01.00.0000.iar.yaml,TSGTMINGENERPIBR_SERVICE|01.00.0000,TSGTMINGENERPIBR_SERVICE,TSGTMingenErpIbReport_Service,01.00.0000,SendErrorNotification(i12),IntegrationAction,TSGTCMNNOTIFICAT_SERVICE,01.00.0000,TSGTCmnNotificationFwk_Service,/Notify,PRESEEDED_COLLOCATED_CONN_1741,SendErrorNotification,
TSGTMINGENERPIBR_SERVICE_01.00.0000.iar.yaml,TSGTMINGENERPIBR_SERVICE|01.00.0000,TSGTMINGENERPIBR_SERVICE,TSGTMingenErpIbReport_Service,01.00.0000,ReleaseLockWhileError(i16),Adapter_Invoke,,,,,TSGTATPCLOUDDB_CONN,ReleaseLockWhileError,
TSGTMINGENERPLOCKCONTROL_SERVICE_01.00.0000.iar.yaml,TSGTMINGENERPLOCKCONTROL_SERVICE|01.00.0000,TSGTMINGENERPLOCKCONTROL_SERVICE,TSGTMingenErpLockControl_Service,01.00.0000,LockFlagCheck(i0),Adapter_Invoke,,,,,TSGTATPCLOUDDB_CONN,LockFlagCheck,
TSGTMINGENERPLOCKCONTROL_SERVICE_01.00.0000.iar.yaml,TSGTMINGENERPLOCKCONTROL_SERVICE|01.00.0000,TSGTMINGENERPLOCKCONTROL_SERVICE,TSGTMingenErpLockControl_Service,01.00.0000,UpdateLockFlag(i1),Adapter_Invoke,,,,,TSGTATPCLOUDDB_CONN,UpdateLockFlag,
TSGTMINGENERPLOCKCONTROL_SERVICE_01.00.0000.iar.yaml,TSGTMINGENERPLOCKCONTROL_SERVICE|01.00.0000,TSGTMINGENERPLOCKCONTROL_SERVICE,TSGTMingenErpLockControl_Service,01.00.0000,UpdateMingenLockTable(i2),Adapter_Invoke,,,,,TSGTATPCLOUDDB_CONN,UpdateMingenLockTable,
TSGTMINGENERPMEDIAIB_SERVICE_01.00.0000.iar.yaml,TSGTMINGENERPMEDIAIB_SERVICE|01.00.0000,TSGTMINGENERPMEDIAIB_SERVICE,TSGTMingenErpMediatorIb_Service,01.00.0000,UpdateInitTransactionAndInstanceLog(i2),IntegrationAction,TSGTCMNUPSERTINS_SERVICE,01.00.0000,TSGTCmnUpsertInstanceTransaction_Service,/UpsertInstanceTransaction,PRESEEDED_COLLOCATED_CONN_1741,UpdateInitTransactionAndInstanceLog,
TSGTMINGENERPMEDIAIB_SERVICE_01.00.0000.iar.yaml,TSGTMINGENERPMEDIAIB_SERVICE|01.00.0000,TSGTMINGENERPMEDIAIB_SERVICE,TSGTMingenErpMediatorIb_Service,01.00.0000,GetTransactionDetails(i5),Adapter_Invoke,,,,/TransactionTypes,TSGTRESTVBCSBO_CONN,GetTransactionDetails,
TSGTMINGENERPMEDIAIB_SERVICE_01.00.0000.iar.yaml,TSGTMINGENERPMEDIAIB_SERVICE|01.00.0000,TSGTMINGENERPMEDIAIB_SERVICE,TSGTMingenErpMediatorIb_Service,01.00.0000,GetInstanceDtls(i3),Adapter_Invoke,,,,/Instances,TSGTRESTVBCSBO_CONN,GetInstanceDtls,
TSGTMINGENERPMEDIAIB_SERVICE_01.00.0000.iar.yaml,TSGTMINGENERPMEDIAIB_SERVICE|01.00.0000,TSGTMINGENERPMEDIAIB_SERVICE,TSGTMingenErpMediatorIb_Service,01.00.0000,GetInboundMetadataFromBO(i6),Adapter_Invoke,,,,/FWKINBOUNDINTGMETADATA,TSGTRESTVBCSBO_CONN,GetInboundMetadataFromBO,
TSGTMINGENERPMEDIAIB_SERVICE_01.00.0000.iar.yaml,TSGTMINGENERPMEDIAIB_SERVICE|01.00.0000,TSGTMINGENERPMEDIAIB_SERVICE,TSGTMingenErpMediatorIb_Service,01.00.0000,GetBatchMode(i16),Adapter_Invoke,,,,,TSGTATPCLOUDDB_CONN,GetBatchMode,
TSGTMINGENERPMEDIAIB_SERVICE_01.00.0000.iar.yaml,TSGTMINGENERPMEDIAIB_SERVICE|01.00.0000,TSGTMINGENERPMEDIAIB_SERVICE,TSGTMingenErpMediatorIb_Service,01.00.0000,GetXrefData(i12),Adapter_Invoke,,,,/FWKINBOUNDINTGMETADATA,TSGTRESTVBCSBO_CONN,GetXrefData,
TSGTMINGENERPMEDIAIB_SERVICE_01.00.0000.iar.yaml,TSGTMINGENERPMEDIAIB_SERVICE|01.00.0000,TSGTMINGENERPMEDIAIB_SERVICE,TSGTMingenErpMediatorIb_Service,01.00.0000,InvokeSyncXref(i13),IntegrationAction,TSGTCMNLAUNCHERF_SERVICE,01.00.0000,TSGTCmnLauncherFwk_Service,/invokeLauncher,PRESEEDED_COLLOCATED_CONN_1741,InvokeSyncXref,
TSGTMINGENERPMEDIAIB_SERVICE_01.00.0000.iar.yaml,TSGTMINGENERPMEDIAIB_SERVICE|01.00.0000,TSGTMINGENERPMEDIAIB_SERVICE,TSGTMingenErpMediatorIb_Service,01.00.0000,GetXrefStatus(i14),Adapter_Invoke,,,,/Instances,TSGTRESTVBCSBO_CONN,GetXrefStatus,
TSGTMINGENERPMEDIAIB_SERVICE_01.00.0000.iar.yaml,TSGTMINGENERPMEDIAIB_SERVICE|01.00.0000,TSGTMINGENERPMEDIAIB_SERVICE,TSGTMingenErpMediatorIb_Service,01.00.0000,GetXrefTransStatus(i19),Adapter_Invoke,,,,/Transactions,TSGTRESTVBCSBO_CONN,GetXrefTransStatus,
TSGTMINGENERPMEDIAIB_SERVICE_01.00.0000.iar.yaml,TSGTMINGENERPMEDIAIB_SERVICE|01.00.0000,TSGTMINGENERPMEDIAIB_SERVICE,TSGTMingenErpMediatorIb_Service,01.00.0000,InvokeInsertStaggingService(i8),IntegrationAction,TSGTCMNERPMEDIATDATAINSER_SERVIC,01.00.0000,TSGTCmnErpMediatorDataInsertIbFwk_Service,/insertStage,PRESEEDED_COLLOCATED_CONN_1741,InvokeInsertStaggingService,
TSGTMINGENERPMEDIAIB_SERVICE_01.00.0000.iar.yaml,TSGTMINGENERPMEDIAIB_SERVICE|01.00.0000,TSGTMINGENERPMEDIAIB_SERVICE,TSGTMingenErpMediatorIb_Service,01.00.0000,GetInstanceStatus(i9),Adapter_Invoke,,,,/Instances,TSGTRESTVBCSBO_CONN,GetInstanceStatus,
TSGTMINGENERPMEDIAIB_SERVICE_01.00.0000.iar.yaml,TSGTMINGENERPMEDIAIB_SERVICE|01.00.0000,TSGTMINGENERPMEDIAIB_SERVICE,TSGTMingenErpMediatorIb_Service,01.00.0000,TransformStageToFBDIPrc(i0),Adapter_Invoke,,,,,TSGTATPCLOUDDB_CONN,TransformStageToFBDIPrc,
TSGTMINGENERPMEDIAIB_SERVICE_01.00.0000.iar.yaml,TSGTMINGENERPMEDIAIB_SERVICE|01.00.0000,TSGTMINGENERPMEDIAIB_SERVICE,TSGTMingenErpMediatorIb_Service,01.00.0000,UpdateTransactionAndInstanceLog(i1),IntegrationAction,TSGTCMNUPSERTINS_SERVICE,01.00.0000,TSGTCmnUpsertInstanceTransaction_Service,/UpsertInstanceTransaction,PRESEEDED_COLLOCATED_CONN_1741,UpdateTransactionAndInstanceLog,
TSGTMINGENERPMEDIAIB_SERVICE_01.00.0000.iar.yaml,TSGTMINGENERPMEDIAIB_SERVICE|01.00.0000,TSGTMINGENERPMEDIAIB_SERVICE,TSGTMingenErpMediatorIb_Service,01.00.0000,GetErrorRecords(i11),Adapter_Invoke,,,,,TSGTATPCLOUDDB_CONN,GetErrorRecords,
TSGTMINGENERPMEDIAIB_SERVICE_01.00.0000.iar.yaml,TSGTMINGENERPMEDIAIB_SERVICE|01.00.0000,TSGTMINGENERPMEDIAIB_SERVICE,TSGTMingenErpMediatorIb_Service,01.00.0000,InvokeOrchestratorService(i4),IntegrationAction,TSGTMINGENERPORCHIB_SERVICE,01.00.0000,TSGTMingenErpOrchestratorIb_Service,/InputRestOrchCall/,PRESEEDED_COLLOCATED_CONN_1741,InvokeOrchestratorService,
TSGTMINGENERPMEDIAIB_SERVICE_01.00.0000.iar.yaml,TSGTMINGENERPMEDIAIB_SERVICE|01.00.0000,TSGTMINGENERPMEDIAIB_SERVICE,TSGTMingenErpMediatorIb_Service,01.00.0000,MoveFileToErrorBucket(i10),IntegrationAction,TSGTCMNSRCOBJSTOTGTOBJSMO_SERVIC,01.00.0000,TSGTCmnSrcObjStorageToTgtObjStorageMove_Service,/getFileFromObjectStorage,PRESEEDED_COLLOCATED_CONN_1741,MoveFileToErrorBucket,
TSGTMINGENERPMEDIAIB_SERVICE_01.00.0000.iar.yaml,TSGTMINGENERPMEDIAIB_SERVICE|01.00.0000,TSGTMINGENERPMEDIAIB_SERVICE,TSGTMingenErpMediatorIb_Service,01.00.0000,ReleaseLockFromATP(i15),Adapter_Invoke,,,,,TSGTATPCLOUDDB_CONN,ReleaseLockFromATP,
TSGTMINGENERPMEDIAIB_SERVICE_01.00.0000.iar.yaml,TSGTMINGENERPMEDIAIB_SERVICE|01.00.0000,TSGTMINGENERPMEDIAIB_SERVICE,TSGTMingenErpMediatorIb_Service,01.00.0000,GetRecordName(i18),Adapter_Invoke,,,,,TSGTATPCLOUDDB_CONN,GetRecordName,
TSGTMINGENERPMEDIAIB_SERVICE_01.00.0000.iar.yaml,TSGTMINGENERPMEDIAIB_SERVICE|01.00.0000,TSGTMINGENERPMEDIAIB_SERVICE,TSGTMingenErpMediatorIb_Service,01.00.0000,UpdateObjectSummaryStatus(i17),IntegrationAction,TSGTCMNAPPCOMPOS_SERVICE,01.00.0000,TSGTCmnAppComposerObjUpdate_Service,/RestAPIUpdate/,PRESEEDED_COLLOCATED_CONN_1741,UpdateObjectSummaryStatus,
TSGTMINGENERPMEDIAIB_SERVICE_01.00.0000.iar.yaml,TSGTMINGENERPMEDIAIB_SERVICE|01.00.0000,TSGTMINGENERPMEDIAIB_SERVICE,TSGTMingenErpMediatorIb_Service,01.00.0000,SendEmailNotification(i7),IntegrationAction,TSGTCMNNOTIFICAT_SERVICE,01.00.0000,TSGTCmnNotificationFwk_Service,/Notify,PRESEEDED_COLLOCATED_CONN_1741,SendEmailNotification,
TSGTMINGENERPORCHIB_SERVICE_01.00.0000.iar.yaml,TSGTMINGENERPORCHIB_SERVICE|01.00.0000,TSGTMINGENERPORCHIB_SERVICE,TSGTMingenErpOrchestratorIb_Service,01.00.0000,InvokeLoggerService-Initiation(i7),IntegrationAction,TSGTCMNUPSERTINS_SERVICE,01.00.0000,TSGTCmnUpsertInstanceTransaction_Service,/UpsertInstanceTransaction,PRESEEDED_COLLOCATED_CONN_1741,InvokeLoggerService-Initiation,
TSGTMINGENERPORCHIB_SERVICE_01.00.0000.iar.yaml,TSGTMINGENERPORCHIB_SERVICE|01.00.0000,TSGTMINGENERPORCHIB_SERVICE,TSGTMingenErpOrchestratorIb_Service,01.00.0000,GetInstanceDtls(i13),Adapter_Invoke,,,,/Instances,TSGTRESTVBCSBO_CONN,GetInstanceDtls,
TSGTMINGENERPORCHIB_SERVICE_01.00.0000.iar.yaml,TSGTMINGENERPORCHIB_SERVICE|01.00.0000,TSGTMINGENERPORCHIB_SERVICE,TSGTMingenErpOrchestratorIb_Service,01.00.0000,GetMetadataInfo(i1),Adapter_Invoke,,,,/FWKINBOUNDINTGMETADATA,TSGTRESTVBCSBO_CONN,GetMetadataInfo,
TSGTMINGENERPORCHIB_SERVICE_01.00.0000.iar.yaml,TSGTMINGENERPORCHIB_SERVICE|01.00.0000,TSGTMINGENERPORCHIB_SERVICE,TSGTMingenErpOrchestratorIb_Service,01.00.0000,GetBatchMode(i5),Adapter_Invoke,,,,,TSGTATPCLOUDDB_CONN,GetBatchMode,
TSGTMINGENERPORCHIB_SERVICE_01.00.0000.iar.yaml,TSGTMINGENERPORCHIB_SERVICE|01.00.0000,TSGTMINGENERPORCHIB_SERVICE,TSGTMingenErpOrchestratorIb_Service,01.00.0000,GetPeriodFromInfoGen(i4),Adapter_Invoke,,,,,TSGTATPCLOUDDB_CONN,GetPeriodFromInfoGen,
TSGTMINGENERPORCHIB_SERVICE_01.00.0000.iar.yaml,TSGTMINGENERPORCHIB_SERVICE|01.00.0000,TSGTMINGENERPORCHIB_SERVICE,TSGTMingenErpOrchestratorIb_Service,01.00.0000,InvokeMingenReportServ(i0),IntegrationAction,TSGTMINGENERPIBR_SERVICE,01.00.0000,TSGTMingenErpIbReport_Service,/GenerateMingenReport,PRESEEDED_COLLOCATED_CONN_1741,InvokeMingenReportServ,
TSGTMINGENERPORCHIB_SERVICE_01.00.0000.iar.yaml,TSGTMINGENERPORCHIB_SERVICE|01.00.0000,TSGTMINGENERPORCHIB_SERVICE,TSGTMingenErpOrchestratorIb_Service,01.00.0000,GetCompletionStatus(i2),Adapter_Invoke,,,,/Instances,TSGTRESTVBCSBO_CONN,GetCompletionStatus,
TSGTMINGENERPORCHIB_SERVICE_01.00.0000.iar.yaml,TSGTMINGENERPORCHIB_SERVICE|01.00.0000,TSGTMINGENERPORCHIB_SERVICE,TSGTMingenErpOrchestratorIb_Service,01.00.0000,UpddateTransactionAndInstanceStatus(i10),IntegrationAction,TSGTCMNUPSERTINS_SERVICE,01.00.0000,TSGTCmnUpsertInstanceTransaction_Service,/UpsertInstanceTransaction,PRESEEDED_COLLOCATED_CONN_1741,UpddateTransactionAndInstanceStatus,
TSGTMINGENERPORCHIB_SERVICE_01.00.0000.iar.yaml,TSGTMINGENERPORCHIB_SERVICE|01.00.0000,TSGTMINGENERPORCHIB_SERVICE,TSGTMingenErpOrchestratorIb_Service,01.00.0000,MoveFileToErrorBucket(i17),IntegrationAction,TSGTCMNSRCOBJSTOTGTOBJSMO_SERVIC,01.00.0000,TSGTCmnSrcObjStorageToTgtObjStorageMove_Service,/getFileFromObjectStorage,PRESEEDED_COLLOCATED_CONN_1741,MoveFileToErrorBucket,
TSGTMINGENERPORCHIB_SERVICE_01.00.0000.iar.yaml,TSGTMINGENERPORCHIB_SERVICE|01.00.0000,TSGTMINGENERPORCHIB_SERVICE,TSGTMingenErpOrchestratorIb_Service,01.00.0000,MoveFileToArchiveBucket(i18),IntegrationAction,TSGTCMNSRCOBJSTOTGTOBJSMO_SERVIC,01.00.0000,TSGTCmnSrcObjStorageToTgtObjStorageMove_Service,/getFileFromObjectStorage,PRESEEDED_COLLOCATED_CONN_1741,MoveFileToArchiveBucket,
TSGTMINGENERPORCHIB_SERVICE_01.00.0000.iar.yaml,TSGTMINGENERPORCHIB_SERVICE|01.00.0000,TSGTMINGENERPORCHIB_SERVICE,TSGTMingenErpOrchestratorIb_Service,01.00.0000,SetReportStat(i3),Adapter_Invoke,,,,,TSGTATPCLOUDDB_CONN,SetReportStat,
TSGTMINGENERPORCHIB_SERVICE_01.00.0000.iar.yaml,TSGTMINGENERPORCHIB_SERVICE|01.00.0000,TSGTMINGENERPORCHIB_SERVICE,TSGTMingenErpOrchestratorIb_Service,01.00.0000,SetReportStatusLoadSync(i6),Adapter_Invoke,,,,,TSGTATPCLOUDDB_CONN,SetReportStatusLoadSync,
TSGTMINGENERPORCHIB_SERVICE_01.00.0000.iar.yaml,TSGTMINGENERPORCHIB_SERVICE|01.00.0000,TSGTMINGENERPORCHIB_SERVICE,TSGTMingenErpOrchestratorIb_Service,01.00.0000,SendNotification(i15),IntegrationAction,TSGTCMNNOTIFICAT_SERVICE,01.00.0000,TSGTCmnNotificationFwk_Service,/Notify,PRESEEDED_COLLOCATED_CONN_1741,SendNotification,
TSGTMINGENERPORCHIB_SERVICE_01.00.0000.iar.yaml,TSGTMINGENERPORCHIB_SERVICE|01.00.0000,TSGTMINGENERPORCHIB_SERVICE,TSGTMingenErpOrchestratorIb_Service,01.00.0000,SendFailedEmailNotification(i11),IntegrationAction,TSGTCMNNOTIFICAT_SERVICE,01.00.0000,TSGTCmnNotificationFwk_Service,/Notify,PRESEEDED_COLLOCATED_CONN_1741,SendFailedEmailNotification,
TSGTMINGENERPORCHIB_SERVICE_01.00.0000.iar.yaml,TSGTMINGENERPORCHIB_SERVICE|01.00.0000,TSGTMINGENERPORCHIB_SERVICE,TSGTMingenErpOrchestratorIb_Service,01.00.0000,InvokeErrorHandlerService(i14),IntegrationAction,HC_CMN_NOTIFICA_SERVICE,01.00.0000,,/Notify,PRESEEDED_COLLOCATED_CONN_1741,InvokeErrorHandlerService,
TSGTMINGENERPRPT_INTGSERVIC_IB_01.00.0000.iar.yaml,TSGTMINGENERPRPT_INTGSERVIC_IB|01.00.0000,TSGTMINGENERPRPT_INTGSERVIC_IB,TSGTMingenErpReport_IntgService_IB,01.00.0000,GetMetadataFromBO(i3),Adapter_Invoke,,,,/FWKOUTBOUNDINTGMETADATA,TSGTRESTVBCSBO_CONN,GetMetadataFromBO,
TSGTMINGENERPRPT_INTGSERVIC_IB_01.00.0000.iar.yaml,TSGTMINGENERPRPT_INTGSERVIC_IB|01.00.0000,TSGTMINGENERPRPT_INTGSERVIC_IB,TSGTMingenErpReport_IntgService_IB,01.00.0000,InvokeMingenInitService(i0),IntegrationAction,TSGTMINGENERPIBI_SERVICE,01.00.0000,TSGTMingenErpIbInit_Service,/InitService,PRESEEDED_COLLOCATED_CONN_1741,InvokeMingenInitService,
TSGTMINGENERPRPT_INTGSERVIC_IB_01.00.0000.iar.yaml,TSGTMINGENERPRPT_INTGSERVIC_IB|01.00.0000,TSGTMINGENERPRPT_INTGSERVIC_IB,TSGTMingenErpReport_IntgService_IB,01.00.0000,SendNotification(i1),IntegrationAction,TSGTCMNNOTIFICAT_SERVICE,01.00.0000,TSGTCmnNotificationFwk_Service,/Notify,PRESEEDED_COLLOCATED_CONN_1741,SendNotification,
TSGTMISCCOSTERPO_SERVICE_01.00.0000.iar.yaml,TSGTMISCCOSTERPO_SERVICE|01.00.0000,TSGTMISCCOSTERPO_SERVICE,TSGTMiscCostErpOrchestratorIbFwk_Service,01.00.0000,InvokeLoggerService-Initiation(i7),IntegrationAction,TSGTCMNUPSERTINS_SERVICE,01.00.0000,TSGTCmnUpsertInstanceTransaction_Service,/UpsertInstanceTransaction,PRESEEDED_COLLOCATED_CONN_1741,InvokeLoggerService-Initiation,
TSGTMISCCOSTERPO_SERVICE_01.00.0000.iar.yaml,TSGTMISCCOSTERPO_SERVICE|01.00.0000,TSGTMISCCOSTERPO_SERVICE,TSGTMiscCostErpOrchestratorIbFwk_Service,01.00.0000,GetInstanceDtls(i13),Adapter_Invoke,,,,/Instances,TSGTRESTVBCSBO_CONN,GetInstanceDtls,
TSGTMISCCOSTERPO_SERVICE_01.00.0000.iar.yaml,TSGTMISCCOSTERPO_SERVICE|01.00.0000,TSGTMISCCOSTERPO_SERVICE,TSGTMiscCostErpOrchestratorIbFwk_Service,01.00.0000,GetMetadataInfo(i1),Adapter_Invoke,,,,/FWKINBOUNDINTGMETADATA,TSGTRESTVBCSBO_CONN,GetMetadataInfo,
TSGTMISCCOSTERPO_SERVICE_01.00.0000.iar.yaml,TSGTMISCCOSTERPO_SERVICE|01.00.0000,TSGTMISCCOSTERPO_SERVICE,TSGTMiscCostErpOrchestratorIbFwk_Service,01.00.0000,GetPJCInterfaceData(i19),Adapter_Invoke,,,,,TSGTATPCLOUDDB_CONN,GetPJCInterfaceData,
TSGTMISCCOSTERPO_SERVICE_01.00.0000.iar.yaml,TSGTMISCCOSTERPO_SERVICE|01.00.0000,TSGTMISCCOSTERPO_SERVICE,TSGTMiscCostErpOrchestratorIbFwk_Service,01.00.0000,MoveFBDIZipFileToEnrichedBucket(i16),Adapter_Invoke,,,,/n/{namespace}/b/{bucketName}/o/{objectName},TSGTOBJECTSTORAG_CONN,MoveFBDIZipFileToEnrichedBucket,
TSGTMISCCOSTERPO_SERVICE_01.00.0000.iar.yaml,TSGTMISCCOSTERPO_SERVICE|01.00.0000,TSGTMISCCOSTERPO_SERVICE,TSGTMiscCostErpOrchestratorIbFwk_Service,01.00.0000,ImportCostBulkData(i2),Adapter_Invoke,,,,,TSGTERPCLOUD_CONN,ImportCostBulkData,
TSGTMISCCOSTERPO_SERVICE_01.00.0000.iar.yaml,TSGTMISCCOSTERPO_SERVICE|01.00.0000,TSGTMISCCOSTERPO_SERVICE,TSGTMiscCostErpOrchestratorIbFwk_Service,01.00.0000,UpdateESSJobId(i0),IntegrationAction,TSGTCMNUPSERTINS_SERVICE,01.00.0000,TSGTCmnUpsertInstanceTransaction_Service,/UpsertInstanceTransaction,PRESEEDED_COLLOCATED_CONN_1741,UpdateESSJobId,
TSGTMISCCOSTERPO_SERVICE_01.00.0000.iar.yaml,TSGTMISCCOSTERPO_SERVICE|01.00.0000,TSGTMISCCOSTERPO_SERVICE,TSGTMiscCostErpOrchestratorIbFwk_Service,01.00.0000,GetCallbackStatus(i3),Adapter_Invoke,,,,/Logger/{Logger_Id}/action/getESSJobStatus,TSGTRESTVBCSBO_CONN,GetCallbackStatus,
TSGTMISCCOSTERPO_SERVICE_01.00.0000.iar.yaml,TSGTMISCCOSTERPO_SERVICE|01.00.0000,TSGTMISCCOSTERPO_SERVICE,TSGTMiscCostErpOrchestratorIbFwk_Service,01.00.0000,GetJobDetails(i9),Adapter_Invoke,,,,/Instances,TSGTRESTVBCSBO_CONN,GetJobDetails,
TSGTMISCCOSTERPO_SERVICE_01.00.0000.iar.yaml,TSGTMISCCOSTERPO_SERVICE|01.00.0000,TSGTMISCCOSTERPO_SERVICE,TSGTMiscCostErpOrchestratorIbFwk_Service,01.00.0000,GetEssOutputReportIdFromInstance(i8),Adapter_Invoke,,,,/Instances,TSGTRESTVBCSBO_CONN,GetEssOutputReportIdFromInstance,
TSGTMISCCOSTERPO_SERVICE_01.00.0000.iar.yaml,TSGTMISCCOSTERPO_SERVICE|01.00.0000,TSGTMISCCOSTERPO_SERVICE,TSGTMiscCostErpOrchestratorIbFwk_Service,01.00.0000,InvokeEssLogOutput(i12),IntegrationAction,TSGTCMNSENDESSLOGOUTPUTEMAIL,01.00.0000,TSGTCmnSendESSLogOutputEmail,/getDocumentforESSJobId,PRESEEDED_COLLOCATED_CONN_1741,InvokeEssLogOutput,
TSGTMISCCOSTERPO_SERVICE_01.00.0000.iar.yaml,TSGTMISCCOSTERPO_SERVICE|01.00.0000,TSGTMISCCOSTERPO_SERVICE,TSGTMiscCostErpOrchestratorIbFwk_Service,01.00.0000,InvokePJCSuccessRecordCount(i4),Adapter_Invoke,,,,,TSGTSOAPERPBIP_CONN,InvokePJCSuccessRecordCount,
TSGTMISCCOSTERPO_SERVICE_01.00.0000.iar.yaml,TSGTMISCCOSTERPO_SERVICE|01.00.0000,TSGTMISCCOSTERPO_SERVICE,TSGTMiscCostErpOrchestratorIbFwk_Service,01.00.0000,GetInputFileRecordCount(i5),Adapter_Invoke,,,,,TSGTATPCLOUDDB_CONN,GetInputFileRecordCount,
TSGTMISCCOSTERPO_SERVICE_01.00.0000.iar.yaml,TSGTMISCCOSTERPO_SERVICE|01.00.0000,TSGTMISCCOSTERPO_SERVICE,TSGTMiscCostErpOrchestratorIbFwk_Service,01.00.0000,InvokePJCSuccessRecordsReport(i6),Adapter_Invoke,,,,,TSGTSOAPERPBIP_CONN,InvokePJCSuccessRecordsReport,
TSGTMISCCOSTERPO_SERVICE_01.00.0000.iar.yaml,TSGTMISCCOSTERPO_SERVICE|01.00.0000,TSGTMISCCOSTERPO_SERVICE,TSGTMiscCostErpOrchestratorIbFwk_Service,01.00.0000,InvokeUploadResultFiletoObjectStorage(i20),IntegrationAction,TSGTCMNFILEREFER_SERVICE,01.00.0000,TSGTCmnFileReferencetoObjectStorage_Service,/getFileFromObjectStorage,PRESEEDED_COLLOCATED_CONN_1741,InvokeUploadResultFiletoObjectStorage,
TSGTMISCCOSTERPO_SERVICE_01.00.0000.iar.yaml,TSGTMISCCOSTERPO_SERVICE|01.00.0000,TSGTMISCCOSTERPO_SERVICE,TSGTMiscCostErpOrchestratorIbFwk_Service,01.00.0000,UpddateTransactionAndInstanceStatus(i10),IntegrationAction,TSGTCMNUPSERTINS_SERVICE,01.00.0000,TSGTCmnUpsertInstanceTransaction_Service,/UpsertInstanceTransaction,PRESEEDED_COLLOCATED_CONN_1741,UpddateTransactionAndInstanceStatus,
TSGTMISCCOSTERPO_SERVICE_01.00.0000.iar.yaml,TSGTMISCCOSTERPO_SERVICE|01.00.0000,TSGTMISCCOSTERPO_SERVICE,TSGTMiscCostErpOrchestratorIbFwk_Service,01.00.0000,MoveFileToErrorBucket(i17),IntegrationAction,TSGTCMNSRCOBJSTOTGTOBJSMO_SERVIC,01.00.0000,TSGTCmnSrcObjStorageToTgtObjStorageMove_Service,/getFileFromObjectStorage,PRESEEDED_COLLOCATED_CONN_1741,MoveFileToErrorBucket,
TSGTMISCCOSTERPO_SERVICE_01.00.0000.iar.yaml,TSGTMISCCOSTERPO_SERVICE|01.00.0000,TSGTMISCCOSTERPO_SERVICE,TSGTMiscCostErpOrchestratorIbFwk_Service,01.00.0000,MoveFileToArchiveBucket(i18),IntegrationAction,TSGTCMNSRCOBJSTOTGTOBJSMO_SERVIC,01.00.0000,TSGTCmnSrcObjStorageToTgtObjStorageMove_Service,/getFileFromObjectStorage,PRESEEDED_COLLOCATED_CONN_1741,MoveFileToArchiveBucket,
TSGTMISCCOSTERPO_SERVICE_01.00.0000.iar.yaml,TSGTMISCCOSTERPO_SERVICE|01.00.0000,TSGTMISCCOSTERPO_SERVICE,TSGTMiscCostErpOrchestratorIbFwk_Service,01.00.0000,SendNotification(i15),IntegrationAction,TSGTCMNNOTIFICAT_SERVICE,01.00.0000,TSGTCmnNotificationFwk_Service,/Notify,PRESEEDED_COLLOCATED_CONN_1741,SendNotification,
TSGTMISCCOSTERPO_SERVICE_01.00.0000.iar.yaml,TSGTMISCCOSTERPO_SERVICE|01.00.0000,TSGTMISCCOSTERPO_SERVICE,TSGTMiscCostErpOrchestratorIbFwk_Service,01.00.0000,SendFailedEmailNotification(i11),IntegrationAction,TSGTCMNNOTIFICAT_SERVICE,01.00.0000,TSGTCmnNotificationFwk_Service,/Notify,PRESEEDED_COLLOCATED_CONN_1741,SendFailedEmailNotification,
TSGTMISCCOSTERPO_SERVICE_01.00.0000.iar.yaml,TSGTMISCCOSTERPO_SERVICE|01.00.0000,TSGTMISCCOSTERPO_SERVICE,TSGTMiscCostErpOrchestratorIbFwk_Service,01.00.0000,InvokeErrorHandlerService(i14),IntegrationAction,HC_CMN_NOTIFICA_SERVICE,01.00.0000,,/Notify,PRESEEDED_COLLOCATED_CONN_1741,InvokeErrorHandlerService,
TSGTOATIAR_INTGSERVIC_IB_01.00.0000.iar.yaml,TSGTOATIAR_INTGSERVIC_IB|01.00.0000,TSGTOATIAR_INTGSERVIC_IB,TSGTOATIARInvoice_IntgService_IB,01.00.0000,GetMetadataFromBO(i3),Adapter_Invoke,,,,/FWKOUTBOUNDINTGMETADATA,TSGTRESTVBCSBO_CONN,GetMetadataFromBO,
TSGTOATIAR_INTGSERVIC_IB_01.00.0000.iar.yaml,TSGTOATIAR_INTGSERVIC_IB|01.00.0000,TSGTOATIAR_INTGSERVIC_IB,TSGTOATIARInvoice_IntgService_IB,01.00.0000,InvokeCommonLauncher(i0),IntegrationAction,TSGTCMNLAUNCHERF_SERVICE,01.00.0000,TSGTCmnLauncherFwk_Service,/invokeLauncher,PRESEEDED_COLLOCATED_CONN_1741,InvokeCommonLauncher,
TSGTOATIAR_INTGSERVIC_IB_01.00.0000.iar.yaml,TSGTOATIAR_INTGSERVIC_IB|01.00.0000,TSGTOATIAR_INTGSERVIC_IB,TSGTOATIARInvoice_IntgService_IB,01.00.0000,SendNotification(i1),IntegrationAction,TSGTCMNNOTIFICAT_SERVICE,01.00.0000,TSGTCmnNotificationFwk_Service,/Notify,PRESEEDED_COLLOCATED_CONN_1741,SendNotification,
TSGTPROJECTASKEXTR_INTGSERVIC_OB_01.00.0000.iar.yaml,TSGTPROJECTASKEXTR_INTGSERVIC_OB|01.00.0000,TSGTPROJECTASKEXTR_INTGSERVIC_OB,TSGTProjectTaskExtract_IntgService_OB,01.00.0000,GetMetadataFromBO(i3),Adapter_Invoke,,,,/FWKOUTBOUNDINTGMETADATA,TSGTRESTVBCSBO_CONN,GetMetadataFromBO,
TSGTPROJECTASKEXTR_INTGSERVIC_OB_01.00.0000.iar.yaml,TSGTPROJECTASKEXTR_INTGSERVIC_OB|01.00.0000,TSGTPROJECTASKEXTR_INTGSERVIC_OB,TSGTProjectTaskExtract_IntgService_OB,01.00.0000,InvokeCommonLauncher(i0),IntegrationAction,TSGTCMNLAUNCHERF_SERVICE,01.00.0000,TSGTCmnLauncherFwk_Service,/invokeLauncher,PRESEEDED_COLLOCATED_CONN_1741,InvokeCommonLauncher,
TSGTPROJECTASKEXTR_INTGSERVIC_OB_01.00.0000.iar.yaml,TSGTPROJECTASKEXTR_INTGSERVIC_OB|01.00.0000,TSGTPROJECTASKEXTR_INTGSERVIC_OB,TSGTProjectTaskExtract_IntgService_OB,01.00.0000,SendNotification(i1),IntegrationAction,TSGTCMNNOTIFICAT_SERVICE,01.00.0000,TSGTCmnNotificationFwk_Service,/Notify,PRESEEDED_COLLOCATED_CONN_1741,SendNotification,
TSGTPROJLABORCOST_INTGSERVIC_OB_01.00.0000.iar.yaml,TSGTPROJLABORCOST_INTGSERVIC_OB|01.00.0000,TSGTPROJLABORCOST_INTGSERVIC_OB,TSGTProjectLaborCostExtract_IntgService_OB,01.00.0000,GetMetadataFromBO(i3),Adapter_Invoke,,,,/FWKOUTBOUNDINTGMETADATA,TSGTRESTVBCSBO_CONN,GetMetadataFromBO,
TSGTPROJLABORCOST_INTGSERVIC_OB_01.00.0000.iar.yaml,TSGTPROJLABORCOST_INTGSERVIC_OB|01.00.0000,TSGTPROJLABORCOST_INTGSERVIC_OB,TSGTProjectLaborCostExtract_IntgService_OB,01.00.0000,InvokeCommonLauncher(i0),IntegrationAction,TSGTCMNLAUNCHERF_SERVICE,01.00.0000,TSGTCmnLauncherFwk_Service,/invokeLauncher,PRESEEDED_COLLOCATED_CONN_1741,InvokeCommonLauncher,
TSGTPROJLABORCOST_INTGSERVIC_OB_01.00.0000.iar.yaml,TSGTPROJLABORCOST_INTGSERVIC_OB|01.00.0000,TSGTPROJLABORCOST_INTGSERVIC_OB,TSGTProjectLaborCostExtract_IntgService_OB,01.00.0000,SendNotification(i1),IntegrationAction,TSGTCMNNOTIFICAT_SERVICE,01.00.0000,TSGTCmnNotificationFwk_Service,/Notify,PRESEEDED_COLLOCATED_CONN_1741,SendNotification,
TSGTPUBLISHEXTRACTPROCESS_02.02.0000.iar.yaml,TSGTPUBLISHEXTRACTPROCESS|02.02.0000,TSGTPUBLISHEXTRACTPROCESS,TSGTPublishExtractProcess,02.02.0000,GetConfigs(i0),RESTToOIC,TSGTGETCONFIGS_SERVICE,1.0,TSGTGetConfigs_Service,/api/integration/v1/flows/rest/TSGTGETCONFIGS_SERVICE/1.0/configs,TSGTRESTOICINVOK_CONN,GetConfigs,
TSGTPUBLISHEXTRACTPROCESS_02.02.0000.iar.yaml,TSGTPUBLISHEXTRACTPROCESS|02.02.0000,TSGTPUBLISHEXTRACTPROCESS,TSGTPublishExtractProcess,02.02.0000,DownloadFile(i1),Adapter_Invoke,,,,,TSGTFTP_CONN,DownloadFile,
TSGTPUBLISHEXTRACTPROCESS_02.02.0000.iar.yaml,TSGTPUBLISHEXTRACTPROCESS|02.02.0000,TSGTPUBLISHEXTRACTPROCESS,TSGTPublishExtractProcess,02.02.0000,CopyFile(i4),Adapter_Invoke,,,,,TSGTFTP_CONN,CopyFile,
TSGTPUBLISHEXTRACTPROCESS_02.02.0000.iar.yaml,TSGTPUBLISHEXTRACTPROCESS|02.02.0000,TSGTPUBLISHEXTRACTPROCESS,TSGTPublishExtractProcess,02.02.0000,PublishExtract(i2),RESTToOIC,TSGTPUBLISHEXTRA_SERVICE,1.0,TSGTPublishExtract_Service,/api/integration/v1/flows/rest/TSGTPUBLISHEXTRA_SERVICE/1.0/employee,TSGTRESTOICINVOK_CONN,PublishExtract,
TSGTPUBLISHEXTRACTPROCESS_02.02.0000.iar.yaml,TSGTPUBLISHEXTRACTPROCESS|02.02.0000,TSGTPUBLISHEXTRACTPROCESS,TSGTPublishExtractProcess,02.02.0000,TSGTEmployeesSnapProcess(i5),IntegrationAction,TSGTEMPLOYEESSNAPPROCESS,02.01.0001,TSGTEmployeesSnapProcess,/employeeOutbound,PRESEEDED_COLLOCATED_CONN_1741,TSGTEmployeesSnapProcess,
TSGTPUBLISHEXTRACTPROCESS_02.02.0000.iar.yaml,TSGTPUBLISHEXTRACTPROCESS|02.02.0000,TSGTPUBLISHEXTRACTPROCESS,TSGTPublishExtractProcess,02.02.0000,PublishAuditing(i3),RESTToOIC,TSGTPUBLISHAUDIT_SERVICE,1.0,TSGTPublishAuditing_Service,/api/integration/v1/flows/rest/TSGTPUBLISHAUDIT_SERVICE/1.0/auditing,TSGTRESTOICINVOK_CONN,PublishAuditing,
TSGTRAPIDI_INTGSERVIC_OB_01.00.0000.iar.yaml,TSGTRAPIDI_INTGSERVIC_OB|01.00.0000,TSGTRAPIDI_INTGSERVIC_OB,TSGTRapidItemExtract_IntgService_OB,01.00.0000,GetMetadataFromBO(i3),Adapter_Invoke,,,,/FWKOUTBOUNDINTGMETADATA,TSGTRESTVBCSBO_CONN,GetMetadataFromBO,
TSGTRAPIDI_INTGSERVIC_OB_01.00.0000.iar.yaml,TSGTRAPIDI_INTGSERVIC_OB|01.00.0000,TSGTRAPIDI_INTGSERVIC_OB,TSGTRapidItemExtract_IntgService_OB,01.00.0000,InvokeCommonLauncher(i0),IntegrationAction,TSGTCMNLAUNCHERF_SERVICE,01.00.0000,TSGTCmnLauncherFwk_Service,/invokeLauncher,PRESEEDED_COLLOCATED_CONN_1741,InvokeCommonLauncher,
TSGTRAPIDI_INTGSERVIC_OB_01.00.0000.iar.yaml,TSGTRAPIDI_INTGSERVIC_OB|01.00.0000,TSGTRAPIDI_INTGSERVIC_OB,TSGTRapidItemExtract_IntgService_OB,01.00.0000,SendNotification(i1),IntegrationAction,TSGTCMNNOTIFICAT_SERVICE,01.00.0000,TSGTCmnNotificationFwk_Service,/Notify,PRESEEDED_COLLOCATED_CONN_1741,SendNotification,
TSGTSCHEDU_HCMWORKERE_SERVICE_01.00.0000.iar.yaml,TSGTSCHEDU_HCMWORKERE_SERVICE|01.00.0000,TSGTSCHEDU_HCMWORKERE_SERVICE,TSGTScheduler_HCMWorkerEPM_Service,01.00.0000,getInboundMetadataDetails(i0),Adapter_Invoke,,,,/FWKINBOUNDINTGMETADATA,TSGTRESTVBCSBO_CONN,getInboundMetadataDetails,
TSGTSCHEDU_HCMWORKERE_SERVICE_01.00.0000.iar.yaml,TSGTSCHEDU_HCMWORKERE_SERVICE|01.00.0000,TSGTSCHEDU_HCMWORKERE_SERVICE,TSGTScheduler_HCMWorkerEPM_Service,01.00.0000,launchHCMInboundLauncher(i3),IntegrationAction,TSGTCMNHCMLAUNCH_SERVICE,01.00.0000,TSGTCmnHcmLauncherFwk_Service,/InvokeLauncher,PRESEEDED_COLLOCATED_CONN_1741,launchHCMInboundLauncher,
TSGTSCHEDU_HCMWORKERE_SERVICE_01.00.0000.iar.yaml,TSGTSCHEDU_HCMWORKERE_SERVICE|01.00.0000,TSGTSCHEDU_HCMWORKERE_SERVICE,TSGTScheduler_HCMWorkerEPM_Service,01.00.0000,invokeHCMInboundLauncher(i2),IntegrationAction,TSGTCMNHCMLAUNCH_SERVICE,01.00.0000,TSGTCmnHcmLauncherFwk_Service,/InvokeLauncher,PRESEEDED_COLLOCATED_CONN_1741,invokeHCMInboundLauncher,
TSGTSCHEDU_HCMWORKERE_SERVICE_01.00.0000.iar.yaml,TSGTSCHEDU_HCMWORKERE_SERVICE|01.00.0000,TSGTSCHEDU_HCMWORKERE_SERVICE,TSGTScheduler_HCMWorkerEPM_Service,01.00.0000,getOutboundMetadataDetails(i1),Adapter_Invoke,,,,/FWKOUTBOUNDINTGMETADATA,TSGTRESTVBCSBO_CONN,getOutboundMetadataDetails,
TSGTSCHEDU_HCMWORKERE_SERVICE_01.00.0000.iar.yaml,TSGTSCHEDU_HCMWORKERE_SERVICE|01.00.0000,TSGTSCHEDU_HCMWORKERE_SERVICE,TSGTScheduler_HCMWorkerEPM_Service,01.00.0000,invokeCommonOutboundLauncher(i5),IntegrationAction,TSGTCMNHCMLAUNCH_SERVICE,01.00.0000,TSGTCmnHcmLauncherFwk_Service,/InvokeLauncher,PRESEEDED_COLLOCATED_CONN_1741,invokeCommonOutboundLauncher,
TSGTSCHEDU_HCMWORKERE_SERVICE_01.00.0000.iar.yaml,TSGTSCHEDU_HCMWORKERE_SERVICE|01.00.0000,TSGTSCHEDU_HCMWORKERE_SERVICE,TSGTScheduler_HCMWorkerEPM_Service,01.00.0000,callOutboundLauncher(i4),IntegrationAction,TSGTCMNHCMLAUNCH_SERVICE,01.00.0000,TSGTCmnHcmLauncherFwk_Service,/InvokeLauncher,PRESEEDED_COLLOCATED_CONN_1741,callOutboundLauncher,
TSGTSCHEDU_HSA_SERVICE_01.00.0000.iar.yaml,TSGTSCHEDU_HSA_SERVICE|01.00.0000,TSGTSCHEDU_HSA_SERVICE,TSGTScheduler_HSA_Service,01.00.0000,getInboundMetadataDetails(i0),Adapter_Invoke,,,,/FWKINBOUNDINTGMETADATA,TSGTRESTVBCSBO_CONN,getInboundMetadataDetails,
TSGTSCHEDU_HSA_SERVICE_01.00.0000.iar.yaml,TSGTSCHEDU_HSA_SERVICE|01.00.0000,TSGTSCHEDU_HSA_SERVICE,TSGTScheduler_HSA_Service,01.00.0000,launchHCMInboundLauncher(i3),IntegrationAction,TSGTCMNHCMLAUNCH_SERVICE,01.00.0000,TSGTCmnHcmLauncherFwk_Service,/InvokeLauncher,PRESEEDED_COLLOCATED_CONN_1741,launchHCMInboundLauncher,
TSGTSCHEDU_HSA_SERVICE_01.00.0000.iar.yaml,TSGTSCHEDU_HSA_SERVICE|01.00.0000,TSGTSCHEDU_HSA_SERVICE,TSGTScheduler_HSA_Service,01.00.0000,invokeHCMInboundLauncher(i2),IntegrationAction,TSGTCMNHCMLAUNCH_SERVICE,01.00.0000,TSGTCmnHcmLauncherFwk_Service,/InvokeLauncher,PRESEEDED_COLLOCATED_CONN_1741,invokeHCMInboundLauncher,
TSGTSCHEDU_HSA_SERVICE_01.00.0000.iar.yaml,TSGTSCHEDU_HSA_SERVICE|01.00.0000,TSGTSCHEDU_HSA_SERVICE,TSGTScheduler_HSA_Service,01.00.0000,getOutboundMetadataDetails(i1),Adapter_Invoke,,,,/FWKOUTBOUNDINTGMETADATA,TSGTRESTVBCSBO_CONN,getOutboundMetadataDetails,
TSGTSCHEDU_HSA_SERVICE_01.00.0000.iar.yaml,TSGTSCHEDU_HSA_SERVICE|01.00.0000,TSGTSCHEDU_HSA_SERVICE,TSGTScheduler_HSA_Service,01.00.0000,invokeCommonOutboundLauncher(i5),IntegrationAction,TSGTCMNHCMLAUNCH_SERVICE,01.00.0000,TSGTCmnHcmLauncherFwk_Service,/InvokeLauncher,PRESEEDED_COLLOCATED_CONN_1741,invokeCommonOutboundLauncher,
TSGTSCHEDU_HSA_SERVICE_01.00.0000.iar.yaml,TSGTSCHEDU_HSA_SERVICE|01.00.0000,TSGTSCHEDU_HSA_SERVICE,TSGTScheduler_HSA_Service,01.00.0000,callOutboundLauncher(i4),IntegrationAction,TSGTCMNHCMLAUNCH_SERVICE,01.00.0000,TSGTCmnHcmLauncherFwk_Service,/InvokeLauncher,PRESEEDED_COLLOCATED_CONN_1741,callOutboundLauncher,
TSGTSCHEDU_SAILPOINT_SERVICE_01.00.0000.iar.yaml,TSGTSCHEDU_SAILPOINT_SERVICE|01.00.0000,TSGTSCHEDU_SAILPOINT_SERVICE,TSGTScheduler_SailPoint_Service,01.00.0000,getInboundMetadataDetails(i0),Adapter_Invoke,,,,/FWKINBOUNDINTGMETADATA,TSGTRESTVBCSBO_CONN,getInboundMetadataDetails,
TSGTSCHEDU_SAILPOINT_SERVICE_01.00.0000.iar.yaml,TSGTSCHEDU_SAILPOINT_SERVICE|01.00.0000,TSGTSCHEDU_SAILPOINT_SERVICE,TSGTScheduler_SailPoint_Service,01.00.0000,launchHCMInboundLauncher(i3),IntegrationAction,TSGTCMNHCMLAUNCH_SERVICE,01.00.0000,TSGTCmnHcmLauncherFwk_Service,/InvokeLauncher,PRESEEDED_COLLOCATED_CONN_1741,launchHCMInboundLauncher,
TSGTSCHEDU_SAILPOINT_SERVICE_01.00.0000.iar.yaml,TSGTSCHEDU_SAILPOINT_SERVICE|01.00.0000,TSGTSCHEDU_SAILPOINT_SERVICE,TSGTScheduler_SailPoint_Service,01.00.0000,invokeHCMInboundLauncher(i2),IntegrationAction,TSGTCMNHCMLAUNCH_SERVICE,01.00.0000,TSGTCmnHcmLauncherFwk_Service,/InvokeLauncher,PRESEEDED_COLLOCATED_CONN_1741,invokeHCMInboundLauncher,
TSGTSCHEDU_SAILPOINT_SERVICE_01.00.0000.iar.yaml,TSGTSCHEDU_SAILPOINT_SERVICE|01.00.0000,TSGTSCHEDU_SAILPOINT_SERVICE,TSGTScheduler_SailPoint_Service,01.00.0000,getOutboundMetadataDetails(i1),Adapter_Invoke,,,,/FWKOUTBOUNDINTGMETADATA,TSGTRESTVBCSBO_CONN,getOutboundMetadataDetails,
TSGTSCHEDU_SAILPOINT_SERVICE_01.00.0000.iar.yaml,TSGTSCHEDU_SAILPOINT_SERVICE|01.00.0000,TSGTSCHEDU_SAILPOINT_SERVICE,TSGTScheduler_SailPoint_Service,01.00.0000,invokeCommonOutboundLauncher(i5),IntegrationAction,TSGTCMNHCMLAUNCH_SERVICE,01.00.0000,TSGTCmnHcmLauncherFwk_Service,/InvokeLauncher,PRESEEDED_COLLOCATED_CONN_1741,invokeCommonOutboundLauncher,
TSGTSCHEDU_SAILPOINT_SERVICE_01.00.0000.iar.yaml,TSGTSCHEDU_SAILPOINT_SERVICE|01.00.0000,TSGTSCHEDU_SAILPOINT_SERVICE,TSGTScheduler_SailPoint_Service,01.00.0000,callOutboundLauncher(i4),IntegrationAction,TSGTCMNHCMLAUNCH_SERVICE,01.00.0000,TSGTCmnHcmLauncherFwk_Service,/InvokeLauncher,PRESEEDED_COLLOCATED_CONN_1741,callOutboundLauncher,
TSGTSCHE_FIDELITY_DEF_SERVICE_01.00.0000.iar.yaml,TSGTSCHE_FIDELITY_DEF_SERVICE|01.00.0000,TSGTSCHE_FIDELITY_DEF_SERVICE,TSGTScheduler_Fidelity401k_Deferral_Service,01.00.0000,getInboundMetadataDetails(i0),Adapter_Invoke,,,,/FWKINBOUNDINTGMETADATA,TSGTRESTVBCSBO_CONN,getInboundMetadataDetails,
TSGTSCHE_FIDELITY_DEF_SERVICE_01.00.0000.iar.yaml,TSGTSCHE_FIDELITY_DEF_SERVICE|01.00.0000,TSGTSCHE_FIDELITY_DEF_SERVICE,TSGTScheduler_Fidelity401k_Deferral_Service,01.00.0000,GetFileFromVendorSFTP(i6),Adapter_Invoke,,,,,TSGTFIDELITYFTP_CONN,GetFileFromVendorSFTP,
TSGTSCHE_FIDELITY_DEF_SERVICE_01.00.0000.iar.yaml,TSGTSCHE_FIDELITY_DEF_SERVICE|01.00.0000,TSGTSCHE_FIDELITY_DEF_SERVICE,TSGTScheduler_Fidelity401k_Deferral_Service,01.00.0000,DownloadLoanFileToStage(i7),Adapter_Invoke,,,,,TSGTFIDELITYFTP_CONN,DownloadLoanFileToStage,
TSGTSCHE_FIDELITY_DEF_SERVICE_01.00.0000.iar.yaml,TSGTSCHE_FIDELITY_DEF_SERVICE|01.00.0000,TSGTSCHE_FIDELITY_DEF_SERVICE,TSGTScheduler_Fidelity401k_Deferral_Service,01.00.0000,WriteLoanFileToOICSftp(i8),Adapter_Invoke,,,,,TSGTFTP_CONN,WriteLoanFileToOICSftp,
TSGTSCHE_FIDELITY_DEF_SERVICE_01.00.0000.iar.yaml,TSGTSCHE_FIDELITY_DEF_SERVICE|01.00.0000,TSGTSCHE_FIDELITY_DEF_SERVICE,TSGTScheduler_Fidelity401k_Deferral_Service,01.00.0000,launchHCMInboundLauncher(i3),IntegrationAction,TSGTCMNHCMLAUNCH_SERVICE,01.00.0000,TSGTCmnHcmLauncherFwk_Service,/InvokeLauncher,PRESEEDED_COLLOCATED_CONN_1741,launchHCMInboundLauncher,
TSGTSCHE_FIDELITY_DEF_SERVICE_01.00.0000.iar.yaml,TSGTSCHE_FIDELITY_DEF_SERVICE|01.00.0000,TSGTSCHE_FIDELITY_DEF_SERVICE,TSGTScheduler_Fidelity401k_Deferral_Service,01.00.0000,invokeHCMInboundLauncher(i2),IntegrationAction,TSGTCMNHCMLAUNCH_SERVICE,01.00.0000,TSGTCmnHcmLauncherFwk_Service,/InvokeLauncher,PRESEEDED_COLLOCATED_CONN_1741,invokeHCMInboundLauncher,
TSGTSCHE_FIDELITY_DEF_SERVICE_01.00.0000.iar.yaml,TSGTSCHE_FIDELITY_DEF_SERVICE|01.00.0000,TSGTSCHE_FIDELITY_DEF_SERVICE,TSGTScheduler_Fidelity401k_Deferral_Service,01.00.0000,getOutboundMetadataDetails(i1),Adapter_Invoke,,,,/FWKOUTBOUNDINTGMETADATA,TSGTRESTVBCSBO_CONN,getOutboundMetadataDetails,
TSGTSCHE_FIDELITY_DEF_SERVICE_01.00.0000.iar.yaml,TSGTSCHE_FIDELITY_DEF_SERVICE|01.00.0000,TSGTSCHE_FIDELITY_DEF_SERVICE,TSGTScheduler_Fidelity401k_Deferral_Service,01.00.0000,invokeCommonOutboundLauncher(i5),IntegrationAction,TSGTCMNHCMLAUNCH_SERVICE,01.00.0000,TSGTCmnHcmLauncherFwk_Service,/InvokeLauncher,PRESEEDED_COLLOCATED_CONN_1741,invokeCommonOutboundLauncher,
TSGTSCHE_FIDELITY_DEF_SERVICE_01.00.0000.iar.yaml,TSGTSCHE_FIDELITY_DEF_SERVICE|01.00.0000,TSGTSCHE_FIDELITY_DEF_SERVICE,TSGTScheduler_Fidelity401k_Deferral_Service,01.00.0000,callOutboundLauncher(i4),IntegrationAction,TSGTCMNHCMLAUNCH_SERVICE,01.00.0000,TSGTCmnHcmLauncherFwk_Service,/InvokeLauncher,PRESEEDED_COLLOCATED_CONN_1741,callOutboundLauncher,
TSGTSCHE_FIDELITY_LOAN_SERVICE_01.00.0000.iar.yaml,TSGTSCHE_FIDELITY_LOAN_SERVICE|01.00.0000,TSGTSCHE_FIDELITY_LOAN_SERVICE,TSGTScheduler_Fidelity401k_Loan_Service,01.00.0000,getInboundMetadataDetails(i0),Adapter_Invoke,,,,/FWKINBOUNDINTGMETADATA,TSGTRESTVBCSBO_CONN,getInboundMetadataDetails,
TSGTSCHE_FIDELITY_LOAN_SERVICE_01.00.0000.iar.yaml,TSGTSCHE_FIDELITY_LOAN_SERVICE|01.00.0000,TSGTSCHE_FIDELITY_LOAN_SERVICE,TSGTScheduler_Fidelity401k_Loan_Service,01.00.0000,GetFileFromVendorSFTP(i6),Adapter_Invoke,,,,,TSGTFIDELITYFTP_CONN,GetFileFromVendorSFTP,
TSGTSCHE_FIDELITY_LOAN_SERVICE_01.00.0000.iar.yaml,TSGTSCHE_FIDELITY_LOAN_SERVICE|01.00.0000,TSGTSCHE_FIDELITY_LOAN_SERVICE,TSGTScheduler_Fidelity401k_Loan_Service,01.00.0000,DownloadLoanFileToStage(i7),Adapter_Invoke,,,,,TSGTFIDELITYFTP_CONN,DownloadLoanFileToStage,
TSGTSCHE_FIDELITY_LOAN_SERVICE_01.00.0000.iar.yaml,TSGTSCHE_FIDELITY_LOAN_SERVICE|01.00.0000,TSGTSCHE_FIDELITY_LOAN_SERVICE,TSGTScheduler_Fidelity401k_Loan_Service,01.00.0000,WriteLoanFileToOICSftp(i8),Adapter_Invoke,,,,,TSGTFTP_CONN,WriteLoanFileToOICSftp,
TSGTSCHE_FIDELITY_LOAN_SERVICE_01.00.0000.iar.yaml,TSGTSCHE_FIDELITY_LOAN_SERVICE|01.00.0000,TSGTSCHE_FIDELITY_LOAN_SERVICE,TSGTScheduler_Fidelity401k_Loan_Service,01.00.0000,launchHCMInboundLauncher(i3),IntegrationAction,TSGTCMNHCMLAUNCH_SERVICE,01.00.0000,TSGTCmnHcmLauncherFwk_Service,/InvokeLauncher,PRESEEDED_COLLOCATED_CONN_1741,launchHCMInboundLauncher,
TSGTSCHE_FIDELITY_LOAN_SERVICE_01.00.0000.iar.yaml,TSGTSCHE_FIDELITY_LOAN_SERVICE|01.00.0000,TSGTSCHE_FIDELITY_LOAN_SERVICE,TSGTScheduler_Fidelity401k_Loan_Service,01.00.0000,invokeHCMInboundLauncher(i2),IntegrationAction,TSGTCMNHCMLAUNCH_SERVICE,01.00.0000,TSGTCmnHcmLauncherFwk_Service,/InvokeLauncher,PRESEEDED_COLLOCATED_CONN_1741,invokeHCMInboundLauncher,
TSGTSCHE_FIDELITY_LOAN_SERVICE_01.00.0000.iar.yaml,TSGTSCHE_FIDELITY_LOAN_SERVICE|01.00.0000,TSGTSCHE_FIDELITY_LOAN_SERVICE,TSGTScheduler_Fidelity401k_Loan_Service,01.00.0000,getOutboundMetadataDetails(i1),Adapter_Invoke,,,,/FWKOUTBOUNDINTGMETADATA,TSGTRESTVBCSBO_CONN,getOutboundMetadataDetails,
TSGTSCHE_FIDELITY_LOAN_SERVICE_01.00.0000.iar.yaml,TSGTSCHE_FIDELITY_LOAN_SERVICE|01.00.0000,TSGTSCHE_FIDELITY_LOAN_SERVICE,TSGTScheduler_Fidelity401k_Loan_Service,01.00.0000,invokeCommonOutboundLauncher(i5),IntegrationAction,TSGTCMNHCMLAUNCH_SERVICE,01.00.0000,TSGTCmnHcmLauncherFwk_Service,/InvokeLauncher,PRESEEDED_COLLOCATED_CONN_1741,invokeCommonOutboundLauncher,
TSGTSCHE_FIDELITY_LOAN_SERVICE_01.00.0000.iar.yaml,TSGTSCHE_FIDELITY_LOAN_SERVICE|01.00.0000,TSGTSCHE_FIDELITY_LOAN_SERVICE,TSGTScheduler_Fidelity401k_Loan_Service,01.00.0000,callOutboundLauncher(i4),IntegrationAction,TSGTCMNHCMLAUNCH_SERVICE,01.00.0000,TSGTCmnHcmLauncherFwk_Service,/InvokeLauncher,PRESEEDED_COLLOCATED_CONN_1741,callOutboundLauncher,
TSGTSCHE_SAILPOIN_SERVICE_2_01.00.0000.iar.yaml,TSGTSCHE_SAILPOIN_SERVICE_2|01.00.0000,TSGTSCHE_SAILPOIN_SERVICE_2,TSGTScheduler_SailPoint_Service_2,01.00.0000,getInboundMetadataDetails(i0),Adapter_Invoke,,,,/FWKINBOUNDINTGMETADATA,TSGTRESTVBCSBO_CONN,getInboundMetadataDetails,
TSGTSCHE_SAILPOIN_SERVICE_2_01.00.0000.iar.yaml,TSGTSCHE_SAILPOIN_SERVICE_2|01.00.0000,TSGTSCHE_SAILPOIN_SERVICE_2,TSGTScheduler_SailPoint_Service_2,01.00.0000,launchHCMInboundLauncher(i3),IntegrationAction,TSGTCMNHCMLAUNCH_SERVICE,01.00.0000,TSGTCmnHcmLauncherFwk_Service,/InvokeLauncher,PRESEEDED_COLLOCATED_CONN_1741,launchHCMInboundLauncher,
TSGTSCHE_SAILPOIN_SERVICE_2_01.00.0000.iar.yaml,TSGTSCHE_SAILPOIN_SERVICE_2|01.00.0000,TSGTSCHE_SAILPOIN_SERVICE_2,TSGTScheduler_SailPoint_Service_2,01.00.0000,invokeHCMInboundLauncher(i2),IntegrationAction,TSGTCMNHCMLAUNCH_SERVICE,01.00.0000,TSGTCmnHcmLauncherFwk_Service,/InvokeLauncher,PRESEEDED_COLLOCATED_CONN_1741,invokeHCMInboundLauncher,
TSGTSCHE_SAILPOIN_SERVICE_2_01.00.0000.iar.yaml,TSGTSCHE_SAILPOIN_SERVICE_2|01.00.0000,TSGTSCHE_SAILPOIN_SERVICE_2,TSGTScheduler_SailPoint_Service_2,01.00.0000,getOutboundMetadataDetails(i1),Adapter_Invoke,,,,/FWKOUTBOUNDINTGMETADATA,TSGTRESTVBCSBO_CONN,getOutboundMetadataDetails,
TSGTSCHE_SAILPOIN_SERVICE_2_01.00.0000.iar.yaml,TSGTSCHE_SAILPOIN_SERVICE_2|01.00.0000,TSGTSCHE_SAILPOIN_SERVICE_2,TSGTScheduler_SailPoint_Service_2,01.00.0000,invokeCommonOutboundLauncher(i5),IntegrationAction,TSGTCMNHCMLAUNCH_SERVICE,01.00.0000,TSGTCmnHcmLauncherFwk_Service,/InvokeLauncher,PRESEEDED_COLLOCATED_CONN_1741,invokeCommonOutboundLauncher,
TSGTSCHE_SAILPOIN_SERVICE_2_01.00.0000.iar.yaml,TSGTSCHE_SAILPOIN_SERVICE_2|01.00.0000,TSGTSCHE_SAILPOIN_SERVICE_2,TSGTScheduler_SailPoint_Service_2,01.00.0000,callOutboundLauncher(i4),IntegrationAction,TSGTCMNHCMLAUNCH_SERVICE,01.00.0000,TSGTCmnHcmLauncherFwk_Service,/InvokeLauncher,PRESEEDED_COLLOCATED_CONN_1741,callOutboundLauncher,
TSGTSCHE_SAILPOIN_SERVICE_3_01.00.0000.iar.yaml,TSGTSCHE_SAILPOIN_SERVICE_3|01.00.0000,TSGTSCHE_SAILPOIN_SERVICE_3,TSGTScheduler_SailPoint_Service_3,01.00.0000,getInboundMetadataDetails(i0),Adapter_Invoke,,,,/FWKINBOUNDINTGMETADATA,TSGTRESTVBCSBO_CONN,getInboundMetadataDetails,
TSGTSCHE_SAILPOIN_SERVICE_3_01.00.0000.iar.yaml,TSGTSCHE_SAILPOIN_SERVICE_3|01.00.0000,TSGTSCHE_SAILPOIN_SERVICE_3,TSGTScheduler_SailPoint_Service_3,01.00.0000,launchHCMInboundLauncher(i3),IntegrationAction,TSGTCMNHCMLAUNCH_SERVICE,01.00.0000,TSGTCmnHcmLauncherFwk_Service,/InvokeLauncher,PRESEEDED_COLLOCATED_CONN_1741,launchHCMInboundLauncher,
TSGTSCHE_SAILPOIN_SERVICE_3_01.00.0000.iar.yaml,TSGTSCHE_SAILPOIN_SERVICE_3|01.00.0000,TSGTSCHE_SAILPOIN_SERVICE_3,TSGTScheduler_SailPoint_Service_3,01.00.0000,invokeHCMInboundLauncher(i2),IntegrationAction,TSGTCMNHCMLAUNCH_SERVICE,01.00.0000,TSGTCmnHcmLauncherFwk_Service,/InvokeLauncher,PRESEEDED_COLLOCATED_CONN_1741,invokeHCMInboundLauncher,
TSGTSCHE_SAILPOIN_SERVICE_3_01.00.0000.iar.yaml,TSGTSCHE_SAILPOIN_SERVICE_3|01.00.0000,TSGTSCHE_SAILPOIN_SERVICE_3,TSGTScheduler_SailPoint_Service_3,01.00.0000,getOutboundMetadataDetails(i1),Adapter_Invoke,,,,/FWKOUTBOUNDINTGMETADATA,TSGTRESTVBCSBO_CONN,getOutboundMetadataDetails,
TSGTSCHE_SAILPOIN_SERVICE_3_01.00.0000.iar.yaml,TSGTSCHE_SAILPOIN_SERVICE_3|01.00.0000,TSGTSCHE_SAILPOIN_SERVICE_3,TSGTScheduler_SailPoint_Service_3,01.00.0000,invokeCommonOutboundLauncher(i5),IntegrationAction,TSGTCMNHCMLAUNCH_SERVICE,01.00.0000,TSGTCmnHcmLauncherFwk_Service,/InvokeLauncher,PRESEEDED_COLLOCATED_CONN_1741,invokeCommonOutboundLauncher,
TSGTSCHE_SAILPOIN_SERVICE_3_01.00.0000.iar.yaml,TSGTSCHE_SAILPOIN_SERVICE_3|01.00.0000,TSGTSCHE_SAILPOIN_SERVICE_3,TSGTScheduler_SailPoint_Service_3,01.00.0000,callOutboundLauncher(i4),IntegrationAction,TSGTCMNHCMLAUNCH_SERVICE,01.00.0000,TSGTCmnHcmLauncherFwk_Service,/InvokeLauncher,PRESEEDED_COLLOCATED_CONN_1741,callOutboundLauncher,
TSGTSCH_COBRA_SERVICE_01.00.0000.iar.yaml,TSGTSCH_COBRA_SERVICE|01.00.0000,TSGTSCH_COBRA_SERVICE,TSGTScheduler_Cobra_Service,01.00.0000,getInboundMetadataDetails(i0),Adapter_Invoke,,,,/FWKINBOUNDINTGMETADATA,TSGTRESTVBCSBO_CONN,getInboundMetadataDetails,
TSGTSCH_COBRA_SERVICE_01.00.0000.iar.yaml,TSGTSCH_COBRA_SERVICE|01.00.0000,TSGTSCH_COBRA_SERVICE,TSGTScheduler_Cobra_Service,01.00.0000,launchHCMInboundLauncher(i3),IntegrationAction,TSGTCMNHCMLAUNCH_SERVICE,01.00.0000,TSGTCmnHcmLauncherFwk_Service,/InvokeLauncher,PRESEEDED_COLLOCATED_CONN_1741,launchHCMInboundLauncher,
TSGTSCH_COBRA_SERVICE_01.00.0000.iar.yaml,TSGTSCH_COBRA_SERVICE|01.00.0000,TSGTSCH_COBRA_SERVICE,TSGTScheduler_Cobra_Service,01.00.0000,invokeHCMInboundLauncher(i2),IntegrationAction,TSGTCMNHCMLAUNCH_SERVICE,01.00.0000,TSGTCmnHcmLauncherFwk_Service,/InvokeLauncher,PRESEEDED_COLLOCATED_CONN_1741,invokeHCMInboundLauncher,
TSGTSCH_COBRA_SERVICE_01.00.0000.iar.yaml,TSGTSCH_COBRA_SERVICE|01.00.0000,TSGTSCH_COBRA_SERVICE,TSGTScheduler_Cobra_Service,01.00.0000,getOutboundMetadataDetails(i1),Adapter_Invoke,,,,/FWKOUTBOUNDINTGMETADATA,TSGTRESTVBCSBO_CONN,getOutboundMetadataDetails,
TSGTSCH_COBRA_SERVICE_01.00.0000.iar.yaml,TSGTSCH_COBRA_SERVICE|01.00.0000,TSGTSCH_COBRA_SERVICE,TSGTScheduler_Cobra_Service,01.00.0000,invokeCommonOutboundLauncher(i5),IntegrationAction,TSGTCMNHCMLAUNCH_SERVICE,01.00.0000,TSGTCmnHcmLauncherFwk_Service,/InvokeLauncher,PRESEEDED_COLLOCATED_CONN_1741,invokeCommonOutboundLauncher,
TSGTSCH_COBRA_SERVICE_01.00.0000.iar.yaml,TSGTSCH_COBRA_SERVICE|01.00.0000,TSGTSCH_COBRA_SERVICE,TSGTScheduler_Cobra_Service,01.00.0000,callOutboundLauncher(i4),IntegrationAction,TSGTCMNHCMLAUNCH_SERVICE,01.00.0000,TSGTCmnHcmLauncherFwk_Service,/InvokeLauncher,PRESEEDED_COLLOCATED_CONN_1741,callOutboundLauncher,
TSGTSCH_DELTADENTAL_SERVICE_01.00.0000.iar.yaml,TSGTSCH_DELTADENTAL_SERVICE|01.00.0000,TSGTSCH_DELTADENTAL_SERVICE,TSGTScheduler_DeltaDental_Service,01.00.0000,getInboundMetadataDetails(i0),Adapter_Invoke,,,,/FWKINBOUNDINTGMETADATA,TSGTRESTVBCSBO_CONN,getInboundMetadataDetails,
TSGTSCH_DELTADENTAL_SERVICE_01.00.0000.iar.yaml,TSGTSCH_DELTADENTAL_SERVICE|01.00.0000,TSGTSCH_DELTADENTAL_SERVICE,TSGTScheduler_DeltaDental_Service,01.00.0000,launchHCMInboundLauncher(i3),IntegrationAction,TSGTCMNHCMLAUNCH_SERVICE,01.00.0000,TSGTCmnHcmLauncherFwk_Service,/InvokeLauncher,PRESEEDED_COLLOCATED_CONN_1741,launchHCMInboundLauncher,
TSGTSCH_DELTADENTAL_SERVICE_01.00.0000.iar.yaml,TSGTSCH_DELTADENTAL_SERVICE|01.00.0000,TSGTSCH_DELTADENTAL_SERVICE,TSGTScheduler_DeltaDental_Service,01.00.0000,invokeHCMInboundLauncher(i2),IntegrationAction,TSGTCMNHCMLAUNCH_SERVICE,01.00.0000,TSGTCmnHcmLauncherFwk_Service,/InvokeLauncher,PRESEEDED_COLLOCATED_CONN_1741,invokeHCMInboundLauncher,
TSGTSCH_DELTADENTAL_SERVICE_01.00.0000.iar.yaml,TSGTSCH_DELTADENTAL_SERVICE|01.00.0000,TSGTSCH_DELTADENTAL_SERVICE,TSGTScheduler_DeltaDental_Service,01.00.0000,getOutboundMetadataDetails(i1),Adapter_Invoke,,,,/FWKOUTBOUNDINTGMETADATA,TSGTRESTVBCSBO_CONN,getOutboundMetadataDetails,
TSGTSCH_DELTADENTAL_SERVICE_01.00.0000.iar.yaml,TSGTSCH_DELTADENTAL_SERVICE|01.00.0000,TSGTSCH_DELTADENTAL_SERVICE,TSGTScheduler_DeltaDental_Service,01.00.0000,invokeCommonOutboundLauncher(i5),IntegrationAction,TSGTCMNHCMLAUNCH_SERVICE,01.00.0000,TSGTCmnHcmLauncherFwk_Service,/InvokeLauncher,PRESEEDED_COLLOCATED_CONN_1741,invokeCommonOutboundLauncher,
TSGTSCH_DELTADENTAL_SERVICE_01.00.0000.iar.yaml,TSGTSCH_DELTADENTAL_SERVICE|01.00.0000,TSGTSCH_DELTADENTAL_SERVICE,TSGTScheduler_DeltaDental_Service,01.00.0000,callOutboundLauncher(i4),IntegrationAction,TSGTCMNHCMLAUNCH_SERVICE,01.00.0000,TSGTCmnHcmLauncherFwk_Service,/InvokeLauncher,PRESEEDED_COLLOCATED_CONN_1741,callOutboundLauncher,
TSGTSCH_KAISER_SERVICE_01.00.0000.iar.yaml,TSGTSCH_KAISER_SERVICE|01.00.0000,TSGTSCH_KAISER_SERVICE,TSGTScheduler_Kaiser_Service,01.00.0000,getInboundMetadataDetails(i0),Adapter_Invoke,,,,/FWKINBOUNDINTGMETADATA,TSGTRESTVBCSBO_CONN,getInboundMetadataDetails,
TSGTSCH_KAISER_SERVICE_01.00.0000.iar.yaml,TSGTSCH_KAISER_SERVICE|01.00.0000,TSGTSCH_KAISER_SERVICE,TSGTScheduler_Kaiser_Service,01.00.0000,launchHCMInboundLauncher(i3),IntegrationAction,TSGTCMNHCMLAUNCH_SERVICE,01.00.0000,TSGTCmnHcmLauncherFwk_Service,/InvokeLauncher,PRESEEDED_COLLOCATED_CONN_1741,launchHCMInboundLauncher,
TSGTSCH_KAISER_SERVICE_01.00.0000.iar.yaml,TSGTSCH_KAISER_SERVICE|01.00.0000,TSGTSCH_KAISER_SERVICE,TSGTScheduler_Kaiser_Service,01.00.0000,invokeHCMInboundLauncher(i2),IntegrationAction,TSGTCMNHCMLAUNCH_SERVICE,01.00.0000,TSGTCmnHcmLauncherFwk_Service,/InvokeLauncher,PRESEEDED_COLLOCATED_CONN_1741,invokeHCMInboundLauncher,
TSGTSCH_KAISER_SERVICE_01.00.0000.iar.yaml,TSGTSCH_KAISER_SERVICE|01.00.0000,TSGTSCH_KAISER_SERVICE,TSGTScheduler_Kaiser_Service,01.00.0000,getOutboundMetadataDetails(i1),Adapter_Invoke,,,,/FWKOUTBOUNDINTGMETADATA,TSGTRESTVBCSBO_CONN,getOutboundMetadataDetails,
TSGTSCH_KAISER_SERVICE_01.00.0000.iar.yaml,TSGTSCH_KAISER_SERVICE|01.00.0000,TSGTSCH_KAISER_SERVICE,TSGTScheduler_Kaiser_Service,01.00.0000,invokeCommonOutboundLauncher(i5),IntegrationAction,TSGTCMNHCMLAUNCH_SERVICE,01.00.0000,TSGTCmnHcmLauncherFwk_Service,/InvokeLauncher,PRESEEDED_COLLOCATED_CONN_1741,invokeCommonOutboundLauncher,
TSGTSCH_KAISER_SERVICE_01.00.0000.iar.yaml,TSGTSCH_KAISER_SERVICE|01.00.0000,TSGTSCH_KAISER_SERVICE,TSGTScheduler_Kaiser_Service,01.00.0000,callOutboundLauncher(i4),IntegrationAction,TSGTCMNHCMLAUNCH_SERVICE,01.00.0000,TSGTCmnHcmLauncherFwk_Service,/InvokeLauncher,PRESEEDED_COLLOCATED_CONN_1741,callOutboundLauncher,
TSGTSCH_OVERTIMETOSNAP_SERVICE_01.00.0000.iar.yaml,TSGTSCH_OVERTIMETOSNAP_SERVICE|01.00.0000,TSGTSCH_OVERTIMETOSNAP_SERVICE,TSGTScheduler_OverTimeToSnap_Service,01.00.0000,getInboundMetadataDetails(i0),Adapter_Invoke,,,,/FWKINBOUNDINTGMETADATA,TSGTRESTVBCSBO_CONN,getInboundMetadataDetails,
TSGTSCH_OVERTIMETOSNAP_SERVICE_01.00.0000.iar.yaml,TSGTSCH_OVERTIMETOSNAP_SERVICE|01.00.0000,TSGTSCH_OVERTIMETOSNAP_SERVICE,TSGTScheduler_OverTimeToSnap_Service,01.00.0000,launchHCMInboundLauncher(i3),IntegrationAction,TSGTCMNHCMLAUNCH_SERVICE,01.00.0000,TSGTCmnHcmLauncherFwk_Service,/InvokeLauncher,PRESEEDED_COLLOCATED_CONN_1741,launchHCMInboundLauncher,
TSGTSCH_OVERTIMETOSNAP_SERVICE_01.00.0000.iar.yaml,TSGTSCH_OVERTIMETOSNAP_SERVICE|01.00.0000,TSGTSCH_OVERTIMETOSNAP_SERVICE,TSGTScheduler_OverTimeToSnap_Service,01.00.0000,invokeHCMInboundLauncher(i2),IntegrationAction,TSGTCMNHCMLAUNCH_SERVICE,01.00.0000,TSGTCmnHcmLauncherFwk_Service,/InvokeLauncher,PRESEEDED_COLLOCATED_CONN_1741,invokeHCMInboundLauncher,
TSGTSCH_OVERTIMETOSNAP_SERVICE_01.00.0000.iar.yaml,TSGTSCH_OVERTIMETOSNAP_SERVICE|01.00.0000,TSGTSCH_OVERTIMETOSNAP_SERVICE,TSGTScheduler_OverTimeToSnap_Service,01.00.0000,getOutboundMetadataDetails(i1),Adapter_Invoke,,,,/FWKOUTBOUNDINTGMETADATA,TSGTRESTVBCSBO_CONN,getOutboundMetadataDetails,
TSGTSCH_OVERTIMETOSNAP_SERVICE_01.00.0000.iar.yaml,TSGTSCH_OVERTIMETOSNAP_SERVICE|01.00.0000,TSGTSCH_OVERTIMETOSNAP_SERVICE,TSGTScheduler_OverTimeToSnap_Service,01.00.0000,invokeCommonOutboundLauncher(i5),IntegrationAction,TSGTCMNHCMLAUNCH_SERVICE,01.00.0000,TSGTCmnHcmLauncherFwk_Service,/InvokeLauncher,PRESEEDED_COLLOCATED_CONN_1741,invokeCommonOutboundLauncher,
TSGTSCH_OVERTIMETOSNAP_SERVICE_01.00.0000.iar.yaml,TSGTSCH_OVERTIMETOSNAP_SERVICE|01.00.0000,TSGTSCH_OVERTIMETOSNAP_SERVICE,TSGTScheduler_OverTimeToSnap_Service,01.00.0000,callOutboundLauncher(i4),IntegrationAction,TSGTCMNHCMLAUNCH_SERVICE,01.00.0000,TSGTCmnHcmLauncherFwk_Service,/InvokeLauncher,PRESEEDED_COLLOCATED_CONN_1741,callOutboundLauncher,
TSGTSCH_VSP_SERVICE_01.00.0000.iar.yaml,TSGTSCH_VSP_SERVICE|01.00.0000,TSGTSCH_VSP_SERVICE,TSGTScheduler_VSP_Service,01.00.0000,getInboundMetadataDetails(i0),Adapter_Invoke,,,,/FWKINBOUNDINTGMETADATA,TSGTRESTVBCSBO_CONN,getInboundMetadataDetails,
TSGTSCH_VSP_SERVICE_01.00.0000.iar.yaml,TSGTSCH_VSP_SERVICE|01.00.0000,TSGTSCH_VSP_SERVICE,TSGTScheduler_VSP_Service,01.00.0000,launchHCMInboundLauncher(i3),IntegrationAction,TSGTCMNHCMLAUNCH_SERVICE,01.00.0000,TSGTCmnHcmLauncherFwk_Service,/InvokeLauncher,PRESEEDED_COLLOCATED_CONN_1741,launchHCMInboundLauncher,
TSGTSCH_VSP_SERVICE_01.00.0000.iar.yaml,TSGTSCH_VSP_SERVICE|01.00.0000,TSGTSCH_VSP_SERVICE,TSGTScheduler_VSP_Service,01.00.0000,invokeHCMInboundLauncher(i2),IntegrationAction,TSGTCMNHCMLAUNCH_SERVICE,01.00.0000,TSGTCmnHcmLauncherFwk_Service,/InvokeLauncher,PRESEEDED_COLLOCATED_CONN_1741,invokeHCMInboundLauncher,
TSGTSCH_VSP_SERVICE_01.00.0000.iar.yaml,TSGTSCH_VSP_SERVICE|01.00.0000,TSGTSCH_VSP_SERVICE,TSGTScheduler_VSP_Service,01.00.0000,getOutboundMetadataDetails(i1),Adapter_Invoke,,,,/FWKOUTBOUNDINTGMETADATA,TSGTRESTVBCSBO_CONN,getOutboundMetadataDetails,
TSGTSCH_VSP_SERVICE_01.00.0000.iar.yaml,TSGTSCH_VSP_SERVICE|01.00.0000,TSGTSCH_VSP_SERVICE,TSGTScheduler_VSP_Service,01.00.0000,invokeCommonOutboundLauncher(i5),IntegrationAction,TSGTCMNHCMLAUNCH_SERVICE,01.00.0000,TSGTCmnHcmLauncherFwk_Service,/InvokeLauncher,PRESEEDED_COLLOCATED_CONN_1741,invokeCommonOutboundLauncher,
TSGTSCH_VSP_SERVICE_01.00.0000.iar.yaml,TSGTSCH_VSP_SERVICE|01.00.0000,TSGTSCH_VSP_SERVICE,TSGTScheduler_VSP_Service,01.00.0000,callOutboundLauncher(i4),IntegrationAction,TSGTCMNHCMLAUNCH_SERVICE,01.00.0000,TSGTCmnHcmLauncherFwk_Service,/InvokeLauncher,PRESEEDED_COLLOCATED_CONN_1741,callOutboundLauncher,
TSGTSUBSCRIBEAUD_SERVICE_01.00.0000.iar.yaml,TSGTSUBSCRIBEAUD_SERVICE|01.00.0000,TSGTSUBSCRIBEAUD_SERVICE,TSGTSubscribeAuditing_Service,01.00.0000,CallAuditingProcess(i0),RESTToOIC,TSGTAUDITINGPROC_SERVICE,1.0,TSGTAuditingProcess_Service,/api/integration/v1/flows/rest/TSGTAUDITINGPROC_SERVICE/1.0/auditing,TSGTRESTOICINVOK_CONN,CallAuditingProcess,
TSGTSUBSCRIBEEMPLOYEES4BCP_02.00.0000.iar.yaml,TSGTSUBSCRIBEEMPLOYEES4BCP|02.00.0000,TSGTSUBSCRIBEEMPLOYEES4BCP,TSGTSubscribeEmployees4BCP,02.00.0000,GetConfigs(i0),RESTToOIC,TSGTGETCONFIGS_SERVICE,1.0,TSGTGetConfigs_Service,/api/integration/v1/flows/rest/TSGTGETCONFIGS_SERVICE/1.0/configs,TSGTRESTOICINVOK_CONN,GetConfigs,
TSGTSUBSCRIBEEMPLOYEES4BCP_02.00.0000.iar.yaml,TSGTSUBSCRIBEEMPLOYEES4BCP|02.00.0000,TSGTSUBSCRIBEEMPLOYEES4BCP,TSGTSubscribeEmployees4BCP,02.00.0000,PublishEmployee(i1),RESTToOIC,TSGTEMPLOYEESBCPPROCESS,2.0,TSGTEmployeesBCPProcess,/api/integration/v1/flows/rest/TSGTEMPLOYEESBCPPROCESS/2.0/employeeOutbound,TSGTRESTOICINVOK_CONN,PublishEmployee,
TSGTSUBSCRIBEEMPLOYEES4CORITY_02.00.0000.iar.yaml,TSGTSUBSCRIBEEMPLOYEES4CORITY|02.00.0000,TSGTSUBSCRIBEEMPLOYEES4CORITY,TSGTSubscribeEmployees4Cority,02.00.0000,PublishEmployees(i0),RESTToOIC,TSGTEMPLOYEESCORITYPROCESS,2.0,TSGTEmployeesCorityProcess,/api/integration/v1/flows/rest/TSGTEMPLOYEESCORITYPROCESS/2.0/employeeOutbound,TSGTRESTOICINVOK_CONN,PublishEmployees,
TSGTSUBSCRIBEEMPLOYEES4FIDELITY_02.00.0000.iar.yaml,TSGTSUBSCRIBEEMPLOYEES4FIDELITY|02.00.0000,TSGTSUBSCRIBEEMPLOYEES4FIDELITY,TSGTSubscribeEmployees4Fidelity,02.00.0000,PublishEmployees(i0),RESTToOIC,TSGTEMPLOYEESFIDELITYPROCESS,2.0,TSGTEmployeesFidelityProcess,/api/integration/v1/flows/rest/TSGTEMPLOYEESFIDELITYPROCESS/2.0/employeeOutbound,TSGTRESTOICINVOK_CONN,PublishEmployees,
TSGTUPDATECONFIG_SERVICE_01.02.0001.iar.yaml,TSGTUPDATECONFIG_SERVICE|01.02.0001,TSGTUPDATECONFIG_SERVICE,TSGTUpdateConfigs_Service,01.02.0001,GetConfig(i0),Adapter_Invoke,,,,/builder/rt/InterfaceConfigs/live/resources/data/Config,TSGTRESTOICINVOK_CONN,GetConfig,
TSGTUPDATECONFIG_SERVICE_01.02.0001.iar.yaml,TSGTUPDATECONFIG_SERVICE|01.02.0001,TSGTUPDATECONFIG_SERVICE,TSGTUpdateConfigs_Service,01.02.0001,UpdateConfig(i2),Adapter_Invoke,,,,/builder/rt/InterfaceConfigs/live/resources/data/Config/{configId},TSGTRESTOICINVOK_CONN,UpdateConfig,
TSGTUPDATECONFIG_SERVICE_01.02.0001.iar.yaml,TSGTUPDATECONFIG_SERVICE|01.02.0001,TSGTUPDATECONFIG_SERVICE,TSGTUpdateConfigs_Service,01.02.0001,CreateConfig(i3),Adapter_Invoke,,,,/builder/rt/InterfaceConfigs/live/resources/data/Config,TSGTRESTOICINVOK_CONN,CreateConfig,
TSGTUPDATECONFIG_SERVICE_01.02.0001.iar.yaml,TSGTUPDATECONFIG_SERVICE|01.02.0001,TSGTUPDATECONFIG_SERVICE,TSGTUpdateConfigs_Service,01.02.0001,PublishAuditing(i1),IntegrationAction,AUDITINGINBOUND,01.00.0000,,/auditing,PRESEEDED_COLLOCATED_CONN_1741,PublishAuditing,
TSGTWACSMI_INTGSERVIC_IB_01.00.0000.iar.yaml,TSGTWACSMI_INTGSERVIC_IB|01.00.0000,TSGTWACSMI_INTGSERVIC_IB,TSGTWACSMiscCostImport_IntgService_IB,01.00.0000,GetMetadataFromBO(i3),Adapter_Invoke,,,,/FWKINBOUNDINTGMETADATA,TSGTRESTVBCSBO_CONN,GetMetadataFromBO,
TSGTWACSMI_INTGSERVIC_IB_01.00.0000.iar.yaml,TSGTWACSMI_INTGSERVIC_IB|01.00.0000,TSGTWACSMI_INTGSERVIC_IB,TSGTWACSMiscCostImport_IntgService_IB,01.00.0000,InvokeCommonLauncher(i0),IntegrationAction,TSGTCMNLAUNCHERF_SERVICE,01.00.0000,TSGTCmnLauncherFwk_Service,/invokeLauncher,PRESEEDED_COLLOCATED_CONN_1741,InvokeCommonLauncher,
TSGTWACSMI_INTGSERVIC_IB_01.00.0000.iar.yaml,TSGTWACSMI_INTGSERVIC_IB|01.00.0000,TSGTWACSMI_INTGSERVIC_IB,TSGTWACSMiscCostImport_IntgService_IB,01.00.0000,SendNotification(i1),IntegrationAction,TSGTCMNNOTIFICAT_SERVICE,01.00.0000,TSGTCmnNotificationFwk_Service,/Notify,PRESEEDED_COLLOCATED_CONN_1741,SendNotification,
TSGT_ASSE_SYNC_FROM_WACS_TO_POWE_01.01.0001.iar.yaml,TSGT_ASSE_SYNC_FROM_WACS_TO_POWE|01.01.0001,TSGT_ASSE_SYNC_FROM_WACS_TO_POWE,TSGT Asset Sync From WACS To Powerbase,01.01.0001,getSessionToken(i1),IntegrationAction,TSGT_POWERB_SESSIO_UTILIT_SERVIC,01.00.0000,TSGT Powerbase Session Utility Service,/getSession,PRESEEDED_COLLOCATED_CONN_1741,getSessionToken,
TSGT_ASSE_SYNC_FROM_WACS_TO_POWE_01.01.0001.iar.yaml,TSGT_ASSE_SYNC_FROM_WACS_TO_POWE|01.01.0001,TSGT_ASSE_SYNC_FROM_WACS_TO_POWE,TSGT Asset Sync From WACS To Powerbase,01.01.0001,postDeviceInPowerbase(i0),Adapter_Invoke,,,,/PostDevice,TSGT_POWERBASE_REST,postDeviceInPowerbase,
TSGT_ASSE_SYNC_FROM_WACS_TO_POWE_01.01.0001.iar.yaml,TSGT_ASSE_SYNC_FROM_WACS_TO_POWE|01.01.0001,TSGT_ASSE_SYNC_FROM_WACS_TO_POWE,TSGT Asset Sync From WACS To Powerbase,01.01.0001,updateDeviceInPowerbase(i3),Adapter_Invoke,,,,/UpdateDevice,TSGT_POWERBASE_REST,updateDeviceInPowerbase,
TSGT_ASSE_SYNC_FROM_WACS_TO_POWE_01.01.0001.iar.yaml,TSGT_ASSE_SYNC_FROM_WACS_TO_POWE|01.01.0001,TSGT_ASSE_SYNC_FROM_WACS_TO_POWE,TSGT Asset Sync From WACS To Powerbase,01.01.0001,errorNotificationinDeviceCreateOrUpdate(i5),IntegrationAction,TSGT_ENTERPRISENOTIFI,01.00.0000,TSGT EnterpriseNotificationService,/send,PRESEEDED_COLLOCATED_CONN_1741,errorNotificationinDeviceCreateOrUpdate,
TSGT_ASSE_SYNC_FROM_WACS_TO_POWE_01.01.0001.iar.yaml,TSGT_ASSE_SYNC_FROM_WACS_TO_POWE|01.01.0001,TSGT_ASSE_SYNC_FROM_WACS_TO_POWE,TSGT Asset Sync From WACS To Powerbase,01.01.0001,closeSessionInPowerbase(i6),IntegrationAction,TSGT_POWERB_SESSIO_UTILIT_SERVIC,01.00.0000,TSGT Powerbase Session Utility Service,/closeSession,PRESEEDED_COLLOCATED_CONN_1741,closeSessionInPowerbase,
TSGT_ASSE_SYNC_FROM_WACS_TO_POWE_01.01.0001.iar.yaml,TSGT_ASSE_SYNC_FROM_WACS_TO_POWE|01.01.0001,TSGT_ASSE_SYNC_FROM_WACS_TO_POWE,TSGT Asset Sync From WACS To Powerbase,01.01.0001,closeSession(i2),IntegrationAction,TSGT_POWERB_SESSIO_UTILIT_SERVIC,01.00.0000,TSGT Powerbase Session Utility Service,/closeSession,PRESEEDED_COLLOCATED_CONN_1741,closeSession,
TSGT_ASSE_SYNC_FROM_WACS_TO_POWE_01.01.0001.iar.yaml,TSGT_ASSE_SYNC_FROM_WACS_TO_POWE|01.01.0001,TSGT_ASSE_SYNC_FROM_WACS_TO_POWE,TSGT Asset Sync From WACS To Powerbase,01.01.0001,sendNotification(i4),IntegrationAction,TSGT_ENTERPRISENOTIFI,01.00.0000,TSGT EnterpriseNotificationService,/send,PRESEEDED_COLLOCATED_CONN_1741,sendNotification,
TSGT_BULK_PAYM_SYNC_ERP_TO_WACS_01.00.0001.iar.yaml,TSGT_BULK_PAYM_SYNC_ERP_TO_WACS|01.00.0001,TSGT_BULK_PAYM_SYNC_ERP_TO_WACS,TSGT Bulk Payments Sync ERP to WACS,01.00.0001,listFilesFromSFTP(i0),Adapter_Invoke,,,,,TSGTFTP_CONN,listFilesFromSFTP,
TSGT_BULK_PAYM_SYNC_ERP_TO_WACS_01.00.0001.iar.yaml,TSGT_BULK_PAYM_SYNC_ERP_TO_WACS|01.00.0001,TSGT_BULK_PAYM_SYNC_ERP_TO_WACS,TSGT Bulk Payments Sync ERP to WACS,01.00.0001,readEachFileFromSFTP(i1),Adapter_Invoke,,,,,TSGTFTP_CONN,readEachFileFromSFTP,
TSGT_BULK_PAYM_SYNC_ERP_TO_WACS_01.00.0001.iar.yaml,TSGT_BULK_PAYM_SYNC_ERP_TO_WACS|01.00.0001,TSGT_BULK_PAYM_SYNC_ERP_TO_WACS,TSGT Bulk Payments Sync ERP to WACS,01.00.0001,invokeWACSIWS(i7),Adapter_Invoke,,,,https://us-phoenix-1.utilities-cloud.oracleindustry.com:443/c2g65p/prod/wac/rest/apis/asset/purchasing/invoiceSynchronization/,OUTL-BRT-REST-WACS_WACSFPRC,invokeWACSIWS,
TSGT_BULK_PAYM_SYNC_ERP_TO_WACS_01.00.0001.iar.yaml,TSGT_BULK_PAYM_SYNC_ERP_TO_WACS|01.00.0001,TSGT_BULK_PAYM_SYNC_ERP_TO_WACS,TSGT Bulk Payments Sync ERP to WACS,01.00.0001,moveFileToErrorDirectory(i2),Adapter_Invoke,,,,,TSGTFTP_CONN,moveFileToErrorDirectory,
TSGT_BULK_PAYM_SYNC_ERP_TO_WACS_01.00.0001.iar.yaml,TSGT_BULK_PAYM_SYNC_ERP_TO_WACS|01.00.0001,TSGT_BULK_PAYM_SYNC_ERP_TO_WACS,TSGT Bulk Payments Sync ERP to WACS,01.00.0001,sendErrorNotification(i4),IntegrationAction,TSGT_ENTERPRISENOTIFI,01.00.0000,TSGT EnterpriseNotificationService,/send,PRESEEDED_COLLOCATED_CONN_1741,sendErrorNotification,
TSGT_BULK_PAYM_SYNC_ERP_TO_WACS_01.00.0001.iar.yaml,TSGT_BULK_PAYM_SYNC_ERP_TO_WACS|01.00.0001,TSGT_BULK_PAYM_SYNC_ERP_TO_WACS,TSGT Bulk Payments Sync ERP to WACS,01.00.0001,moveFileToArchiveDirectory(i3),Adapter_Invoke,,,,,TSGTFTP_CONN,moveFileToArchiveDirectory,
TSGT_BULK_PAYM_SYNC_ERP_TO_WACS_01.00.0001.iar.yaml,TSGT_BULK_PAYM_SYNC_ERP_TO_WACS|01.00.0001,TSGT_BULK_PAYM_SYNC_ERP_TO_WACS,TSGT Bulk Payments Sync ERP to WACS,01.00.0001,sendNotification(i5),IntegrationAction,TSGT_ENTERPRISENOTIFI,01.00.0000,TSGT EnterpriseNotificationService,/send,PRESEEDED_COLLOCATED_CONN_1741,sendNotification,
TSGT_BULK_PAYM_SYNC_ERP_TO_WACS_01.00.0001.iar.yaml,TSGT_BULK_PAYM_SYNC_ERP_TO_WACS|01.00.0001,TSGT_BULK_PAYM_SYNC_ERP_TO_WACS,TSGT Bulk Payments Sync ERP to WACS,01.00.0001,sendNotifications(i6),IntegrationAction,TSGT_ENTERPRISENOTIFI,01.00.0000,TSGT EnterpriseNotificationService,/send,PRESEEDED_COLLOCATED_CONN_1741,sendNotifications,
TSGT_CAPITA_BURDEN_CALLBA_PROCES_01.00.0000.iar.yaml,TSGT_CAPITA_BURDEN_CALLBA_PROCES|01.00.0000,TSGT_CAPITA_BURDEN_CALLBA_PROCES,TSGT Capitalizable Burden Callback Process,01.00.0000,CallBIPrepforrecordcounts(i1),Adapter_Invoke,,,,,TSGTSOAPERPBIP_CONN,CallBIPrepforrecordcounts,
TSGT_CAPITA_BURDEN_CALLBA_PROCES_01.00.0000.iar.yaml,TSGT_CAPITA_BURDEN_CALLBA_PROCES|01.00.0000,TSGT_CAPITA_BURDEN_CALLBA_PROCES,TSGT Capitalizable Burden Callback Process,01.00.0000,downloadexpidfilefromFTP(i0),Adapter_Invoke,,,,,TSGTFTP_CONN,downloadexpidfilefromFTP,
TSGT_CAPITA_BURDEN_CALLBA_PROCES_01.00.0000.iar.yaml,TSGT_CAPITA_BURDEN_CALLBA_PROCES|01.00.0000,TSGT_CAPITA_BURDEN_CALLBA_PROCES,TSGT Capitalizable Burden Callback Process,01.00.0000,updateexpitemdff(i2),Adapter_Invoke,,,,,TSGTERPCLOUD_CONN,updateexpitemdff,
TSGT_CAPITA_BURDEN_CALLBA_PROCES_01.00.0000.iar.yaml,TSGT_CAPITA_BURDEN_CALLBA_PROCES|01.00.0000,TSGT_CAPITA_BURDEN_CALLBA_PROCES,TSGT Capitalizable Burden Callback Process,01.00.0000,runsuccessreportbybatch(i3),Adapter_Invoke,,,,,TSGTSOAPERPBIP_CONN,runsuccessreportbybatch,
TSGT_CAPITA_BURDEN_CALLBA_PROCES_01.00.0000.iar.yaml,TSGT_CAPITA_BURDEN_CALLBA_PROCES|01.00.0000,TSGT_CAPITA_BURDEN_CALLBA_PROCES,TSGT Capitalizable Burden Callback Process,01.00.0000,rungeneratereport(i4),Adapter_Invoke,,,,,TSGTSOAPERPBIP_CONN,rungeneratereport,
TSGT_CREA_ATTA_IN_WACS_FOR_SMAR__01.00.0001.iar.yaml,TSGT_CREA_ATTA_IN_WACS_FOR_SMAR_|01.00.0001,TSGT_CREA_ATTA_IN_WACS_FOR_SMAR_,TSGT Create Attachments in WACS For SmartForm Comp,01.00.0001,getAttachmentData(i0),Adapter_Invoke,,,,/,TSGT_OFSC_REST_FOR_WACS_OFSC,getAttachmentData,
TSGT_CREA_ATTA_IN_WACS_FOR_SMAR__01.00.0001.iar.yaml,TSGT_CREA_ATTA_IN_WACS_FOR_SMAR_|01.00.0001,TSGT_CREA_ATTA_IN_WACS_FOR_SMAR_,TSGT Create Attachments in WACS For SmartForm Comp,01.00.0001,createAttachementInWACS(i1),Adapter_Invoke,,,,https://us-phoenix-1.utilities-cloud.oracleindustry.com:443/c2g65p/prod/wac/rest/apis/cm/general/createAttachment/,ORAC_UTIL_REST_WACS_FOR_OFSC_WAC,createAttachementInWACS,
TSGT_CREA_ATTA_IN_WACS_FOR_SMAR__01.00.0001.iar.yaml,TSGT_CREA_ATTA_IN_WACS_FOR_SMAR_|01.00.0001,TSGT_CREA_ATTA_IN_WACS_FOR_SMAR_,TSGT Create Attachments in WACS For SmartForm Comp,01.00.0001,createURLAttachmentInWACS(i2),Adapter_Invoke,,,,https://us-phoenix-1.utilities-cloud.oracleindustry.com:443/c2g65p/prod/wac/rest/apis/cm/general/attachment/,ORAC_UTIL_REST_WACS_FOR_OFSC_WAC,createURLAttachmentInWACS,
TSGT_DELET_FILE_FROM_OIC_SFTP_01.00.0000.iar.yaml,TSGT_DELET_FILE_FROM_OIC_SFTP|01.00.0000,TSGT_DELET_FILE_FROM_OIC_SFTP,TSGT Delete File from OIC SFTP,01.00.0000,ListFolder(i1),Adapter_Invoke,,,,,TSGTFTP_CONN,ListFolder,
TSGT_DELET_FILE_FROM_OIC_SFTP_01.00.0000.iar.yaml,TSGT_DELET_FILE_FROM_OIC_SFTP|01.00.0000,TSGT_DELET_FILE_FROM_OIC_SFTP,TSGT Delete File from OIC SFTP,01.00.0000,DeleteFile(i0),Adapter_Invoke,,,,,TSGTFTP_CONN,DeleteFile,
TSGT_DEVIC_SYNC_POWER_TO_WACS_01.01.0001.iar.yaml,TSGT_DEVIC_SYNC_POWER_TO_WACS|01.01.0001,TSGT_DEVIC_SYNC_POWER_TO_WACS,TSGT Devices Sync Powerbase To WACS,01.01.0001,getLookUpData(i2),Adapter_Invoke,,,,/api/integration/v1/lookups/{name}/archive,TSGTRESTOI_CONN_WACS,getLookUpData,
TSGT_DEVIC_SYNC_POWER_TO_WACS_01.01.0001.iar.yaml,TSGT_DEVIC_SYNC_POWER_TO_WACS|01.01.0001,TSGT_DEVIC_SYNC_POWER_TO_WACS,TSGT Devices Sync Powerbase To WACS,01.01.0001,CreateSession(i0),IntegrationAction,TSGT_POWERB_SESSIO_UTILIT_SERVIC,01.00.0000,TSGT Powerbase Session Utility Service,/getSession,PRESEEDED_COLLOCATED_CONN_1741,CreateSession,
TSGT_DEVIC_SYNC_POWER_TO_WACS_01.01.0001.iar.yaml,TSGT_DEVIC_SYNC_POWER_TO_WACS|01.01.0001,TSGT_DEVIC_SYNC_POWER_TO_WACS,TSGT Devices Sync Powerbase To WACS,01.01.0001,getDevicesFromPowerbase(i1),Adapter_Invoke,,,,/GetDevices,TSGT_POWERBASE_REST,getDevicesFromPowerbase,
TSGT_DEVIC_SYNC_POWER_TO_WACS_01.01.0001.iar.yaml,TSGT_DEVIC_SYNC_POWER_TO_WACS|01.01.0001,TSGT_DEVIC_SYNC_POWER_TO_WACS,TSGT Devices Sync Powerbase To WACS,01.01.0001,createAssetInWACS(i6),Adapter_Invoke,,,,https://us-phoenix-1.stg.utilities-cloud.oracleindustry.com:443/c2g65p/test/wac/rest/apis/cm/resources/assetSynchronization/,OUTL-BRT-REST-WACS_WACSERPPIM,createAssetInWACS,
TSGT_DEVIC_SYNC_POWER_TO_WACS_01.01.0001.iar.yaml,TSGT_DEVIC_SYNC_POWER_TO_WACS|01.01.0001,TSGT_DEVIC_SYNC_POWER_TO_WACS,TSGT Devices Sync Powerbase To WACS,01.01.0001,updateWACSAssetIDInPowerbase(i8),Adapter_Invoke,,,,/UpdateDevice,TSGT_POWERBASE_REST,updateWACSAssetIDInPowerbase,
TSGT_DEVIC_SYNC_POWER_TO_WACS_01.01.0001.iar.yaml,TSGT_DEVIC_SYNC_POWER_TO_WACS|01.01.0001,TSGT_DEVIC_SYNC_POWER_TO_WACS,TSGT Devices Sync Powerbase To WACS,01.01.0001,updatePowerbaseDeviceStatusToError(i9),Adapter_Invoke,,,,/UpdateDevice,TSGT_POWERBASE_REST,updatePowerbaseDeviceStatusToError,
TSGT_DEVIC_SYNC_POWER_TO_WACS_01.01.0001.iar.yaml,TSGT_DEVIC_SYNC_POWER_TO_WACS|01.01.0001,TSGT_DEVIC_SYNC_POWER_TO_WACS,TSGT Devices Sync Powerbase To WACS,01.01.0001,sendErrorNotif(i7),IntegrationAction,TSGT_ENTERPRISENOTIFI,01.00.0000,TSGT EnterpriseNotificationService,/send,PRESEEDED_COLLOCATED_CONN_1741,sendErrorNotif,
TSGT_DEVIC_SYNC_POWER_TO_WACS_01.01.0001.iar.yaml,TSGT_DEVIC_SYNC_POWER_TO_WACS|01.01.0001,TSGT_DEVIC_SYNC_POWER_TO_WACS,TSGT Devices Sync Powerbase To WACS,01.01.0001,sendErrorNotification(i3),IntegrationAction,TSGT_ENTERPRISENOTIFI,01.00.0000,TSGT EnterpriseNotificationService,/send,PRESEEDED_COLLOCATED_CONN_1741,sendErrorNotification,
TSGT_DEVIC_SYNC_POWER_TO_WACS_01.01.0001.iar.yaml,TSGT_DEVIC_SYNC_POWER_TO_WACS|01.01.0001,TSGT_DEVIC_SYNC_POWER_TO_WACS,TSGT Devices Sync Powerbase To WACS,01.01.0001,closeSession(i4),IntegrationAction,TSGT_POWERB_SESSIO_UTILIT_SERVIC,01.00.0000,TSGT Powerbase Session Utility Service,/closeSession,PRESEEDED_COLLOCATED_CONN_1741,closeSession,
TSGT_DEVIC_SYNC_POWER_TO_WACS_01.01.0001.iar.yaml,TSGT_DEVIC_SYNC_POWER_TO_WACS|01.01.0001,TSGT_DEVIC_SYNC_POWER_TO_WACS,TSGT Devices Sync Powerbase To WACS,01.01.0001,sendErrNotification(i5),IntegrationAction,TSGT_ENTERPRISENOTIFI,01.00.0000,TSGT EnterpriseNotificationService,/send,PRESEEDED_COLLOCATED_CONN_1741,sendErrNotification,
TSGT_GET_PDF_REPO_TOA_TO_WACS_01.00.0000.iar.yaml,TSGT_GET_PDF_REPO_TOA_TO_WACS|01.00.0000,TSGT_GET_PDF_REPO_TOA_TO_WACS,TSGT Get PDF Report TOA To WACS,01.00.0000,getReportFromTOA4(i0),Adapter_Invoke,,,,/toa/rpc/report/all_tests,TOARESTADAPTER,getReportFromTOA4,
TSGT_GET_PDF_REPO_TOA_TO_WACS_01.00.0000.iar.yaml,TSGT_GET_PDF_REPO_TOA_TO_WACS|01.00.0000,TSGT_GET_PDF_REPO_TOA_TO_WACS,TSGT Get PDF Report TOA To WACS,01.00.0000,sendNotification(i1),IntegrationAction,TSGT_ENTERPRISENOTIFI,01.00.0000,TSGT EnterpriseNotificationService,/send,PRESEEDED_COLLOCATED_CONN_1741,sendNotification,
TSGT_HCM_PRJ_PER_RATE_SCH_PPM_CA_01.01.0000.iar.yaml,TSGT_HCM_PRJ_PER_RATE_SCH_PPM_CA|01.01.0000,TSGT_HCM_PRJ_PER_RATE_SCH_PPM_CA,TSGT HCM Prj Per Rate Sch PPM Callback,01.01.0000,RunBIPReport(i1),Adapter_Invoke,,,,,TSGTSOAPERPBIP_CONN,RunBIPReport,
TSGT_HCM_PRJ_PER_RATE_SCH_PPM_CA_01.01.0000.iar.yaml,TSGT_HCM_PRJ_PER_RATE_SCH_PPM_CA|01.01.0000,TSGT_HCM_PRJ_PER_RATE_SCH_PPM_CA,TSGT HCM Prj Per Rate Sch PPM Callback,01.01.0000,DownloadReportXMLData(i2),Adapter_Invoke,,,,/erpintegrations,TSGT_ERP_SCM_REST_FOR_WACS_ERP,DownloadReportXMLData,
TSGT_HCM_PRJ_PER_RATE_SCH_PPM_CA_01.01.0000.iar.yaml,TSGT_HCM_PRJ_PER_RATE_SCH_PPM_CA|01.01.0000,TSGT_HCM_PRJ_PER_RATE_SCH_PPM_CA,TSGT HCM Prj Per Rate Sch PPM Callback,01.01.0000,GeneratePDFReport(i3),Adapter_Invoke,,,,,TSGTSOAPERPBIP_CONN,GeneratePDFReport,
TSGT_HCM_PRJ_PER_RATE_SCH_PPM_CA_01.01.0000.iar.yaml,TSGT_HCM_PRJ_PER_RATE_SCH_PPM_CA|01.01.0000,TSGT_HCM_PRJ_PER_RATE_SCH_PPM_CA,TSGT HCM Prj Per Rate Sch PPM Callback,01.01.0000,ExtractDocument(i0),Adapter_Invoke,,,,,TSGTERPCLOUD_CONN,ExtractDocument,
TSGT_HCM_PROJ_PERS_RATE_SCHE_P_1_01.00.0001.iar.yaml,TSGT_HCM_PROJ_PERS_RATE_SCHE_P_1|01.00.0001,TSGT_HCM_PROJ_PERS_RATE_SCHE_P_1,TSGT HCM Project Person Rate Schedule PPM OPS,01.00.0001,Invoke_Report(i0),Adapter_Invoke,,,,,TSGTSOAPERPBIP_CONN,Invoke_Report,
TSGT_HCM_PROJ_PERS_RATE_SCHE_P_1_01.00.0001.iar.yaml,TSGT_HCM_PROJ_PERS_RATE_SCHE_P_1|01.00.0001,TSGT_HCM_PROJ_PERS_RATE_SCHE_P_1,TSGT HCM Project Person Rate Schedule PPM OPS,01.00.0001,ImportProjectRateSchERPCloud(i1),Adapter_Invoke,,,,,TSGTERPCLOUD_CONN,ImportProjectRateSchERPCloud,
TSGT_HCM_PROJ_PERS_RATE_SCHE_P_2_01.00.0001.iar.yaml,TSGT_HCM_PROJ_PERS_RATE_SCHE_P_2|01.00.0001,TSGT_HCM_PROJ_PERS_RATE_SCHE_P_2,TSGT HCM Project Person Rate Schedule PPM Mining,01.00.0001,Invoke_Report(i0),Adapter_Invoke,,,,,TSGTSOAPERPBIP_CONN,Invoke_Report,
TSGT_HCM_PROJ_PERS_RATE_SCHE_P_2_01.00.0001.iar.yaml,TSGT_HCM_PROJ_PERS_RATE_SCHE_P_2|01.00.0001,TSGT_HCM_PROJ_PERS_RATE_SCHE_P_2,TSGT HCM Project Person Rate Schedule PPM Mining,01.00.0001,ImportProjectRateSchERPCloud(i1),Adapter_Invoke,,,,,TSGTERPCLOUD_CONN,ImportProjectRateSchERPCloud,
TSGT_LABO_COST_ADJU_SYNCPPMTOWAC_01.00.0001.iar.yaml,TSGT_LABO_COST_ADJU_SYNCPPMTOWAC|01.00.0001,TSGT_LABO_COST_ADJU_SYNCPPMTOWAC,TSGT Labor Cost Adjustment Sync PPM To WACS,01.00.0001,listFileInFTP(i0),Adapter_Invoke,,,,,TSGTFTP_CONN,listFileInFTP,
TSGT_LABO_COST_ADJU_SYNCPPMTOWAC_01.00.0001.iar.yaml,TSGT_LABO_COST_ADJU_SYNCPPMTOWAC|01.00.0001,TSGT_LABO_COST_ADJU_SYNCPPMTOWAC,TSGT Labor Cost Adjustment Sync PPM To WACS,01.00.0001,readFileFromSFTP(i1),Adapter_Invoke,,,,,TSGTFTP_CONN,readFileFromSFTP,
TSGT_LABO_COST_ADJU_SYNCPPMTOWAC_01.00.0001.iar.yaml,TSGT_LABO_COST_ADJU_SYNCPPMTOWAC|01.00.0001,TSGT_LABO_COST_ADJU_SYNCPPMTOWAC,TSGT Labor Cost Adjustment Sync PPM To WACS,01.00.0001,invokeLaborCostAdjustment(i2),Adapter_Invoke,,,,https://us-phoenix-1.utilities-cloud.oracleindustry.com:443/c2g65p/prod/wac/rest/apis/cm/financials/laborCostAdjustment/,OUTL-BRT-REST-WACS_WACSERPPIM,invokeLaborCostAdjustment,
TSGT_LABO_COST_ADJU_SYNCPPMTOWAC_01.00.0001.iar.yaml,TSGT_LABO_COST_ADJU_SYNCPPMTOWAC|01.00.0001,TSGT_LABO_COST_ADJU_SYNCPPMTOWAC,TSGT Labor Cost Adjustment Sync PPM To WACS,01.00.0001,writeErrorFileInSFTP(i3),Adapter_Invoke,,,,,TSGTFTP_CONN,writeErrorFileInSFTP,
TSGT_LABO_COST_ADJU_SYNCPPMTOWAC_01.00.0001.iar.yaml,TSGT_LABO_COST_ADJU_SYNCPPMTOWAC|01.00.0001,TSGT_LABO_COST_ADJU_SYNCPPMTOWAC,TSGT Labor Cost Adjustment Sync PPM To WACS,01.00.0001,sendNotification_ForErrorFile(i4),IntegrationAction,TSGT_ENTERPRISENOTIFI,01.00.0000,TSGT EnterpriseNotificationService,/send,PRESEEDED_COLLOCATED_CONN_1741,sendNotification_ForErrorFile,
TSGT_LABO_COST_ADJU_SYNCPPMTOWAC_01.00.0001.iar.yaml,TSGT_LABO_COST_ADJU_SYNCPPMTOWAC|01.00.0001,TSGT_LABO_COST_ADJU_SYNCPPMTOWAC,TSGT Labor Cost Adjustment Sync PPM To WACS,01.00.0001,moveFilesToArchiveDirectory(i6),Adapter_Invoke,,,,,TSGTFTP_CONN,moveFilesToArchiveDirectory,
TSGT_LABO_COST_ADJU_SYNCPPMTOWAC_01.00.0001.iar.yaml,TSGT_LABO_COST_ADJU_SYNCPPMTOWAC|01.00.0001,TSGT_LABO_COST_ADJU_SYNCPPMTOWAC,TSGT Labor Cost Adjustment Sync PPM To WACS,01.00.0001,sendNotification(i5),IntegrationAction,TSGT_ENTERPRISENOTIFI,01.00.0000,TSGT EnterpriseNotificationService,/send,PRESEEDED_COLLOCATED_CONN_1741,sendNotification,
TSGT_MATER_TRAN_SYNC_WACS_TO_ERP_01.00.0004.iar.yaml,TSGT_MATER_TRAN_SYNC_WACS_TO_ERP|01.00.0004,TSGT_MATER_TRAN_SYNC_WACS_TO_ERP,TSGT Material Transaction Sync WACS To ERP,01.00.0004,getItemCosts(i4),Adapter_Invoke,,,,,OUTL-BRT-APP-ERPPIM_WACSERPPIM,getItemCosts,
TSGT_MATER_TRAN_SYNC_WACS_TO_ERP_01.00.0004.iar.yaml,TSGT_MATER_TRAN_SYNC_WACS_TO_ERP|01.00.0004,TSGT_MATER_TRAN_SYNC_WACS_TO_ERP,TSGT Material Transaction Sync WACS To ERP,01.00.0004,getItemListPrice(i3),Adapter_Invoke,,,,,OUTL-BRT-APP-ERPPIM_WACSERPPIM,getItemListPrice,
TSGT_MATER_TRAN_SYNC_WACS_TO_ERP_01.00.0004.iar.yaml,TSGT_MATER_TRAN_SYNC_WACS_TO_ERP|01.00.0004,TSGT_MATER_TRAN_SYNC_WACS_TO_ERP,TSGT Material Transaction Sync WACS To ERP,01.00.0004,invokeERPSCMInvTranRestEndponts(i0),Adapter_Invoke,,,,/,TSGT_ERP_SCM_REST_FOR_WACS_ERP,invokeERPSCMInvTranRestEndponts,
TSGT_MATER_TRAN_SYNC_WACS_TO_ERP_01.00.0004.iar.yaml,TSGT_MATER_TRAN_SYNC_WACS_TO_ERP|01.00.0004,TSGT_MATER_TRAN_SYNC_WACS_TO_ERP,TSGT Material Transaction Sync WACS To ERP,01.00.0004,sendEmailNotification(i2),IntegrationAction,TSGT_ENTERPRISENOTIFI,01.00.0000,TSGT EnterpriseNotificationService,/send,PRESEEDED_COLLOCATED_CONN_1741,sendEmailNotification,
TSGT_MATER_TRAN_SYNC_WACS_TO_ERP_01.00.0004.iar.yaml,TSGT_MATER_TRAN_SYNC_WACS_TO_ERP|01.00.0004,TSGT_MATER_TRAN_SYNC_WACS_TO_ERP,TSGT Material Transaction Sync WACS To ERP,01.00.0004,sendNotification(i1),IntegrationAction,TSGT_ENTERPRISENOTIFI,01.00.0000,TSGT EnterpriseNotificationService,/send,PRESEEDED_COLLOCATED_CONN_1741,sendNotification,
TSGT_MIGRAT_WACS_PURCHA_ORDER_01.00.0002.iar.yaml,TSGT_MIGRAT_WACS_PURCHA_ORDER|01.00.0002,TSGT_MIGRAT_WACS_PURCHA_ORDER,TSGT Migrated WACS Purchase Order,01.00.0002,WACS_PO_Sync(i1),Adapter_Invoke,,,,,OUTL-BRT-SOAP-WACS_WACSOFSC,WACS_PO_Sync,
TSGT_OIL_TEST_RECO_SYNC_TOA_TO_W_01.00.0000.iar.yaml,TSGT_OIL_TEST_RECO_SYNC_TOA_TO_W|01.00.0000,TSGT_OIL_TEST_RECO_SYNC_TOA_TO_W,TSGT Oil Testing Records Sync TOA to WACS,01.00.0000,getTestDataExtract(i0),Adapter_Invoke,,,,/toa/rpc/export_test_data,TOARESTADAPTER,getTestDataExtract,
TSGT_OIL_TEST_RECO_SYNC_TOA_TO_W_01.00.0000.iar.yaml,TSGT_OIL_TEST_RECO_SYNC_TOA_TO_W|01.00.0000,TSGT_OIL_TEST_RECO_SYNC_TOA_TO_W,TSGT Oil Testing Records Sync TOA to WACS,01.00.0000,writeTestDataFileInObjStr(i1),Adapter_Invoke,,,,/n/{namespaceName}/b/{bucketName}/o/{objectName},TSGTOBJECTSTORAG_CONN,writeTestDataFileInObjStr,
TSGT_OIL_TEST_RECO_SYNC_TOA_TO_W_01.00.0000.iar.yaml,TSGT_OIL_TEST_RECO_SYNC_TOA_TO_W|01.00.0000,TSGT_OIL_TEST_RECO_SYNC_TOA_TO_W,TSGT Oil Testing Records Sync TOA to WACS,01.00.0000,sendNotification(i3),IntegrationAction,TSGT_ENTERPRISENOTIFI,01.00.0000,TSGT EnterpriseNotificationService,/send,PRESEEDED_COLLOCATED_CONN_1741,sendNotification,
TSGT_OIL_TEST_RECO_SYNC_TOA_TO_W_01.00.0000.iar.yaml,TSGT_OIL_TEST_RECO_SYNC_TOA_TO_W|01.00.0000,TSGT_OIL_TEST_RECO_SYNC_TOA_TO_W,TSGT Oil Testing Records Sync TOA to WACS,01.00.0000,sendErrorNotification(i2),IntegrationAction,TSGT_ENTERPRISENOTIFI,01.00.0000,TSGT EnterpriseNotificationService,/send,PRESEEDED_COLLOCATED_CONN_1741,sendErrorNotification,
TSGT_ORAC_UTIL_ERPP_WACS_ITEM_IN_01.22.3003.iar.yaml,TSGT_ORAC_UTIL_ERPP_WACS_ITEM_IN|01.22.3003,TSGT_ORAC_UTIL_ERPP_WACS_ITEM_IN,TSGT Oracle Utilities ERPPIM WACS Item InitialSync,01.22.3003,GetFileInUCM(i0),Adapter_Invoke,,,,,OUTL-BRT-SOAP-UCM_GS_WACSERPPIM,GetFileInUCM,
TSGT_ORAC_UTIL_ERPP_WACS_ITEM_IN_01.22.3003.iar.yaml,TSGT_ORAC_UTIL_ERPP_WACS_ITEM_IN|01.22.3003,TSGT_ORAC_UTIL_ERPP_WACS_ITEM_IN,TSGT Oracle Utilities ERPPIM WACS Item InitialSync,01.22.3003,GetUOMConversion(i2),Adapter_Invoke,,,,,OUTL-BRT-APP-ERPPIM_WACSERPPIM,GetUOMConversion,
TSGT_ORAC_UTIL_ERPP_WACS_ITEM_IN_01.22.3003.iar.yaml,TSGT_ORAC_UTIL_ERPP_WACS_ITEM_IN|01.22.3003,TSGT_ORAC_UTIL_ERPP_WACS_ITEM_IN,TSGT Oracle Utilities ERPPIM WACS Item InitialSync,01.22.3003,WACS_StockItemSync(i1),Adapter_Invoke,,,,https://us-phoenix-1.utilities-cloud.oracleindustry.com:443/c2g65p/prod/wac/rest/apis/asset/inventory/stockItemSync/sync,OUTL-BRT-REST-WACS_WACSERPPIM,WACS_StockItemSync,
TSGT_ORAC_UTIL_ERPP_WACS_ITEM_IN_01.22.3003.iar.yaml,TSGT_ORAC_UTIL_ERPP_WACS_ITEM_IN|01.22.3003,TSGT_ORAC_UTIL_ERPP_WACS_ITEM_IN,TSGT Oracle Utilities ERPPIM WACS Item InitialSync,01.22.3003,WACS_StockItemDetailSync(i3),Adapter_Invoke,,,,https://us-phoenix-1.utilities-cloud.oracleindustry.com:443/c2g65p/prod/wac/rest/apis/cm/general/StockItemDetail/StockItemDetail,OUTL-BRT-REST-WACS_WACSERPPIM,WACS_StockItemDetailSync,
TSGT_ORAC_UTIL_ERPP_WACS_ITEM_UP_01.23.3001.iar.yaml,TSGT_ORAC_UTIL_ERPP_WACS_ITEM_UP|01.23.3001,TSGT_ORAC_UTIL_ERPP_WACS_ITEM_UP,TSGT Oracle Utilities ERPPIM WACS Item Update,01.23.3001,GetUomConversion(i1),Adapter_Invoke,,,,,OUTL-BRT-APP-ERPPIM_WACSERPPIM,GetUomConversion,
TSGT_ORAC_UTIL_ERPP_WACS_ITEM_UP_01.23.3001.iar.yaml,TSGT_ORAC_UTIL_ERPP_WACS_ITEM_UP|01.23.3001,TSGT_ORAC_UTIL_ERPP_WACS_ITEM_UP,TSGT Oracle Utilities ERPPIM WACS Item Update,01.23.3001,WACS_ItemSync(i0),Adapter_Invoke,,,,https://us-phoenix-1.utilities-cloud.oracleindustry.com:443/c2g65p/prod/wac/rest/apis/asset/inventory/stockItemSync/sync,OUTL-BRT-REST-WACS_WACSERPPIM,WACS_ItemSync,
TSGT_ORAC_UTIL_FPRC_WACS_INVO_CA_01.23.3002.iar.yaml,TSGT_ORAC_UTIL_FPRC_WACS_INVO_CA|01.23.3002,TSGT_ORAC_UTIL_FPRC_WACS_INVO_CA,TSGT Oracle Utilities FPRC WACS Invoice Cancelled,01.23.3002,GetInvoiceInfo(i0),Adapter_Invoke,,,,,OUTL-BRT-ERPCLOUD_WACSFPRC,GetInvoiceInfo,
TSGT_ORAC_UTIL_FPRC_WACS_INVO_CA_01.23.3002.iar.yaml,TSGT_ORAC_UTIL_FPRC_WACS_INVO_CA|01.23.3002,TSGT_ORAC_UTIL_FPRC_WACS_INVO_CA,TSGT Oracle Utilities FPRC WACS Invoice Cancelled,01.23.3002,checkPOExistInWACS(i2),Adapter_Invoke,,,,https://us-phoenix-1.stg.utilities-cloud.oracleindustry.com:443/c2g65p/test/wac/rest/apis/cm/purchasing/purchaseOrderExists/,OUTL-BRT-REST-WACS_WACSFPRC,checkPOExistInWACS,
TSGT_ORAC_UTIL_FPRC_WACS_INVO_CA_01.23.3002.iar.yaml,TSGT_ORAC_UTIL_FPRC_WACS_INVO_CA|01.23.3002,TSGT_ORAC_UTIL_FPRC_WACS_INVO_CA,TSGT Oracle Utilities FPRC WACS Invoice Cancelled,01.23.3002,GetIinvoiceDistributionDff(i1),Adapter_Invoke,,,,,OUTL-BRT-ERPCLOUD_WACSFPRC,GetIinvoiceDistributionDff,
TSGT_ORAC_UTIL_FPRC_WACS_INVO_PA_01.23.3002.iar.yaml,TSGT_ORAC_UTIL_FPRC_WACS_INVO_PA|01.23.3002,TSGT_ORAC_UTIL_FPRC_WACS_INVO_PA,TSGT Oracle Utilities FPRC WACS Invoice Payment Sy,01.23.3002,GetRelatedInvoicePayment(i0),Adapter_Invoke,,,,,OUTL-BRT-ERPCLOUD_WACSFPRC,GetRelatedInvoicePayment,
TSGT_ORAC_UTIL_FPRC_WACS_INVO_PA_01.23.3002.iar.yaml,TSGT_ORAC_UTIL_FPRC_WACS_INVO_PA|01.23.3002,TSGT_ORAC_UTIL_FPRC_WACS_INVO_PA,TSGT Oracle Utilities FPRC WACS Invoice Payment Sy,01.23.3002,getSupplierSites(i4),Adapter_Invoke,,,,,OUTL-BRT-APP-ERPPIM_WACSERPPIM,getSupplierSites,
TSGT_ORAC_UTIL_FPRC_WACS_INVO_PA_01.23.3002.iar.yaml,TSGT_ORAC_UTIL_FPRC_WACS_INVO_PA|01.23.3002,TSGT_ORAC_UTIL_FPRC_WACS_INVO_PA,TSGT Oracle Utilities FPRC WACS Invoice Payment Sy,01.23.3002,GetInvoice(i1),Adapter_Invoke,,,,,OUTL-BRT-ERPCLOUD_WACSFPRC,GetInvoice,
TSGT_ORAC_UTIL_FPRC_WACS_INVO_PA_01.23.3002.iar.yaml,TSGT_ORAC_UTIL_FPRC_WACS_INVO_PA|01.23.3002,TSGT_ORAC_UTIL_FPRC_WACS_INVO_PA,TSGT Oracle Utilities FPRC WACS Invoice Payment Sy,01.23.3002,GetInvoiceDistributionDFF(i2),Adapter_Invoke,,,,,OUTL-BRT-ERPCLOUD_WACSFPRC,GetInvoiceDistributionDFF,
TSGT_ORAC_UTIL_FPRC_WACS_INVO_PA_01.23.3002.iar.yaml,TSGT_ORAC_UTIL_FPRC_WACS_INVO_PA|01.23.3002,TSGT_ORAC_UTIL_FPRC_WACS_INVO_PA,TSGT Oracle Utilities FPRC WACS Invoice Payment Sy,01.23.3002,WACS_InvoiceSync_Pmnt(i3),Adapter_Invoke,,,,https://us-phoenix-1.utilities-cloud.oracleindustry.com:443/c2g65p/prod/wac/rest/apis/asset/purchasing/invoiceSynchronization/,OUTL-BRT-REST-WACS_WACSFPRC,WACS_InvoiceSync_Pmnt,
TSGT_ORAC_UTIL_HCM_WACS_ABSE_SYN_01.22.2003.iar.yaml,TSGT_ORAC_UTIL_HCM_WACS_ABSE_SYN|01.22.2003,TSGT_ORAC_UTIL_HCM_WACS_ABSE_SYN,TSGT Oracle Utilities HCM WACS Absence Sync,01.22.2003,ReceiveAbsenceFile(i2),Adapter_Invoke,,,,,OUTL-BRT-APP-HCM_HCMWACS,ReceiveAbsenceFile,
TSGT_ORAC_UTIL_HCM_WACS_ABSE_SYN_01.22.2003.iar.yaml,TSGT_ORAC_UTIL_HCM_WACS_ABSE_SYN|01.22.2003,TSGT_ORAC_UTIL_HCM_WACS_ABSE_SYN,TSGT Oracle Utilities HCM WACS Absence Sync,01.22.2003,ExternalReportWSSService(i1),Adapter_Invoke,,,,,TSGTSOAPHCMBIP_CONN,ExternalReportWSSService,
TSGT_ORAC_UTIL_HCM_WACS_ABSE_SYN_01.22.2003.iar.yaml,TSGT_ORAC_UTIL_HCM_WACS_ABSE_SYN|01.22.2003,TSGT_ORAC_UTIL_HCM_WACS_ABSE_SYN,TSGT Oracle Utilities HCM WACS Absence Sync,01.22.2003,WACS_EmployeeLeave(i0),Adapter_Invoke,,,,https://us-phoenix-1.utilities-cloud.oracleindustry.com:443/c2g65p/prod/wac/rest/apis/cm/resources/leave/{externalId},OUTL-BRT-REST-WACS_HCMWACS,WACS_EmployeeLeave,
TSGT_ORAC_UTIL_HCM_WACS_EMP_ASSG_01.22.2003.iar.yaml,TSGT_ORAC_UTIL_HCM_WACS_EMP_ASSG|01.22.2003,TSGT_ORAC_UTIL_HCM_WACS_EMP_ASSG,TSGT Oracle Utilities HCM WACS Employee Assignment,01.22.2003,ReceiveEmpAssignmentFeed(i0),Adapter_Invoke,,,,,OUTL-BRT-APP-HCM_HCMWACS,ReceiveEmpAssignmentFeed,
TSGT_ORAC_UTIL_HCM_WACS_EMP_ASSG_01.22.2003.iar.yaml,TSGT_ORAC_UTIL_HCM_WACS_EMP_ASSG|01.22.2003,TSGT_ORAC_UTIL_HCM_WACS_EMP_ASSG,TSGT Oracle Utilities HCM WACS Employee Assignment,01.22.2003,getSalaryDetails(i1),Adapter_Invoke,,,,/salaries,OUTL-BRT-REST-HCM_HCMWACS,getSalaryDetails,
TSGT_ORAC_UTIL_HCM_WACS_EMP_ASSG_01.22.2003.iar.yaml,TSGT_ORAC_UTIL_HCM_WACS_EMP_ASSG|01.22.2003,TSGT_ORAC_UTIL_HCM_WACS_EMP_ASSG,TSGT Oracle Utilities HCM WACS Employee Assignment,01.22.2003,getWorkersdata(i3),Adapter_Invoke,,,,/workers,OUTL-BRT-REST-HCM_HCMWACS,getWorkersdata,
TSGT_ORAC_UTIL_HCM_WACS_EMP_ASSG_01.22.2003.iar.yaml,TSGT_ORAC_UTIL_HCM_WACS_EMP_ASSG|01.22.2003,TSGT_ORAC_UTIL_HCM_WACS_EMP_ASSG,TSGT Oracle Utilities HCM WACS Employee Assignment,01.22.2003,getHCMWACSSyncBIReport(i5),Adapter_Invoke,,,,,TSGTSOAPHCMBIP_CONN,getHCMWACSSyncBIReport,
TSGT_ORAC_UTIL_HCM_WACS_EMP_ASSG_01.22.2003.iar.yaml,TSGT_ORAC_UTIL_HCM_WACS_EMP_ASSG|01.22.2003,TSGT_ORAC_UTIL_HCM_WACS_EMP_ASSG,TSGT Oracle Utilities HCM WACS Employee Assignment,01.22.2003,WACS_Employee(i2),Adapter_Invoke,,,,https://us-phoenix-1.utilities-cloud.oracleindustry.com:443/c2g65p/prod/wac/rest/apis/cm/resources/employeeSynchronization/,OUTL-BRT-REST-WACS_HCMWACS,WACS_Employee,
TSGT_ORAC_UTIL_HCM_WACS_EMP_INIT_01.22.2005.iar.yaml,TSGT_ORAC_UTIL_HCM_WACS_EMP_INIT|01.22.2005,TSGT_ORAC_UTIL_HCM_WACS_EMP_INIT,TSGT Oracle Utilities HCM WACS Emp Initial Sync,01.22.2005,ReceiveEmployeeFile(i0),Adapter_Invoke,,,,,OUTL-BRT-APP-HCM_HCMWACS,ReceiveEmployeeFile,
TSGT_ORAC_UTIL_HCM_WACS_EMP_INIT_01.22.2005.iar.yaml,TSGT_ORAC_UTIL_HCM_WACS_EMP_INIT|01.22.2005,TSGT_ORAC_UTIL_HCM_WACS_EMP_INIT,TSGT Oracle Utilities HCM WACS Emp Initial Sync,01.22.2005,WACS_Employee(i1),Adapter_Invoke,,,,https://us-phoenix-1.utilities-cloud.oracleindustry.com:443/c2g65p/prod/wac/rest/apis/cm/resources/employeeSynchronization/,OUTL-BRT-REST-WACS_HCMWACS,WACS_Employee,
TSGT_ORAC_UTIL_HCM_WACS_EMP_NEWH_01.22.2005.iar.yaml,TSGT_ORAC_UTIL_HCM_WACS_EMP_NEWH|01.22.2005,TSGT_ORAC_UTIL_HCM_WACS_EMP_NEWH,TSGT Oracle Utilities HCM WACS Emp Newhire Sync,01.22.2005,ReceiveEmpNewHireFeed(i0),Adapter_Invoke,,,,,OUTL-BRT-APP-HCM_HCMWACS,ReceiveEmpNewHireFeed,
TSGT_ORAC_UTIL_HCM_WACS_EMP_NEWH_01.22.2005.iar.yaml,TSGT_ORAC_UTIL_HCM_WACS_EMP_NEWH|01.22.2005,TSGT_ORAC_UTIL_HCM_WACS_EMP_NEWH,TSGT Oracle Utilities HCM WACS Emp Newhire Sync,01.22.2005,getWorkersData(i3),Adapter_Invoke,,,,/workers,OUTL-BRT-REST-HCM_HCMWACS,getWorkersData,
TSGT_ORAC_UTIL_HCM_WACS_EMP_NEWH_01.22.2005.iar.yaml,TSGT_ORAC_UTIL_HCM_WACS_EMP_NEWH|01.22.2005,TSGT_ORAC_UTIL_HCM_WACS_EMP_NEWH,TSGT Oracle Utilities HCM WACS Emp Newhire Sync,01.22.2005,getHCMWACSSyncBIReport(i4),Adapter_Invoke,,,,,TSGTSOAPHCMBIP_CONN,getHCMWACSSyncBIReport,
TSGT_ORAC_UTIL_HCM_WACS_EMP_NEWH_01.22.2005.iar.yaml,TSGT_ORAC_UTIL_HCM_WACS_EMP_NEWH|01.22.2005,TSGT_ORAC_UTIL_HCM_WACS_EMP_NEWH,TSGT Oracle Utilities HCM WACS Emp Newhire Sync,01.22.2005,WACS_Employee(i1),Adapter_Invoke,,,,https://us-phoenix-1.utilities-cloud.oracleindustry.com:443/c2g65p/prod/wac/rest/apis/cm/resources/employeeSynchronization/,OUTL-BRT-REST-WACS_HCMWACS,WACS_Employee,
TSGT_ORAC_UTIL_HCM_WACS_EMP_TERM_01.22.2002.iar.yaml,TSGT_ORAC_UTIL_HCM_WACS_EMP_TERM|01.22.2002,TSGT_ORAC_UTIL_HCM_WACS_EMP_TERM,TSGT Oracle Utilities HCM WACS Emp Terminate,01.22.2002,ReceiveEmpTermFeed(i0),Adapter_Invoke,,,,,OUTL-BRT-APP-HCM_HCMWACS,ReceiveEmpTermFeed,
TSGT_ORAC_UTIL_HCM_WACS_EMP_TERM_01.22.2002.iar.yaml,TSGT_ORAC_UTIL_HCM_WACS_EMP_TERM|01.22.2002,TSGT_ORAC_UTIL_HCM_WACS_EMP_TERM,TSGT Oracle Utilities HCM WACS Emp Terminate,01.22.2002,getWorkersData(i2),Adapter_Invoke,,,,/workers,OUTL-BRT-REST-HCM_HCMWACS,getWorkersData,
TSGT_ORAC_UTIL_HCM_WACS_EMP_TERM_01.22.2002.iar.yaml,TSGT_ORAC_UTIL_HCM_WACS_EMP_TERM|01.22.2002,TSGT_ORAC_UTIL_HCM_WACS_EMP_TERM,TSGT Oracle Utilities HCM WACS Emp Terminate,01.22.2002,getHCMWACSBIReport(i3),Adapter_Invoke,,,,,TSGTSOAPHCMBIP_CONN,getHCMWACSBIReport,
TSGT_ORAC_UTIL_HCM_WACS_EMP_TERM_01.22.2002.iar.yaml,TSGT_ORAC_UTIL_HCM_WACS_EMP_TERM|01.22.2002,TSGT_ORAC_UTIL_HCM_WACS_EMP_TERM,TSGT Oracle Utilities HCM WACS Emp Terminate,01.22.2002,WACS_Employee(i1),Adapter_Invoke,,,,https://us-phoenix-1.utilities-cloud.oracleindustry.com:443/c2g65p/prod/wac/rest/apis/cm/resources/employeeSynchronization/,OUTL-BRT-REST-WACS_HCMWACS,WACS_Employee,
TSGT_ORAC_UTIL_HCM_WACS_EMP_UPD_01.22.2004.iar.yaml,TSGT_ORAC_UTIL_HCM_WACS_EMP_UPD|01.22.2004,TSGT_ORAC_UTIL_HCM_WACS_EMP_UPD,TSGT Oracle Utilities HCM WACS EmployeeUpdate Sync,01.22.2004,ReceiveEmpUpdateFeed(i0),Adapter_Invoke,,,,,OUTL-BRT-APP-HCM_HCMWACS,ReceiveEmpUpdateFeed,
TSGT_ORAC_UTIL_HCM_WACS_EMP_UPD_01.22.2004.iar.yaml,TSGT_ORAC_UTIL_HCM_WACS_EMP_UPD|01.22.2004,TSGT_ORAC_UTIL_HCM_WACS_EMP_UPD,TSGT Oracle Utilities HCM WACS EmployeeUpdate Sync,01.22.2004,getWorkersData(i3),Adapter_Invoke,,,,/workers,OUTL-BRT-REST-HCM_HCMWACS,getWorkersData,
TSGT_ORAC_UTIL_HCM_WACS_EMP_UPD_01.22.2004.iar.yaml,TSGT_ORAC_UTIL_HCM_WACS_EMP_UPD|01.22.2004,TSGT_ORAC_UTIL_HCM_WACS_EMP_UPD,TSGT Oracle Utilities HCM WACS EmployeeUpdate Sync,01.22.2004,getHCMWACSSyncBIReport(i5),Adapter_Invoke,,,,,TSGTSOAPHCMBIP_CONN,getHCMWACSSyncBIReport,
TSGT_ORAC_UTIL_HCM_WACS_EMP_UPD_01.22.2004.iar.yaml,TSGT_ORAC_UTIL_HCM_WACS_EMP_UPD|01.22.2004,TSGT_ORAC_UTIL_HCM_WACS_EMP_UPD,TSGT Oracle Utilities HCM WACS EmployeeUpdate Sync,01.22.2004,getPublicWorkerDetails(i2),Adapter_Invoke,,,,/publicWorkers/{personId}/,OUTL-BRT-REST-HCM_HCMWACS,getPublicWorkerDetails,
TSGT_ORAC_UTIL_HCM_WACS_EMP_UPD_01.22.2004.iar.yaml,TSGT_ORAC_UTIL_HCM_WACS_EMP_UPD|01.22.2004,TSGT_ORAC_UTIL_HCM_WACS_EMP_UPD,TSGT Oracle Utilities HCM WACS EmployeeUpdate Sync,01.22.2004,WACS_Employee(i4),Adapter_Invoke,,,,https://us-phoenix-1.utilities-cloud.oracleindustry.com:443/c2g65p/prod/wac/rest/apis/cm/resources/employeeSynchronization/,OUTL-BRT-REST-WACS_HCMWACS,WACS_Employee,
TSGT_ORAC_UTIL_OFSC_WACS_ACTI_CO_01.23.1000.iar.yaml,TSGT_ORAC_UTIL_OFSC_WACS_ACTI_CO|01.23.1000,TSGT_ORAC_UTIL_OFSC_WACS_ACTI_CO,TSGT Oracle Utilities OFSC WACS Activity Complete,01.23.1000,getActivityDetails(i1),Adapter_Invoke,,,,https://tsgt.fs.ocs.oraclecloud.com/rest/ofscCore/v1/activities/{activityId},OUTL-BRT-APP-OFSC_WACSOFSC,getActivityDetails,
TSGT_ORAC_UTIL_OFSC_WACS_ACTI_CO_01.23.1000.iar.yaml,TSGT_ORAC_UTIL_OFSC_WACS_ACTI_CO|01.23.1000,TSGT_ORAC_UTIL_OFSC_WACS_ACTI_CO,TSGT Oracle Utilities OFSC WACS Activity Complete,01.23.1000,syncOFSCActivitySubmitedFormsToWACS(i9),IntegrationAction,TSGT_SMAR_COMP_SYNC_OFSC_TO_WACS,01.00.0002,TSGT SmartForm Completion Sync OFSC To WACS,/send,PRESEEDED_COLLOCATED_CONN_1741,syncOFSCActivitySubmitedFormsToWACS,
TSGT_ORAC_UTIL_OFSC_WACS_ACTI_CO_01.23.1000.iar.yaml,TSGT_ORAC_UTIL_OFSC_WACS_ACTI_CO|01.23.1000,TSGT_ORAC_UTIL_OFSC_WACS_ACTI_CO,TSGT Oracle Utilities OFSC WACS Activity Complete,01.23.1000,getFileData(i2),Adapter_Invoke,,,,https://tsgt.fs.ocs.oraclecloud.com/rest/ofscCore/v1/activities/{activityId}/{propertyLabel},OUTL-BRT-APP-OFSC_WACSOFSC,getFileData,
TSGT_ORAC_UTIL_OFSC_WACS_ACTI_CO_01.23.1000.iar.yaml,TSGT_ORAC_UTIL_OFSC_WACS_ACTI_CO|01.23.1000,TSGT_ORAC_UTIL_OFSC_WACS_ACTI_CO,TSGT Oracle Utilities OFSC WACS Activity Complete,01.23.1000,getActAttachment(i6),Adapter_Invoke,,,,https://tsgt.fs.ocs.oraclecloud.com/rest/ofscCore/v1/activities/{activityId}/{propertyLabel},OUTL-BRT-APP-OFSC_WACSOFSC,getActAttachment,
TSGT_ORAC_UTIL_OFSC_WACS_ACTI_CO_01.23.1000.iar.yaml,TSGT_ORAC_UTIL_OFSC_WACS_ACTI_CO|01.23.1000,TSGT_ORAC_UTIL_OFSC_WACS_ACTI_CO,TSGT Oracle Utilities OFSC WACS Activity Complete,01.23.1000,getInvAttachment(i3),Adapter_Invoke,,,,https://tsgt.fs.ocs.oraclecloud.com/rest/ofscCore/v1/inventories/{inventoryId}/{propertyLabel},OUTL-BRT-APP-OFSC_WACSOFSC,getInvAttachment,
TSGT_ORAC_UTIL_OFSC_WACS_ACTI_CO_01.23.1000.iar.yaml,TSGT_ORAC_UTIL_OFSC_WACS_ACTI_CO|01.23.1000,TSGT_ORAC_UTIL_OFSC_WACS_ACTI_CO,TSGT Oracle Utilities OFSC WACS Activity Complete,01.23.1000,GetMasterActivityInfo(i5),Adapter_Invoke,,,,https://tsgt.fs.ocs.oraclecloud.com/rest/ofscCore/v1/activities/{activityId},OUTL-BRT-APP-OFSC_WACSOFSC,GetMasterActivityInfo,
TSGT_ORAC_UTIL_OFSC_WACS_ACTI_CO_01.23.1000.iar.yaml,TSGT_ORAC_UTIL_OFSC_WACS_ACTI_CO|01.23.1000,TSGT_ORAC_UTIL_OFSC_WACS_ACTI_CO,TSGT Oracle Utilities OFSC WACS Activity Complete,01.23.1000,invokeWAMActivity(i0),Adapter_Invoke,,,,,OUTL-BRT-SOAP-WACS_WACSOFSC,invokeWAMActivity,
TSGT_ORAC_UTIL_OFSC_WACS_ACTI_CO_01.23.1000.iar.yaml,TSGT_ORAC_UTIL_OFSC_WACS_ACTI_CO|01.23.1000,TSGT_ORAC_UTIL_OFSC_WACS_ACTI_CO,TSGT Oracle Utilities OFSC WACS Activity Complete,01.23.1000,invokeMaterialUsage(i4),Adapter_Invoke,,,,,OUTL-BRT-SOAP-WACS_WACSOFSC,invokeMaterialUsage,
TSGT_ORAC_UTIL_OFSC_WACS_ACTI_CO_01.23.1000.iar.yaml,TSGT_ORAC_UTIL_OFSC_WACS_ACTI_CO|01.23.1000,TSGT_ORAC_UTIL_OFSC_WACS_ACTI_CO,TSGT Oracle Utilities OFSC WACS Activity Complete,01.23.1000,GetInstalledInventories(i7),Adapter_Invoke,,,,https://tsgt.fs.ocs.oraclecloud.com/rest/ofscCore/v1/activities/{activityId}/installedInventories,OUTL-BRT-APP-OFSC_WACSOFSC,GetInstalledInventories,
TSGT_ORAC_UTIL_OFSC_WACS_ACTI_CO_01.23.1000.iar.yaml,TSGT_ORAC_UTIL_OFSC_WACS_ACTI_CO|01.23.1000,TSGT_ORAC_UTIL_OFSC_WACS_ACTI_CO,TSGT Oracle Utilities OFSC WACS Activity Complete,01.23.1000,invokeMaterialUsage(i8),Adapter_Invoke,,,,,OUTL-BRT-SOAP-WACS_WACSOFSC,invokeMaterialUsage,
TSGT_ORAC_UTIL_OFSC_WACS_ACTI_PU_01.24.0002.iar.yaml,TSGT_ORAC_UTIL_OFSC_WACS_ACTI_PU|01.24.0002,TSGT_ORAC_UTIL_OFSC_WACS_ACTI_PU,TSGT Oracle Utilities OFSC WACS Activity Pull Upd,01.24.0002,GetActivityDetailsFromOFSC(i1),Adapter_Invoke,,,,https://tsgt1.test.fs.ocs.oraclecloud.com/rest/rest/rest/rest/ofscCore/v1/activities/{activityId},OUTL-BRT-APP-OFSC_WACSOFSC,GetActivityDetailsFromOFSC,
TSGT_ORAC_UTIL_OFSC_WACS_ACTI_PU_01.24.0002.iar.yaml,TSGT_ORAC_UTIL_OFSC_WACS_ACTI_PU|01.24.0002,TSGT_ORAC_UTIL_OFSC_WACS_ACTI_PU,TSGT Oracle Utilities OFSC WACS Activity Pull Upd,01.24.0002,GetActivityDetails(i4),Adapter_Invoke,,,,,OUTL-BRT-SOAP-WACS_WACSOFSC,GetActivityDetails,
TSGT_ORAC_UTIL_OFSC_WACS_ACTI_PU_01.24.0002.iar.yaml,TSGT_ORAC_UTIL_OFSC_WACS_ACTI_PU|01.24.0002,TSGT_ORAC_UTIL_OFSC_WACS_ACTI_PU,TSGT Oracle Utilities OFSC WACS Activity Pull Upd,01.24.0002,getAssetChars(i12),Adapter_Invoke,,,,,OUTL-BRT-SOAP-WACS_WACSOFSC,getAssetChars,
TSGT_ORAC_UTIL_OFSC_WACS_ACTI_PU_01.24.0002.iar.yaml,TSGT_ORAC_UTIL_OFSC_WACS_ACTI_PU|01.24.0002,TSGT_ORAC_UTIL_OFSC_WACS_ACTI_PU,TSGT Oracle Utilities OFSC WACS Activity Pull Upd,01.24.0002,TargetOFSCEquipment(i5),Adapter_Invoke,,,,https://tsgt1.test.fs.ocs.oraclecloud.com/rest/rest/rest/rest/ofscCore/v1/activities/{activityId},OUTL-BRT-APP-OFSC_WACSOFSC,TargetOFSCEquipment,
TSGT_ORAC_UTIL_OFSC_WACS_ACTI_PU_01.24.0002.iar.yaml,TSGT_ORAC_UTIL_OFSC_WACS_ACTI_PU|01.24.0002,TSGT_ORAC_UTIL_OFSC_WACS_ACTI_PU,TSGT Oracle Utilities OFSC WACS Activity Pull Upd,01.24.0002,TargetOFSCLabor(i6),Adapter_Invoke,,,,https://tsgt1.test.fs.ocs.oraclecloud.com/rest/rest/rest/rest/ofscCore/v1/activities/{activityId},OUTL-BRT-APP-OFSC_WACSOFSC,TargetOFSCLabor,
TSGT_ORAC_UTIL_OFSC_WACS_ACTI_PU_01.24.0002.iar.yaml,TSGT_ORAC_UTIL_OFSC_WACS_ACTI_PU|01.24.0002,TSGT_ORAC_UTIL_OFSC_WACS_ACTI_PU,TSGT Oracle Utilities OFSC WACS Activity Pull Upd,01.24.0002,GetInventoriesFromOFSC(i2),Adapter_Invoke,,,,https://tsgt1.test.fs.ocs.oraclecloud.com/rest/rest/rest/rest/ofscCore/v1/activities/{activityId}/installedInventories,OUTL-BRT-APP-OFSC_WACSOFSC,GetInventoriesFromOFSC,
TSGT_ORAC_UTIL_OFSC_WACS_ACTI_PU_01.24.0002.iar.yaml,TSGT_ORAC_UTIL_OFSC_WACS_ACTI_PU|01.24.0002,TSGT_ORAC_UTIL_OFSC_WACS_ACTI_PU,TSGT Oracle Utilities OFSC WACS Activity Pull Upd,01.24.0002,GetDeinstalledInventoryOFSC(i3),Adapter_Invoke,,,,https://tsgt1.test.fs.ocs.oraclecloud.com/rest/rest/rest/rest/ofscCore/v1/activities/{activityId}/deinstalledInventories,OUTL-BRT-APP-OFSC_WACSOFSC,GetDeinstalledInventoryOFSC,
TSGT_ORAC_UTIL_OFSC_WACS_ACTI_PU_01.24.0002.iar.yaml,TSGT_ORAC_UTIL_OFSC_WACS_ACTI_PU|01.24.0002,TSGT_ORAC_UTIL_OFSC_WACS_ACTI_PU,TSGT Oracle Utilities OFSC WACS Activity Pull Upd,01.24.0002,GetInventoriesFromOFSCCustomerPool(i7),Adapter_Invoke,,,,https://tsgt1.test.fs.ocs.oraclecloud.com/rest/rest/rest/rest/ofscCore/v1/activities/{activityId}/customerInventories,OUTL-BRT-APP-OFSC_WACSOFSC,GetInventoriesFromOFSCCustomerPool,
TSGT_ORAC_UTIL_OFSC_WACS_ACTI_PU_01.24.0002.iar.yaml,TSGT_ORAC_UTIL_OFSC_WACS_ACTI_PU|01.24.0002,TSGT_ORAC_UTIL_OFSC_WACS_ACTI_PU,TSGT Oracle Utilities OFSC WACS Activity Pull Upd,01.24.0002,DeleteInventory(i8),Adapter_Invoke,,,,https://tsgt1.test.fs.ocs.oraclecloud.com/rest/rest/rest/rest/ofscCore/v1/inventories/{inventoryId},OUTL-BRT-APP-OFSC_WACSOFSC,DeleteInventory,
TSGT_ORAC_UTIL_OFSC_WACS_ACTI_PU_01.24.0002.iar.yaml,TSGT_ORAC_UTIL_OFSC_WACS_ACTI_PU|01.24.0002,TSGT_ORAC_UTIL_OFSC_WACS_ACTI_PU,TSGT Oracle Utilities OFSC WACS Activity Pull Upd,01.24.0002,DeleteIssuedAssetInventory(i9),Adapter_Invoke,,,,https://tsgt1.test.fs.ocs.oraclecloud.com/rest/rest/rest/rest/ofscCore/v1/inventories/{inventoryId},OUTL-BRT-APP-OFSC_WACSOFSC,DeleteIssuedAssetInventory,
TSGT_ORAC_UTIL_OFSC_WACS_ACTI_PU_01.24.0002.iar.yaml,TSGT_ORAC_UTIL_OFSC_WACS_ACTI_PU|01.24.0002,TSGT_ORAC_UTIL_OFSC_WACS_ACTI_PU,TSGT Oracle Utilities OFSC WACS Activity Pull Upd,01.24.0002,DeleteIssuedAsset_Inventory(i10),Adapter_Invoke,,,,https://tsgt1.test.fs.ocs.oraclecloud.com/rest/rest/rest/rest/ofscCore/v1/inventories/{inventoryId},OUTL-BRT-APP-OFSC_WACSOFSC,DeleteIssuedAsset_Inventory,
TSGT_ORAC_UTIL_OFSC_WACS_ACTI_PU_01.24.0002.iar.yaml,TSGT_ORAC_UTIL_OFSC_WACS_ACTI_PU|01.24.0002,TSGT_ORAC_UTIL_OFSC_WACS_ACTI_PU,TSGT Oracle Utilities OFSC WACS Activity Pull Upd,01.24.0002,DeleteIssuedAssetInventory_CustomerPool(i11),Adapter_Invoke,,,,https://tsgt1.test.fs.ocs.oraclecloud.com/rest/rest/rest/rest/ofscCore/v1/inventories/{inventoryId},OUTL-BRT-APP-OFSC_WACSOFSC,DeleteIssuedAssetInventory_CustomerPool,
TSGT_ORAC_UTIL_OFSC_WACS_ACTI_PU_01.24.0002.iar.yaml,TSGT_ORAC_UTIL_OFSC_WACS_ACTI_PU|01.24.0002,TSGT_ORAC_UTIL_OFSC_WACS_ACTI_PU,TSGT Oracle Utilities OFSC WACS Activity Pull Upd,01.24.0002,UpdateOFSCActivity(i0),Adapter_Invoke,,,,https://tsgt1.test.fs.ocs.oraclecloud.com/rest/rest/rest/rest/ofscCore/v1/activities/custom-actions/bulkUpdate,OUTL-BRT-APP-OFSC_WACSOFSC,UpdateOFSCActivity,
TSGT_ORAC_UTIL_OFSC_WACS_ACTI_PU_01.24.0002.iar.yaml,TSGT_ORAC_UTIL_OFSC_WACS_ACTI_PU|01.24.0002,TSGT_ORAC_UTIL_OFSC_WACS_ACTI_PU,TSGT Oracle Utilities OFSC WACS Activity Pull Upd,01.24.0002,invokeSmartFormSync(i13),IntegrationAction,TSGT_SMAR_FORM_SYNC_WACS_TO_OFSC,01.01.0003,TSGT Smart Form Synchronization WACS to OFSC,/send,PRESEEDED_COLLOCATED_CONN_1741,invokeSmartFormSync,
TSGT_ORAC_UTIL_OFSC_WACS_WORK_OR_01.24.0001.iar.yaml,TSGT_ORAC_UTIL_OFSC_WACS_WORK_OR|01.24.0001,TSGT_ORAC_UTIL_OFSC_WACS_WORK_OR,TSGT Oracle Utilities OFSC WACS Work Order,01.24.0001,updateLockConfig(i2),Adapter_Invoke,,,,https://tsgt.fs.ocs.oraclecloud.com/rest/ofscCore/v1/activities/{activityId},OUTL-BRT-APP-OFSC_WACSOFSC,updateLockConfig,
TSGT_ORAC_UTIL_OFSC_WACS_WORK_OR_01.24.0001.iar.yaml,TSGT_ORAC_UTIL_OFSC_WACS_WORK_OR|01.24.0001,TSGT_ORAC_UTIL_OFSC_WACS_WORK_OR,TSGT Oracle Utilities OFSC WACS Work Order,01.24.0001,GetInventoryDetails(i1),Adapter_Invoke,,,,https://tsgt.fs.ocs.oraclecloud.com/rest/ofscCore/v1/activities/{activityId}/customerInventories,OUTL-BRT-APP-OFSC_WACSOFSC,GetInventoryDetails,
TSGT_ORAC_UTIL_OFSC_WACS_WORK_OR_01.24.0001.iar.yaml,TSGT_ORAC_UTIL_OFSC_WACS_WORK_OR|01.24.0001,TSGT_ORAC_UTIL_OFSC_WACS_WORK_OR,TSGT Oracle Utilities OFSC WACS Work Order,01.24.0001,createWorkOrder(i0),Adapter_Invoke,,,,,OUTL-BRT-SOAP-WACS_WACSOFSC,createWorkOrder,
TSGT_ORAC_UTIL_WACS_FPRC_RECE_SY_01.23.3004.iar.yaml,TSGT_ORAC_UTIL_WACS_FPRC_RECE_SY|01.23.3004,TSGT_ORAC_UTIL_WACS_FPRC_RECE_SY,TSGT Oracle Utilities WACS FPRC Receipts Sync,01.23.3004,CreateReceipt(i0),Adapter_Invoke,,,,,OUTL-BRT-ERPCLOUD_WACSFPRC,CreateReceipt,
TSGT_ORAC_UTIL_WACS_FPRC_RECE_SY_01.23.3004.iar.yaml,TSGT_ORAC_UTIL_WACS_FPRC_RECE_SY|01.23.3004,TSGT_ORAC_UTIL_WACS_FPRC_RECE_SY,TSGT Oracle Utilities WACS FPRC Receipts Sync,01.23.3004,GetProcessingError(i1),Adapter_Invoke,,,,,OUTL-BRT-ERPCLOUD_WACSFPRC,GetProcessingError,
TSGT_ORAC_UTIL_WACS_FPRC_RECE_SY_01.23.3004.iar.yaml,TSGT_ORAC_UTIL_WACS_FPRC_RECE_SY|01.23.3004,TSGT_ORAC_UTIL_WACS_FPRC_RECE_SY,TSGT Oracle Utilities WACS FPRC Receipts Sync,01.23.3004,GetReceiptErrors(i6),Adapter_Invoke,,,,,OUTL-BRT-ERPCLOUD_WACSFPRC,GetReceiptErrors,
TSGT_ORAC_UTIL_WACS_FPRC_RECE_SY_01.23.3004.iar.yaml,TSGT_ORAC_UTIL_WACS_FPRC_RECE_SY|01.23.3004,TSGT_ORAC_UTIL_WACS_FPRC_RECE_SY,TSGT Oracle Utilities WACS FPRC Receipts Sync,01.23.3004,FPRC_LinesToReturn(i2),Adapter_Invoke,,,,,OUTL-BRT-ERPCLOUD_WACSFPRC,FPRC_LinesToReturn,
TSGT_ORAC_UTIL_WACS_FPRC_RECE_SY_01.23.3004.iar.yaml,TSGT_ORAC_UTIL_WACS_FPRC_RECE_SY|01.23.3004,TSGT_ORAC_UTIL_WACS_FPRC_RECE_SY,TSGT Oracle Utilities WACS FPRC Receipts Sync,01.23.3004,InvokeReceiptsTxnReq(i5),Adapter_Invoke,,,,,OUTL-BRT-ERPCLOUD_WACSFPRC,InvokeReceiptsTxnReq,
TSGT_ORAC_UTIL_WACS_FPRC_RECE_SY_01.23.3004.iar.yaml,TSGT_ORAC_UTIL_WACS_FPRC_RECE_SY|01.23.3004,TSGT_ORAC_UTIL_WACS_FPRC_RECE_SY,TSGT Oracle Utilities WACS FPRC Receipts Sync,01.23.3004,GetReceivingReceiptTxnProcErrors(i4),Adapter_Invoke,,,,,OUTL-BRT-ERPCLOUD_WACSFPRC,GetReceivingReceiptTxnProcErrors,
TSGT_ORAC_UTIL_WACS_FPRC_RECE_SY_01.23.3004.iar.yaml,TSGT_ORAC_UTIL_WACS_FPRC_RECE_SY|01.23.3004,TSGT_ORAC_UTIL_WACS_FPRC_RECE_SY,TSGT Oracle Utilities WACS FPRC Receipts Sync,01.23.3004,ClosePOLines(i3),Adapter_Invoke,,,,,OUTL-BRT-ERPCLOUD_WACSFPRC,ClosePOLines,
TSGT_ORAC_UTIL_WACS_FPRC_RETU_SY_01.23.3002.iar.yaml,TSGT_ORAC_UTIL_WACS_FPRC_RETU_SY|01.23.3002,TSGT_ORAC_UTIL_WACS_FPRC_RETU_SY,TSGT Oracle Utilities WACS FPRC Returns Sync,01.23.3002,getLinesToReturn(i0),Adapter_Invoke,,,,,OUTL-BRT-ERPCLOUD_WACSFPRC,getLinesToReturn,
TSGT_ORAC_UTIL_WACS_FPRC_RETU_SY_01.23.3002.iar.yaml,TSGT_ORAC_UTIL_WACS_FPRC_RETU_SY|01.23.3002,TSGT_ORAC_UTIL_WACS_FPRC_RETU_SY,TSGT Oracle Utilities WACS FPRC Returns Sync,01.23.3002,returnReceipts(i1),Adapter_Invoke,,,,,OUTL-BRT-ERPCLOUD_WACSFPRC,returnReceipts,
TSGT_ORAC_UTIL_WACS_FPRC_RETU_SY_01.23.3002.iar.yaml,TSGT_ORAC_UTIL_WACS_FPRC_RETU_SY|01.23.3002,TSGT_ORAC_UTIL_WACS_FPRC_RETU_SY,TSGT Oracle Utilities WACS FPRC Returns Sync,01.23.3002,getProcessErrors(i2),Adapter_Invoke,,,,,OUTL-BRT-ERPCLOUD_WACSFPRC,getProcessErrors,
TSGT_OUTIL_FPRC_WACS_INVOICE_APP_01.23.3002.iar.yaml,TSGT_OUTIL_FPRC_WACS_INVOICE_APP|01.23.3002,TSGT_OUTIL_FPRC_WACS_INVOICE_APP,TSGT Oracle Utilities FPRC WACS Invoice_Approved,01.23.3002,GetInvoiceInfo(i1),Adapter_Invoke,,,,,OUTL-BRT-ERPCLOUD_WACSFPRC,GetInvoiceInfo,
TSGT_OUTIL_FPRC_WACS_INVOICE_APP_01.23.3002.iar.yaml,TSGT_OUTIL_FPRC_WACS_INVOICE_APP|01.23.3002,TSGT_OUTIL_FPRC_WACS_INVOICE_APP,TSGT Oracle Utilities FPRC WACS Invoice_Approved,01.23.3002,checkPOExistInWACS(i5),Adapter_Invoke,,,,https://us-phoenix-1.utilities-cloud.oracleindustry.com:443/c2g65p/prod/wac/rest/apis/cm/purchasing/purchaseOrderExists/,OUTL-BRT-REST-WACS_WACSFPRC,checkPOExistInWACS,
TSGT_OUTIL_FPRC_WACS_INVOICE_APP_01.23.3002.iar.yaml,TSGT_OUTIL_FPRC_WACS_INVOICE_APP|01.23.3002,TSGT_OUTIL_FPRC_WACS_INVOICE_APP,TSGT Oracle Utilities FPRC WACS Invoice_Approved,01.23.3002,GetInvoiceDistributionDFF(i4),Adapter_Invoke,,,,,OUTL-BRT-ERPCLOUD_WACSFPRC,GetInvoiceDistributionDFF,
TSGT_OUTIL_FPRC_WACS_INVOICE_APP_01.23.3002.iar.yaml,TSGT_OUTIL_FPRC_WACS_INVOICE_APP|01.23.3002,TSGT_OUTIL_FPRC_WACS_INVOICE_APP,TSGT Oracle Utilities FPRC WACS Invoice_Approved,01.23.3002,GetInvoiceTransTaxLines(i0),Adapter_Invoke,,,,,OUTL-BRT-ERPCLOUD_WACSFPRC,GetInvoiceTransTaxLines,
TSGT_OUTIL_FPRC_WACS_INVOICE_APP_01.23.3002.iar.yaml,TSGT_OUTIL_FPRC_WACS_INVOICE_APP|01.23.3002,TSGT_OUTIL_FPRC_WACS_INVOICE_APP,TSGT Oracle Utilities FPRC WACS Invoice_Approved,01.23.3002,GetInvoiceTransTaxLines2(i3),Adapter_Invoke,,,,,OUTL-BRT-ERPCLOUD_WACSFPRC,GetInvoiceTransTaxLines2,
TSGT_OUTIL_FPRC_WACS_INVOICE_APP_01.23.3002.iar.yaml,TSGT_OUTIL_FPRC_WACS_INVOICE_APP|01.23.3002,TSGT_OUTIL_FPRC_WACS_INVOICE_APP,TSGT Oracle Utilities FPRC WACS Invoice_Approved,01.23.3002,WACS_InvoiceSync(i2),Adapter_Invoke,,,,https://us-phoenix-1.utilities-cloud.oracleindustry.com:443/c2g65p/prod/wac/rest/apis/asset/purchasing/invoiceSynchronization/,OUTL-BRT-REST-WACS_WACSFPRC,WACS_InvoiceSync,
TSGT_OUTL_FPRC_WACS_PO_SYNC_01.23.3007.iar.yaml,TSGT_OUTL_FPRC_WACS_PO_SYNC|01.23.3007,TSGT_OUTL_FPRC_WACS_PO_SYNC,TSGT Oracle Utilities FPRC WACS Purchase Order,01.23.3007,getPRHeaderDetails(i0),Adapter_Invoke,,,,https://us-phoenix-1.utilities-cloud.oracleindustry.com:443/c2g65p/prod/wac/rest/apis/cm/purchasing/PRHeader/{prid},ORAC_UTIL_REST_WACS_FOR_OFSC_WAC,getPRHeaderDetails,
TSGT_OUTL_FPRC_WACS_PO_SYNC_01.23.3007.iar.yaml,TSGT_OUTL_FPRC_WACS_PO_SYNC|01.23.3007,TSGT_OUTL_FPRC_WACS_PO_SYNC,TSGT Oracle Utilities FPRC WACS Purchase Order,01.23.3007,WACS_PO_Sync(i1),Adapter_Invoke,,,,,OUTL-BRT-SOAP-WACS_WACSOFSC,WACS_PO_Sync,
TSGT_OUTL_WACS_FPRC_PR_SYNC_01.23.3007.iar.yaml,TSGT_OUTL_WACS_FPRC_PR_SYNC|01.23.3007,TSGT_OUTL_WACS_FPRC_PR_SYNC,TSGT Oracle Utilities WACS FPRC Pur Requisition Sy,01.23.3007,getOrderInfo(i2),Adapter_Invoke,,,,,OUTL-BRT-ERPCLOUD_WACSFPRC,getOrderInfo,
TSGT_OUTL_WACS_FPRC_PR_SYNC_01.23.3007.iar.yaml,TSGT_OUTL_WACS_FPRC_PR_SYNC|01.23.3007,TSGT_OUTL_WACS_FPRC_PR_SYNC,TSGT Oracle Utilities WACS FPRC Pur Requisition Sy,01.23.3007,getBuyer(i3),Adapter_Invoke,,,,,OUTL-BRT-ERPCLOUD_WACSFPRC,getBuyer,
TSGT_OUTL_WACS_FPRC_PR_SYNC_01.23.3007.iar.yaml,TSGT_OUTL_WACS_FPRC_PR_SYNC|01.23.3007,TSGT_OUTL_WACS_FPRC_PR_SYNC,TSGT Oracle Utilities WACS FPRC Pur Requisition Sy,01.23.3007,CreatePurchaseRequisition(i0),Adapter_Invoke,,,,,OUTL-BRT-ERPCLOUD_WACSFPRC,CreatePurchaseRequisition,
TSGT_OUTL_WACS_FPRC_PR_SYNC_01.23.3007.iar.yaml,TSGT_OUTL_WACS_FPRC_PR_SYNC|01.23.3007,TSGT_OUTL_WACS_FPRC_PR_SYNC,TSGT Oracle Utilities WACS FPRC Pur Requisition Sy,01.23.3007,ApprovePurchasRequisition(i1),IntegrationAction,TSGT_UTIL_WACS_FPRC_APPR_REQ,01.22.3001,TSGT Oracle Utilities WACS FPRC Approve Pur Req,/{FPRCRequisitionHeaderId},PRESEEDED_COLLOCATED_CONN_1741,ApprovePurchasRequisition,
TSGT_OUTL_WACS_FPRC_PR_SYNC_01.23.3007.iar.yaml,TSGT_OUTL_WACS_FPRC_PR_SYNC|01.23.3007,TSGT_OUTL_WACS_FPRC_PR_SYNC,TSGT Oracle Utilities WACS FPRC Pur Requisition Sy,01.23.3007,GetinitiatorEmail(i5),Adapter_Invoke,,,,https://us-phoenix-1.utilities-cloud.oracleindustry.com:443/c2g65p/prod/wac/rest/apis/common/admin/identityUsers/{user},OUTL-BRT-REST-WACS_WACSFPRC,GetinitiatorEmail,
TSGT_OUTL_WACS_FPRC_PR_SYNC_01.23.3007.iar.yaml,TSGT_OUTL_WACS_FPRC_PR_SYNC|01.23.3007,TSGT_OUTL_WACS_FPRC_PR_SYNC,TSGT Oracle Utilities WACS FPRC Pur Requisition Sy,01.23.3007,CancelPR(i4),Adapter_Invoke,,,,https://us-phoenix-1.utilities-cloud.oracleindustry.com:443/c2g65p/prod/wac/rest/apis/cm/purchasing/PRHeader/PRUpdate,OUTL-BRT-REST-WACS_WACSFPRC,CancelPR,
TSGT_OUTL_WACS_OFS_ACTIVITY_PROC_01.24.1003.iar.yaml,TSGT_OUTL_WACS_OFS_ACTIVITY_PROC|01.24.1003,TSGT_OUTL_WACS_OFS_ACTIVITY_PROC,TSGT Oracle Utilities WACS OFSC Activity Process,01.24.1003,invokeOFSCAddActivity(i0),Adapter_Invoke,,,,https://tsgt.fs.ocs.oraclecloud.com/rest/ofscCore/v1/activities/custom-actions/bulkUpdate,OUTL-BRT-APP-OFSC_WACSOFSC,invokeOFSCAddActivity,
TSGT_OUTL_WACS_OFS_ACTIVITY_PROC_01.24.1003.iar.yaml,TSGT_OUTL_WACS_OFS_ACTIVITY_PROC|01.24.1003,TSGT_OUTL_WACS_OFS_ACTIVITY_PROC,TSGT Oracle Utilities WACS OFSC Activity Process,01.24.1003,invokeSmartFormSyncService(i9),IntegrationAction,TSGT_SMAR_FORM_SYNC_WACS_TO_OFSC,01.01.0001,TSGT Smart Form Synchronization WACS to OFSC,/send,PRESEEDED_COLLOCATED_CONN_1741,invokeSmartFormSyncService,
TSGT_OUTL_WACS_OFS_ACTIVITY_PROC_01.24.1003.iar.yaml,TSGT_OUTL_WACS_OFS_ACTIVITY_PROC|01.24.1003,TSGT_OUTL_WACS_OFS_ACTIVITY_PROC,TSGT Oracle Utilities WACS OFSC Activity Process,01.24.1003,TargetOFSCAttachment(i1),Adapter_Invoke,,,,https://tsgt.fs.ocs.oraclecloud.com/rest/ofscCore/v1/activities/{activityId}/{propertyLabel},OUTL-BRT-APP-OFSC_WACSOFSC,TargetOFSCAttachment,
TSGT_OUTL_WACS_OFS_ACTIVITY_PROC_01.24.1003.iar.yaml,TSGT_OUTL_WACS_OFS_ACTIVITY_PROC|01.24.1003,TSGT_OUTL_WACS_OFS_ACTIVITY_PROC,TSGT Oracle Utilities WACS OFSC Activity Process,01.24.1003,searchPredecessorActivity(i7),Adapter_Invoke,,,,https://tsgt.fs.ocs.oraclecloud.com/rest/ofscCore/v1/activities/custom-actions/search,OUTL-BRT-APP-OFSC_WACSOFSC,searchPredecessorActivity,
TSGT_OUTL_WACS_OFS_ACTIVITY_PROC_01.24.1003.iar.yaml,TSGT_OUTL_WACS_OFS_ACTIVITY_PROC|01.24.1003,TSGT_OUTL_WACS_OFS_ACTIVITY_PROC,TSGT Oracle Utilities WACS OFSC Activity Process,01.24.1003,createOrReplaceActivityLink(i8),Adapter_Invoke,,,,https://tsgt.fs.ocs.oraclecloud.com/rest/ofscCore/v1/activities/{activityId}/linkedActivities/{linkedActivityId}/linkTypes/{linkType},OUTL-BRT-APP-OFSC_WACSOFSC,createOrReplaceActivityLink,
TSGT_OUTL_WACS_OFS_ACTIVITY_PROC_01.24.1003.iar.yaml,TSGT_OUTL_WACS_OFS_ACTIVITY_PROC|01.24.1003,TSGT_OUTL_WACS_OFS_ACTIVITY_PROC,TSGT Oracle Utilities WACS OFSC Activity Process,01.24.1003,TargetOFSCLabor(i2),Adapter_Invoke,,,,https://tsgt.fs.ocs.oraclecloud.com/rest/ofscCore/v1/activities/{activityId},OUTL-BRT-APP-OFSC_WACSOFSC,TargetOFSCLabor,
TSGT_OUTL_WACS_OFS_ACTIVITY_PROC_01.24.1003.iar.yaml,TSGT_OUTL_WACS_OFS_ACTIVITY_PROC|01.24.1003,TSGT_OUTL_WACS_OFS_ACTIVITY_PROC,TSGT Oracle Utilities WACS OFSC Activity Process,01.24.1003,TargetOFSCEquipment(i6),Adapter_Invoke,,,,https://tsgt.fs.ocs.oraclecloud.com/rest/ofscCore/v1/activities/{activityId},OUTL-BRT-APP-OFSC_WACSOFSC,TargetOFSCEquipment,
TSGT_OUTL_WACS_OFS_ACTIVITY_PROC_01.24.1003.iar.yaml,TSGT_OUTL_WACS_OFS_ACTIVITY_PROC|01.24.1003,TSGT_OUTL_WACS_OFS_ACTIVITY_PROC,TSGT Oracle Utilities WACS OFSC Activity Process,01.24.1003,searchActivity(i5),Adapter_Invoke,,,,https://tsgt.fs.ocs.oraclecloud.com/rest/ofscCore/v1/activities/custom-actions/search,OUTL-BRT-APP-OFSC_WACSOFSC,searchActivity,
TSGT_OUTL_WACS_OFS_ACTIVITY_PROC_01.24.1003.iar.yaml,TSGT_OUTL_WACS_OFS_ACTIVITY_PROC|01.24.1003,TSGT_OUTL_WACS_OFS_ACTIVITY_PROC,TSGT Oracle Utilities WACS OFSC Activity Process,01.24.1003,cancelActivity(i3),Adapter_Invoke,,,,/ofscCore/v1/activities/{activityId}/custom-actions/cancel,OUTL-BRT-REST-OFSC_WACSOFSC,cancelActivity,
TSGT_OUTL_WACS_OFS_ACTIVITY_PROC_01.24.1003.iar.yaml,TSGT_OUTL_WACS_OFS_ACTIVITY_PROC|01.24.1003,TSGT_OUTL_WACS_OFS_ACTIVITY_PROC,TSGT Oracle Utilities WACS OFSC Activity Process,01.24.1003,InvokePullUpdateFlow(i4),IntegrationAction,TSGT_ORAC_UTIL_OFSC_WACS_ACTI_PU,01.23.1001,TSGT Oracle Utilities OFSC WACS Activity Pull Upd,/retrieveUpdates,PRESEEDED_COLLOCATED_CONN_1741,InvokePullUpdateFlow,
TSGT_OU_OFSC_WACS_RESO_USAG_DETA_01.24.0001.iar.yaml,TSGT_OU_OFSC_WACS_RESO_USAG_DETA|01.24.0001,TSGT_OU_OFSC_WACS_RESO_USAG_DETA,TSGT OU OFSC WACS Resource Usage Details,01.24.0001,invokeWAMEquipment(i1),Adapter_Invoke,,,,,OUTL-BRT-SOAP-WACS_WACSOFSC,invokeWAMEquipment,
TSGT_OU_OFSC_WACS_RESO_USAG_DETA_01.24.0001.iar.yaml,TSGT_OU_OFSC_WACS_RESO_USAG_DETA|01.24.0001,TSGT_OU_OFSC_WACS_RESO_USAG_DETA,TSGT OU OFSC WACS Resource Usage Details,01.24.0001,invokeOtherUsageDetails(i2),Adapter_Invoke,,,,,OUTL-BRT-SOAP-WACS_WACSOFSC,invokeOtherUsageDetails,
TSGT_OU_OFSC_WACS_RESO_USAG_DETA_01.24.0001.iar.yaml,TSGT_OU_OFSC_WACS_RESO_USAG_DETA|01.24.0001,TSGT_OU_OFSC_WACS_RESO_USAG_DETA,TSGT OU OFSC WACS Resource Usage Details,01.24.0001,invokeWAMResource(i0),Adapter_Invoke,,,,,OUTL-BRT-SOAP-WACS_WACSOFSC,invokeWAMResource,
TSGT_OU_WACS_ERPFA_ASSET_RETIRE_01.23.2002.iar.yaml,TSGT_OU_WACS_ERPFA_ASSET_RETIRE|01.23.2002,TSGT_OU_WACS_ERPFA_ASSET_RETIRE,TSGT OU WACS ERPFA Asset Retirement,01.23.2002,getCostFromBIReport(i5),Adapter_Invoke,,,,,OUTL-BRT-SOAP-ERPBI_WACSERPFA,getCostFromBIReport,
TSGT_OU_WACS_ERPFA_ASSET_RETIRE_01.23.2002.iar.yaml,TSGT_OU_WACS_ERPFA_ASSET_RETIRE|01.23.2002,TSGT_OU_WACS_ERPFA_ASSET_RETIRE,TSGT OU WACS ERPFA Asset Retirement,01.23.2002,invokeErrorHandler(i3),IntegrationAction,OUTL-BA-WACS_ERPFA_ERROR,01.23.2024,OU WACS ERPFA Common Error Handler,/ErrorCollection,PRESEEDED_COLLOCATED_CONN_1741,invokeErrorHandler,
TSGT_OU_WACS_ERPFA_ASSET_RETIRE_01.23.2002.iar.yaml,TSGT_OU_WACS_ERPFA_ASSET_RETIRE|01.23.2002,TSGT_OU_WACS_ERPFA_ASSET_RETIRE,TSGT OU WACS ERPFA Asset Retirement,01.23.2002,ImportFAMassRetirement(i1),Adapter_Invoke,,,,,OUTL-BRT-APP-ERPFA_WACSERPFA,ImportFAMassRetirement,
TSGT_OU_WACS_ERPFA_ASSET_RETIRE_01.23.2002.iar.yaml,TSGT_OU_WACS_ERPFA_ASSET_RETIRE|01.23.2002,TSGT_OU_WACS_ERPFA_ASSET_RETIRE,TSGT OU WACS ERPFA Asset Retirement,01.23.2002,invokeCommonErrorHandler(i4),IntegrationAction,OUTL-BA-WACS_ERPFA_ERROR,01.23.2024,OU WACS ERPFA Common Error Handler,/ErrorCollection,PRESEEDED_COLLOCATED_CONN_1741,invokeCommonErrorHandler,
TSGT_OU_WACS_ERPFA_ASSET_RETIRE_01.23.2002.iar.yaml,TSGT_OU_WACS_ERPFA_ASSET_RETIRE|01.23.2002,TSGT_OU_WACS_ERPFA_ASSET_RETIRE,TSGT OU WACS ERPFA Asset Retirement,01.23.2002,InvokeErrorHandlerProcess(i2),IntegrationAction,OUTL-BA-WACS_ERPFA_ERROR,01.23.1000,OU WACS ERPFA Common Error Handler,/ErrorCollection,PRESEEDED_COLLOCATED_CONN_1741,InvokeErrorHandlerProcess,
TSGT_OU_WACS_ERPFA_PRJ_ASSET_ADD_01.23.2002.iar.yaml,TSGT_OU_WACS_ERPFA_PRJ_ASSET_ADD|01.23.2002,TSGT_OU_WACS_ERPFA_PRJ_ASSET_ADD,TSGT OU WACS ERPFA Project Asset Addition,01.23.2002,invokeErrorHandler(i1),IntegrationAction,OUTL-BA-WACS_ERPFA_ERROR,01.23.1000,OU WACS ERPFA Common Error Handler,/ErrorCollection,PRESEEDED_COLLOCATED_CONN_1741,invokeErrorHandler,
TSGT_OU_WACS_ERPFA_PRJ_ASSET_ADD_01.23.2002.iar.yaml,TSGT_OU_WACS_ERPFA_PRJ_ASSET_ADD|01.23.2002,TSGT_OU_WACS_ERPFA_PRJ_ASSET_ADD,TSGT OU WACS ERPFA Project Asset Addition,01.23.2002,importAssetsandAssignmentFBDI(i0),Adapter_Invoke,,,,,OUTL-BRT-APP-ERPFA_WACSERPFA,importAssetsandAssignmentFBDI,
TSGT_OU_WACS_ERPFA_PRJ_ASSET_ADD_01.23.2002.iar.yaml,TSGT_OU_WACS_ERPFA_PRJ_ASSET_ADD|01.23.2002,TSGT_OU_WACS_ERPFA_PRJ_ASSET_ADD,TSGT OU WACS ERPFA Project Asset Addition,01.23.2002,invokeCommonErrorHandler(i3),IntegrationAction,OUTL-BA-WACS_ERPFA_ERROR,01.23.2024,OU WACS ERPFA Common Error Handler,/ErrorCollection,PRESEEDED_COLLOCATED_CONN_1741,invokeCommonErrorHandler,
TSGT_OU_WACS_ERPFA_PRJ_ASSET_ADD_01.23.2002.iar.yaml,TSGT_OU_WACS_ERPFA_PRJ_ASSET_ADD|01.23.2002,TSGT_OU_WACS_ERPFA_PRJ_ASSET_ADD,TSGT OU WACS ERPFA Project Asset Addition,01.23.2002,invokeErrorHandlerIntegration(i2),IntegrationAction,OUTL-BA-WACS_ERPFA_ERROR,01.23.2024,OU WACS ERPFA Common Error Handler,/ErrorCollection,PRESEEDED_COLLOCATED_CONN_1741,invokeErrorHandlerIntegration,
TSGT_POWERB_SESSIO_UTILIT_SERVIC_01.02.0000.iar.yaml,TSGT_POWERB_SESSIO_UTILIT_SERVIC|01.02.0000,TSGT_POWERB_SESSIO_UTILIT_SERVIC,TSGT Powerbase Session Utility Service,01.02.0000,closeSessionInPowerbase(i2),Adapter_Invoke,,,,/CloseSession,TSGT_POWERBASE_REST,closeSessionInPowerbase,
TSGT_POWERB_SESSIO_UTILIT_SERVIC_01.02.0000.iar.yaml,TSGT_POWERB_SESSIO_UTILIT_SERVIC|01.02.0000,TSGT_POWERB_SESSIO_UTILIT_SERVIC,TSGT Powerbase Session Utility Service,01.02.0000,checkSessionStatusInPowerbase(i1),Adapter_Invoke,,,,/CheckSession,TSGT_POWERBASE_REST,checkSessionStatusInPowerbase,
TSGT_POWERB_SESSIO_UTILIT_SERVIC_01.02.0000.iar.yaml,TSGT_POWERB_SESSIO_UTILIT_SERVIC|01.02.0000,TSGT_POWERB_SESSIO_UTILIT_SERVIC,TSGT Powerbase Session Utility Service,01.02.0000,GetPassword(i3),IntegrationAction,GET_SECRET_BY_NAME,01.00.0000,Get Secret By Name,/getByName,PRESEEDED_COLLOCATED_CONN_1741,GetPassword,
TSGT_POWERB_SESSIO_UTILIT_SERVIC_01.02.0000.iar.yaml,TSGT_POWERB_SESSIO_UTILIT_SERVIC|01.02.0000,TSGT_POWERB_SESSIO_UTILIT_SERVIC,TSGT Powerbase Session Utility Service,01.02.0000,CreateSessionInPowerBase(i0),Adapter_Invoke,,,,/CreateSession,TSGT_POWERBASE_REST,CreateSessionInPowerBase,
TSGT_PROJEC_CAPITA_BURDEN_CORREC_01.00.0000.iar.yaml,TSGT_PROJEC_CAPITA_BURDEN_CORREC|01.00.0000,TSGT_PROJEC_CAPITA_BURDEN_CORREC,TSGT Project Capitalizable Burden Correction,01.00.0000,Callexptypelevelreport(i0),Adapter_Invoke,,,,,TSGTSOAPERPBIP_CONN,Callexptypelevelreport,
TSGT_PROJEC_CAPITA_BURDEN_CORREC_01.00.0000.iar.yaml,TSGT_PROJEC_CAPITA_BURDEN_CORREC|01.00.0000,TSGT_PROJEC_CAPITA_BURDEN_CORREC,TSGT Project Capitalizable Burden Correction,01.00.0000,CallExpIDLevelReport(i2),Adapter_Invoke,,,,,TSGTSOAPERPBIP_CONN,CallExpIDLevelReport,
TSGT_PROJEC_CAPITA_BURDEN_CORREC_01.00.0000.iar.yaml,TSGT_PROJEC_CAPITA_BURDEN_CORREC|01.00.0000,TSGT_PROJEC_CAPITA_BURDEN_CORREC,TSGT Project Capitalizable Burden Correction,01.00.0000,writeexpitemlevelreporttoSFTP(i3),Adapter_Invoke,,,,,TSGTFTP_CONN,writeexpitemlevelreporttoSFTP,
TSGT_PROJEC_CAPITA_BURDEN_CORREC_01.00.0000.iar.yaml,TSGT_PROJEC_CAPITA_BURDEN_CORREC|01.00.0000,TSGT_PROJEC_CAPITA_BURDEN_CORREC,TSGT Project Capitalizable Burden Correction,01.00.0000,callgetgldaterep(i1),Adapter_Invoke,,,,,TSGTSOAPERPBIP_CONN,callgetgldaterep,
TSGT_PROJEC_CAPITA_BURDEN_CORREC_01.00.0000.iar.yaml,TSGT_PROJEC_CAPITA_BURDEN_CORREC|01.00.0000,TSGT_PROJEC_CAPITA_BURDEN_CORREC,TSGT Project Capitalizable Burden Correction,01.00.0000,CallFBDIProcess(i4),Adapter_Invoke,,,,,TSGTERPCLOUD_CONN,CallFBDIProcess,
TSGT_PROJ_TOP_TASK_SYNC_TO_WACS_01.00.0002.iar.yaml,TSGT_PROJ_TOP_TASK_SYNC_TO_WACS|01.00.0002,TSGT_PROJ_TOP_TASK_SYNC_TO_WACS,TSGT Project And Top Task Sync To WACS,01.00.0002,listFilesFromERPSFTPLocation(i0),Adapter_Invoke,,,,,TSGTFTP_CONN,listFilesFromERPSFTPLocation,
TSGT_PROJ_TOP_TASK_SYNC_TO_WACS_01.00.0002.iar.yaml,TSGT_PROJ_TOP_TASK_SYNC_TO_WACS|01.00.0002,TSGT_PROJ_TOP_TASK_SYNC_TO_WACS,TSGT Project And Top Task Sync To WACS,01.00.0002,readEachFileFromERPSFTPLocation(i1),Adapter_Invoke,,,,,TSGTFTP_CONN,readEachFileFromERPSFTPLocation,
TSGT_PROJ_TOP_TASK_SYNC_TO_WACS_01.00.0002.iar.yaml,TSGT_PROJ_TOP_TASK_SYNC_TO_WACS|01.00.0002,TSGT_PROJ_TOP_TASK_SYNC_TO_WACS,TSGT Project And Top Task Sync To WACS,01.00.0002,invokeProjectTaskWACS(i7),Adapter_Invoke,,,,https://us-phoenix-1.utilities-cloud.oracleindustry.com:443/c2g65p/prod/wac/rest/apis/cm/financials/project/,ORAC_UTIL_REST_WACS_FOR_WACS_PPM,invokeProjectTaskWACS,
TSGT_PROJ_TOP_TASK_SYNC_TO_WACS_01.00.0002.iar.yaml,TSGT_PROJ_TOP_TASK_SYNC_TO_WACS|01.00.0002,TSGT_PROJ_TOP_TASK_SYNC_TO_WACS,TSGT Project And Top Task Sync To WACS,01.00.0002,moveEachFileToArchiveDirectory(i4),Adapter_Invoke,,,,,TSGTFTP_CONN,moveEachFileToArchiveDirectory,
TSGT_PROJ_TOP_TASK_SYNC_TO_WACS_01.00.0002.iar.yaml,TSGT_PROJ_TOP_TASK_SYNC_TO_WACS|01.00.0002,TSGT_PROJ_TOP_TASK_SYNC_TO_WACS,TSGT Project And Top Task Sync To WACS,01.00.0002,moveFileToErrorDirectory(i5),Adapter_Invoke,,,,,TSGTFTP_CONN,moveFileToErrorDirectory,
TSGT_PROJ_TOP_TASK_SYNC_TO_WACS_01.00.0002.iar.yaml,TSGT_PROJ_TOP_TASK_SYNC_TO_WACS|01.00.0002,TSGT_PROJ_TOP_TASK_SYNC_TO_WACS,TSGT Project And Top Task Sync To WACS,01.00.0002,sendEmailNotificationForErrorRecords(i6),IntegrationAction,TSGT_ENTERPRISENOTIFI,01.00.0000,TSGT EnterpriseNotificationService,/send,PRESEEDED_COLLOCATED_CONN_1741,sendEmailNotificationForErrorRecords,
TSGT_PROJ_TOP_TASK_SYNC_TO_WACS_01.00.0002.iar.yaml,TSGT_PROJ_TOP_TASK_SYNC_TO_WACS|01.00.0002,TSGT_PROJ_TOP_TASK_SYNC_TO_WACS,TSGT Project And Top Task Sync To WACS,01.00.0002,sendNotifications(i3),IntegrationAction,TSGT_ENTERPRISENOTIFI,01.00.0000,TSGT EnterpriseNotificationService,/send,PRESEEDED_COLLOCATED_CONN_1741,sendNotifications,
TSGT_PROJ_TOP_TASK_SYNC_TO_WACS_01.00.0002.iar.yaml,TSGT_PROJ_TOP_TASK_SYNC_TO_WACS|01.00.0002,TSGT_PROJ_TOP_TASK_SYNC_TO_WACS,TSGT Project And Top Task Sync To WACS,01.00.0002,sendNotification(i2),IntegrationAction,TSGT_ENTERPRISENOTIFI,01.00.0000,TSGT EnterpriseNotificationService,/send,PRESEEDED_COLLOCATED_CONN_1741,sendNotification,
TSGT_SCM_TO_WACS_UNIFER_PO_SYNC_01.01.0000.iar.yaml,TSGT_SCM_TO_WACS_UNIFER_PO_SYNC|01.01.0000,TSGT_SCM_TO_WACS_UNIFER_PO_SYNC,TSGT SCM To WACS Unifier Purchase order Sync,01.01.0000,WACS-PO-Sync(i0),Adapter_Invoke,,,,,OUTL-BRT-SOAP-WACS_WACSOFSC,WACS-PO-Sync,
TSGT_SMAR_COMP_SYNC_OFSC_TO_WACS_01.00.0006.iar.yaml,TSGT_SMAR_COMP_SYNC_OFSC_TO_WACS|01.00.0006,TSGT_SMAR_COMP_SYNC_OFSC_TO_WACS,TSGT SmartForm Completion Sync OFSC To WACS,01.00.0006,getEvents(i1),Adapter_Invoke,,,,/rest/ofscCore/v1/activities/{activityId}/submittedForms,TSGT_OFSC_REST_FOR_WACS_OFSC,getEvents,
TSGT_SMAR_COMP_SYNC_OFSC_TO_WACS_01.00.0006.iar.yaml,TSGT_SMAR_COMP_SYNC_OFSC_TO_WACS|01.00.0006,TSGT_SMAR_COMP_SYNC_OFSC_TO_WACS,TSGT SmartForm Completion Sync OFSC To WACS,01.00.0006,getActivityCustomerInventories(i5),Adapter_Invoke,,,,/rest/ofscCore/v1/activities/{activityId}/customerInventories,TSGT_OFSC_REST_FOR_WACS_OFSC,getActivityCustomerInventories,
TSGT_SMAR_COMP_SYNC_OFSC_TO_WACS_01.00.0006.iar.yaml,TSGT_SMAR_COMP_SYNC_OFSC_TO_WACS|01.00.0006,TSGT_SMAR_COMP_SYNC_OFSC_TO_WACS,TSGT SmartForm Completion Sync OFSC To WACS,01.00.0006,getDeinstalledInventories(i6),Adapter_Invoke,,,,/rest/ofscCore/v1/activities/{activityId}/deinstalledInventories,TSGT_OFSC_REST_FOR_WACS_OFSC,getDeinstalledInventories,
TSGT_SMAR_COMP_SYNC_OFSC_TO_WACS_01.00.0006.iar.yaml,TSGT_SMAR_COMP_SYNC_OFSC_TO_WACS|01.00.0006,TSGT_SMAR_COMP_SYNC_OFSC_TO_WACS,TSGT SmartForm Completion Sync OFSC To WACS,01.00.0006,getInstalledInventories(i8),Adapter_Invoke,,,,/rest/ofscCore/v1/activities/{activityId}/installedInventories,TSGT_OFSC_REST_FOR_WACS_OFSC,getInstalledInventories,
TSGT_SMAR_COMP_SYNC_OFSC_TO_WACS_01.00.0006.iar.yaml,TSGT_SMAR_COMP_SYNC_OFSC_TO_WACS|01.00.0006,TSGT_SMAR_COMP_SYNC_OFSC_TO_WACS,TSGT SmartForm Completion Sync OFSC To WACS,01.00.0006,invokeServiceHistoryInWACS(i2),Adapter_Invoke,,,,https://us-phoenix-1.stg.utilities-cloud.oracleindustry.com:443/c2g65p/test/wac/rest/apis/cm/general/questionnaireSvcHistory/,ORAC_UTIL_REST_WACS_FOR_OFSC_WAC,invokeServiceHistoryInWACS,
TSGT_SMAR_COMP_SYNC_OFSC_TO_WACS_01.00.0006.iar.yaml,TSGT_SMAR_COMP_SYNC_OFSC_TO_WACS|01.00.0006,TSGT_SMAR_COMP_SYNC_OFSC_TO_WACS,TSGT SmartForm Completion Sync OFSC To WACS,01.00.0006,createAttachments(i7),IntegrationAction,TSGT_CREA_ATTA_IN_WACS_FOR_SMAR_,01.00.0001,TSGT Create Attachments in WACS For SmartForm Comp,/attachements,PRESEEDED_COLLOCATED_CONN_1741,createAttachments,
TSGT_SMAR_COMP_SYNC_OFSC_TO_WACS_01.00.0006.iar.yaml,TSGT_SMAR_COMP_SYNC_OFSC_TO_WACS|01.00.0006,TSGT_SMAR_COMP_SYNC_OFSC_TO_WACS,TSGT SmartForm Completion Sync OFSC To WACS,01.00.0006,updateInventory(i9),Adapter_Invoke,,,,https://tsgt1.test.fs.ocs.oraclecloud.com/rest/ofscCore/v1/inventories/{inventoryId},OUTL-BRT-APP-OFSC_WACSOFSC,updateInventory,
TSGT_SMAR_COMP_SYNC_OFSC_TO_WACS_01.00.0006.iar.yaml,TSGT_SMAR_COMP_SYNC_OFSC_TO_WACS|01.00.0006,TSGT_SMAR_COMP_SYNC_OFSC_TO_WACS,TSGT SmartForm Completion Sync OFSC To WACS,01.00.0006,invokeUpdateOFSUpdateInventory(i10),Adapter_Invoke,,,,https://tsgt1.test.fs.ocs.oraclecloud.com/rest/ofscCore/v1/inventories/{inventoryId},OUTL-BRT-APP-OFSC_WACSOFSC,invokeUpdateOFSUpdateInventory,
TSGT_SMAR_COMP_SYNC_OFSC_TO_WACS_01.00.0006.iar.yaml,TSGT_SMAR_COMP_SYNC_OFSC_TO_WACS|01.00.0006,TSGT_SMAR_COMP_SYNC_OFSC_TO_WACS,TSGT SmartForm Completion Sync OFSC To WACS,01.00.0006,sendNotificationForErrorEvent(i3),IntegrationAction,TSGT_ENTERPRISENOTIFI,01.00.0000,TSGT EnterpriseNotificationService,/send,PRESEEDED_COLLOCATED_CONN_1741,sendNotificationForErrorEvent,
TSGT_SMAR_COMP_SYNC_OFSC_TO_WACS_01.00.0006.iar.yaml,TSGT_SMAR_COMP_SYNC_OFSC_TO_WACS|01.00.0006,TSGT_SMAR_COMP_SYNC_OFSC_TO_WACS,TSGT SmartForm Completion Sync OFSC To WACS,01.00.0006,sendNotification(i4),IntegrationAction,TSGT_ENTERPRISENOTIFI,01.00.0000,TSGT EnterpriseNotificationService,/send,PRESEEDED_COLLOCATED_CONN_1741,sendNotification,
TSGT_SMAR_FORM_SYNC_WACS_TO_OFSC_01.01.0002.iar.yaml,TSGT_SMAR_FORM_SYNC_WACS_TO_OFSC|01.01.0002,TSGT_SMAR_FORM_SYNC_WACS_TO_OFSC,TSGT Smart Form Synchronization WACS to OFSC,01.01.0002,getActivityDetails(i0),Adapter_Invoke,,,,https://us-phoenix-1.utilities-cloud.oracleindustry.com:443/c2g65p/prod/wac/rest/apis/cm/general/sendActDetails/,ORAC_UTIL_REST_WACS_FOR_OFSC_WAC,getActivityDetails,
TSGT_SMAR_FORM_SYNC_WACS_TO_OFSC_01.01.0002.iar.yaml,TSGT_SMAR_FORM_SYNC_WACS_TO_OFSC|01.01.0002,TSGT_SMAR_FORM_SYNC_WACS_TO_OFSC,TSGT Smart Form Synchronization WACS to OFSC,01.01.0002,getActivityCustomerInventories(i1),Adapter_Invoke,,,,/rest/ofscCore/v1/activities/{activityId}/customerInventories,TSGT_OFSC_REST_FOR_WACS_OFSC,getActivityCustomerInventories,
TSGT_SMAR_FORM_SYNC_WACS_TO_OFSC_01.01.0002.iar.yaml,TSGT_SMAR_FORM_SYNC_WACS_TO_OFSC|01.01.0002,TSGT_SMAR_FORM_SYNC_WACS_TO_OFSC,TSGT Smart Form Synchronization WACS to OFSC,01.01.0002,getActivityInstalledInventories(i2),Adapter_Invoke,,,,/rest/ofscCore/v1/activities/{activityId}/installedInventories,TSGT_OFSC_REST_FOR_WACS_OFSC,getActivityInstalledInventories,
TSGT_SMAR_FORM_SYNC_WACS_TO_OFSC_01.01.0002.iar.yaml,TSGT_SMAR_FORM_SYNC_WACS_TO_OFSC|01.01.0002,TSGT_SMAR_FORM_SYNC_WACS_TO_OFSC,TSGT Smart Form Synchronization WACS to OFSC,01.01.0002,getActivityDeinstalledInventories(i3),Adapter_Invoke,,,,/rest/ofscCore/v1/activities/{activityId}/deinstalledInventories,TSGT_OFSC_REST_FOR_WACS_OFSC,getActivityDeinstalledInventories,
TSGT_SMAR_FORM_SYNC_WACS_TO_OFSC_01.01.0002.iar.yaml,TSGT_SMAR_FORM_SYNC_WACS_TO_OFSC|01.01.0002,TSGT_SMAR_FORM_SYNC_WACS_TO_OFSC,TSGT Smart Form Synchronization WACS to OFSC,01.01.0002,updateInventory(i4),Adapter_Invoke,,,,https://tsgt.fs.ocs.oraclecloud.com/rest/ofscCore/v1/inventories/{inventoryId},OUTL-BRT-APP-OFSC_WACSOFSC,updateInventory,
TSGT_SMAR_FORM_SYNC_WACS_TO_OFSC_01.01.0002.iar.yaml,TSGT_SMAR_FORM_SYNC_WACS_TO_OFSC|01.01.0002,TSGT_SMAR_FORM_SYNC_WACS_TO_OFSC,TSGT Smart Form Synchronization WACS to OFSC,01.01.0002,sendNotification(i5),IntegrationAction,TSGT_ENTERPRISENOTIFI,01.00.0000,TSGT EnterpriseNotificationService,/send,PRESEEDED_COLLOCATED_CONN_1741,sendNotification,
TSGT_SMAR_FORM_SYNC_WACS_TO_OFSC_01.01.0002.iar.yaml,TSGT_SMAR_FORM_SYNC_WACS_TO_OFSC|01.01.0002,TSGT_SMAR_FORM_SYNC_WACS_TO_OFSC,TSGT Smart Form Synchronization WACS to OFSC,01.01.0002,sendEmailNotification(i6),IntegrationAction,TSGT_ENTERPRISENOTIFI,01.00.0000,TSGT EnterpriseNotificationService,/send,PRESEEDED_COLLOCATED_CONN_1741,sendEmailNotification,
TSGT_SYNC_EMPLO_WACS_TO_OFSC_01.01.0001.iar.yaml,TSGT_SYNC_EMPLO_WACS_TO_OFSC|01.01.0001,TSGT_SYNC_EMPLO_WACS_TO_OFSC,TSGT Sync Employee WACS To OFSC,01.01.0001,createResourceInOFSC(i1),Adapter_Invoke,,,,https://tsgt.fs.ocs.oraclecloud.com/rest/ofscCore/v1/resources/{resourceId},OUTL-BRT-APP-OFSC_WACSOFSC,createResourceInOFSC,
TSGT_SYNC_EMPLO_WACS_TO_OFSC_01.01.0001.iar.yaml,TSGT_SYNC_EMPLO_WACS_TO_OFSC|01.01.0001,TSGT_SYNC_EMPLO_WACS_TO_OFSC,TSGT Sync Employee WACS To OFSC,01.01.0001,invokecCreateUserInOFSC(i0),Adapter_Invoke,,,,https://tsgt.fs.ocs.oraclecloud.com/rest/ofscCore/v1/users/{login},OUTL-BRT-APP-OFSC_WACSOFSC,invokecCreateUserInOFSC,
TSGT_SYNC_EMPLO_WACS_TO_OFSC_01.01.0001.iar.yaml,TSGT_SYNC_EMPLO_WACS_TO_OFSC|01.01.0001,TSGT_SYNC_EMPLO_WACS_TO_OFSC,TSGT Sync Employee WACS To OFSC,01.01.0001,setWorkSkillsInOFSC(i2),Adapter_Invoke,,,,/rest/ofscCore/v1/resources/{resourceId}/workSkills,TSGT_OFSC_REST_FOR_WACS_OFSC,setWorkSkillsInOFSC,
TSGT_SYNC_EMPLO_WACS_TO_OFSC_01.01.0001.iar.yaml,TSGT_SYNC_EMPLO_WACS_TO_OFSC|01.01.0001,TSGT_SYNC_EMPLO_WACS_TO_OFSC,TSGT Sync Employee WACS To OFSC,01.01.0001,getResourceLocations(i5),Adapter_Invoke,,,,https://tsgt.fs.ocs.oraclecloud.com/rest/ofscCore/v1/resources/{resourceId}/locations,OUTL-BRT-APP-OFSC_WACSOFSC,getResourceLocations,
TSGT_SYNC_EMPLO_WACS_TO_OFSC_01.01.0001.iar.yaml,TSGT_SYNC_EMPLO_WACS_TO_OFSC|01.01.0001,TSGT_SYNC_EMPLO_WACS_TO_OFSC,TSGT Sync Employee WACS To OFSC,01.01.0001,createResourceLocation(i3),Adapter_Invoke,,,,https://tsgt.fs.ocs.oraclecloud.com/rest/ofscCore/v1/resources/{resourceId}/locations,OUTL-BRT-APP-OFSC_WACSOFSC,createResourceLocation,
TSGT_SYNC_EMPLO_WACS_TO_OFSC_01.01.0001.iar.yaml,TSGT_SYNC_EMPLO_WACS_TO_OFSC|01.01.0001,TSGT_SYNC_EMPLO_WACS_TO_OFSC,TSGT Sync Employee WACS To OFSC,01.01.0001,updatedResourceLocation(i7),Adapter_Invoke,,,,https://tsgt.fs.ocs.oraclecloud.com/rest/ofscCore/v1/resources/{resourceId}/locations/{locationId},OUTL-BRT-APP-OFSC_WACSOFSC,updatedResourceLocation,
TSGT_SYNC_EMPLO_WACS_TO_OFSC_01.01.0001.iar.yaml,TSGT_SYNC_EMPLO_WACS_TO_OFSC|01.01.0001,TSGT_SYNC_EMPLO_WACS_TO_OFSC,TSGT Sync Employee WACS To OFSC,01.01.0001,getResourceLocations_OFSC(i6),Adapter_Invoke,,,,https://tsgt.fs.ocs.oraclecloud.com/rest/ofscCore/v1/resources/{resourceId}/locations,OUTL-BRT-APP-OFSC_WACSOFSC,getResourceLocations_OFSC,
TSGT_SYNC_EMPLO_WACS_TO_OFSC_01.01.0001.iar.yaml,TSGT_SYNC_EMPLO_WACS_TO_OFSC|01.01.0001,TSGT_SYNC_EMPLO_WACS_TO_OFSC,TSGT Sync Employee WACS To OFSC,01.01.0001,setResourceLocation(i4),Adapter_Invoke,,,,https://tsgt.fs.ocs.oraclecloud.com/rest/ofscCore/v1/resources/{resourceId}/assignedLocations,OUTL-BRT-APP-OFSC_WACSOFSC,setResourceLocation,
TSGT_SYNC_EMP_LEAVE_WACS_TO_OFSC_01.01.0002.iar.yaml,TSGT_SYNC_EMP_LEAVE_WACS_TO_OFSC|01.01.0002,TSGT_SYNC_EMP_LEAVE_WACS_TO_OFSC,TSGT Sync Employee Leave WACS To OFSC,01.01.0002,getResourceDetails(i6),Adapter_Invoke,,,,https://tsgt1.test.fs.ocs.oraclecloud.com/rest/ofscCore/v1/resources/{resourceId},OUTL-BRT-APP-OFSC_WACSOFSC,getResourceDetails,
TSGT_SYNC_EMP_LEAVE_WACS_TO_OFSC_01.01.0002.iar.yaml,TSGT_SYNC_EMP_LEAVE_WACS_TO_OFSC|01.01.0002,TSGT_SYNC_EMP_LEAVE_WACS_TO_OFSC,TSGT Sync Employee Leave WACS To OFSC,01.01.0002,invokeBulkUpdateWorkSchedulesRestApi(i1),Adapter_Invoke,,,,/rest/ofscCore/v1/resources/custom-actions/bulkUpdateWorkSchedules,TSGT_OFSC_REST_FOR_WACS_OFSC,invokeBulkUpdateWorkSchedulesRestApi,
TSGT_SYNC_EMP_LEAVE_WACS_TO_OFSC_01.01.0002.iar.yaml,TSGT_SYNC_EMP_LEAVE_WACS_TO_OFSC|01.01.0002,TSGT_SYNC_EMP_LEAVE_WACS_TO_OFSC,TSGT Sync Employee Leave WACS To OFSC,01.01.0002,sendNotification(i2),IntegrationAction,TSGT_ENTERPRISENOTIFI,01.00.0000,TSGT EnterpriseNotificationService,/send,PRESEEDED_COLLOCATED_CONN_1741,sendNotification,
TSGT_SYNC_EMP_LEAVE_WACS_TO_OFSC_01.01.0002.iar.yaml,TSGT_SYNC_EMP_LEAVE_WACS_TO_OFSC|01.01.0002,TSGT_SYNC_EMP_LEAVE_WACS_TO_OFSC,TSGT Sync Employee Leave WACS To OFSC,01.01.0002,invokeBulkUpdateActivitiesRestApi(i0),Adapter_Invoke,,,,/rest/ofscCore/v1/activities/custom-actions/bulkUpdate,TSGT_OFSC_REST_FOR_WACS_OFSC,invokeBulkUpdateActivitiesRestApi,
TSGT_SYNC_EMP_LEAVE_WACS_TO_OFSC_01.01.0002.iar.yaml,TSGT_SYNC_EMP_LEAVE_WACS_TO_OFSC|01.01.0002,TSGT_SYNC_EMP_LEAVE_WACS_TO_OFSC,TSGT Sync Employee Leave WACS To OFSC,01.01.0002,sendEmailNotification(i3),IntegrationAction,TSGT_ENTERPRISENOTIFI,01.00.0000,TSGT EnterpriseNotificationService,/send,PRESEEDED_COLLOCATED_CONN_1741,sendEmailNotification,
TSGT_SYNC_EMP_LEAVE_WACS_TO_OFSC_01.01.0002.iar.yaml,TSGT_SYNC_EMP_LEAVE_WACS_TO_OFSC|01.01.0002,TSGT_SYNC_EMP_LEAVE_WACS_TO_OFSC,TSGT Sync Employee Leave WACS To OFSC,01.01.0002,sendErrorEmailNotification(i5),IntegrationAction,TSGT_ENTERPRISENOTIFI,01.00.0000,TSGT EnterpriseNotificationService,/send,PRESEEDED_COLLOCATED_CONN_1741,sendErrorEmailNotification,
TSGT_SYNC_EMP_LEAVE_WACS_TO_OFSC_01.01.0002.iar.yaml,TSGT_SYNC_EMP_LEAVE_WACS_TO_OFSC|01.01.0002,TSGT_SYNC_EMP_LEAVE_WACS_TO_OFSC,TSGT Sync Employee Leave WACS To OFSC,01.01.0002,SendErrorNotification(i4),IntegrationAction,TSGT_ENTERPRISENOTIFI,01.00.0000,TSGT EnterpriseNotificationService,/send,PRESEEDED_COLLOCATED_CONN_1741,SendErrorNotification,
TSGT_TASK_SYNC_WACS_TO_PPM_01.00.0003.iar.yaml,TSGT_TASK_SYNC_WACS_TO_PPM|01.00.0003,TSGT_TASK_SYNC_WACS_TO_PPM,TSGT Task Sync WACS To PPM,01.00.0003,createProjectTaskInPPM(i0),Adapter_Invoke,,,,,OUTL-BRT-APP-ERPPIM_WACSERPPIM,createProjectTaskInPPM,
TSGT_TASK_SYNC_WACS_TO_PPM_01.00.0003.iar.yaml,TSGT_TASK_SYNC_WACS_TO_PPM|01.00.0003,TSGT_TASK_SYNC_WACS_TO_PPM,TSGT Task Sync WACS To PPM,01.00.0003,getTaskDetails(i2),Adapter_Invoke,,,,,OUTL-BRT-APP-ERPPIM_WACSERPPIM,getTaskDetails,
TSGT_TASK_SYNC_WACS_TO_PPM_01.00.0003.iar.yaml,TSGT_TASK_SYNC_WACS_TO_PPM|01.00.0003,TSGT_TASK_SYNC_WACS_TO_PPM,TSGT Task Sync WACS To PPM,01.00.0003,updateTaskInPPM(i3),Adapter_Invoke,,,,,OUTL-BRT-APP-ERPPIM_WACSERPPIM,updateTaskInPPM,
TSGT_TASK_SYNC_WACS_TO_PPM_01.00.0003.iar.yaml,TSGT_TASK_SYNC_WACS_TO_PPM|01.00.0003,TSGT_TASK_SYNC_WACS_TO_PPM,TSGT Task Sync WACS To PPM,01.00.0003,sendNotification(i1),IntegrationAction,TSGT_ENTERPRISENOTIFI,01.00.0000,TSGT EnterpriseNotificationService,/send,PRESEEDED_COLLOCATED_CONN_1741,sendNotification,
TSGT_TESTSESSRESU_SYNC_DOBLTOWAC_01.00.0009.iar.yaml,TSGT_TESTSESSRESU_SYNC_DOBLTOWAC|01.00.0009,TSGT_TESTSESSRESU_SYNC_DOBLTOWAC,TSGT Test Session Results Sync Doble To WACS,01.00.0009,getTestSessions(i0),Adapter_Invoke,,,,/api/dta/sessions,TSGT_DOBLE_REST,getTestSessions,
TSGT_TESTSESSRESU_SYNC_DOBLTOWAC_01.00.0009.iar.yaml,TSGT_TESTSESSRESU_SYNC_DOBLTOWAC|01.00.0009,TSGT_TESTSESSRESU_SYNC_DOBLTOWAC,TSGT Test Session Results Sync Doble To WACS,01.00.0009,getApparatusSpecialId(i16),Adapter_Invoke,,,,/api/dta/apparatus/{apparatusId},TSGT_DOBLE_REST,getApparatusSpecialId,
TSGT_TESTSESSRESU_SYNC_DOBLTOWAC_01.00.0009.iar.yaml,TSGT_TESTSESSRESU_SYNC_DOBLTOWAC|01.00.0009,TSGT_TESTSESSRESU_SYNC_DOBLTOWAC,TSGT Test Session Results Sync Doble To WACS,01.00.0009,getBushingSessionResults(i1),Adapter_Invoke,,,,/api/dta/sessions/{sessionId}/bushing,TSGT_DOBLE_REST,getBushingSessionResults,
TSGT_TESTSESSRESU_SYNC_DOBLTOWAC_01.00.0009.iar.yaml,TSGT_TESTSESSRESU_SYNC_DOBLTOWAC|01.00.0009,TSGT_TESTSESSRESU_SYNC_DOBLTOWAC,TSGT Test Session Results Sync Doble To WACS,01.00.0009,getBushingSubSystems(i2),Adapter_Invoke,,,,/api/dta/subsystems/{bushingId}/bushing,TSGT_DOBLE_REST,getBushingSubSystems,
TSGT_TESTSESSRESU_SYNC_DOBLTOWAC_01.00.0009.iar.yaml,TSGT_TESTSESSRESU_SYNC_DOBLTOWAC|01.00.0009,TSGT_TESTSESSRESU_SYNC_DOBLTOWAC,TSGT Test Session Results Sync Doble To WACS,01.00.0009,postBushingDataToWACS(i6),Adapter_Invoke,,,,https://us-phoenix-1.utilities-cloud.oracleindustry.com:443/c2g65p/prod/wac/rest/apis/cm/general/dobleBushingIntegrationInbound/,OUTL-BRT-REST-WACS_WACSERPPIM,postBushingDataToWACS,
TSGT_TESTSESSRESU_SYNC_DOBLTOWAC_01.00.0009.iar.yaml,TSGT_TESTSESSRESU_SYNC_DOBLTOWAC|01.00.0009,TSGT_TESTSESSRESU_SYNC_DOBLTOWAC,TSGT Test Session Results Sync Doble To WACS,01.00.0009,sendNotification_FlexFieldsError(i13),IntegrationAction,TSGT_ENTERPRISENOTIFI,01.00.0000,TSGT EnterpriseNotificationService,/send,PRESEEDED_COLLOCATED_CONN_1741,sendNotification_FlexFieldsError,
TSGT_TESTSESSRESU_SYNC_DOBLTOWAC_01.00.0009.iar.yaml,TSGT_TESTSESSRESU_SYNC_DOBLTOWAC|01.00.0009,TSGT_TESTSESSRESU_SYNC_DOBLTOWAC,TSGT Test Session Results Sync Doble To WACS,01.00.0009,postBushingSevHistDataToWACS(i12),Adapter_Invoke,,,,https://us-phoenix-1.utilities-cloud.oracleindustry.com:443/c2g65p/prod/wac/rest/apis/cm/general/dobleBushingSvcHstIntegrationInbound/,OUTL-BRT-REST-WACS_WACSERPPIM,postBushingSevHistDataToWACS,
TSGT_TESTSESSRESU_SYNC_DOBLTOWAC_01.00.0009.iar.yaml,TSGT_TESTSESSRESU_SYNC_DOBLTOWAC|01.00.0009,TSGT_TESTSESSRESU_SYNC_DOBLTOWAC,TSGT Test Session Results Sync Doble To WACS,01.00.0009,sendNotification_SevHistError(i14),IntegrationAction,TSGT_ENTERPRISENOTIFI,01.00.0000,TSGT EnterpriseNotificationService,/send,PRESEEDED_COLLOCATED_CONN_1741,sendNotification_SevHistError,
TSGT_TESTSESSRESU_SYNC_DOBLTOWAC_01.00.0009.iar.yaml,TSGT_TESTSESSRESU_SYNC_DOBLTOWAC|01.00.0009,TSGT_TESTSESSRESU_SYNC_DOBLTOWAC,TSGT Test Session Results Sync Doble To WACS,01.00.0009,sendNotificationForBushing(i9),IntegrationAction,TSGT_ENTERPRISENOTIFI,01.00.0000,TSGT EnterpriseNotificationService,/send,PRESEEDED_COLLOCATED_CONN_1741,sendNotificationForBushing,
TSGT_TESTSESSRESU_SYNC_DOBLTOWAC_01.00.0009.iar.yaml,TSGT_TESTSESSRESU_SYNC_DOBLTOWAC|01.00.0009,TSGT_TESTSESSRESU_SYNC_DOBLTOWAC,TSGT Test Session Results Sync Doble To WACS,01.00.0009,sendNotificationForBushingFault(i8),IntegrationAction,TSGT_ENTERPRISENOTIFI,01.00.0000,TSGT EnterpriseNotificationService,/send,PRESEEDED_COLLOCATED_CONN_1741,sendNotificationForBushingFault,
TSGT_TESTSESSRESU_SYNC_DOBLTOWAC_01.00.0009.iar.yaml,TSGT_TESTSESSRESU_SYNC_DOBLTOWAC|01.00.0009,TSGT_TESTSESSRESU_SYNC_DOBLTOWAC,TSGT Test Session Results Sync Doble To WACS,01.00.0009,getTransformerOverallTestResultData(i4),Adapter_Invoke,,,,/api/dta/sessions/{sessionId}/transformerOverall,TSGT_DOBLE_REST,getTransformerOverallTestResultData,
TSGT_TESTSESSRESU_SYNC_DOBLTOWAC_01.00.0009.iar.yaml,TSGT_TESTSESSRESU_SYNC_DOBLTOWAC|01.00.0009,TSGT_TESTSESSRESU_SYNC_DOBLTOWAC,TSGT Test Session Results Sync Doble To WACS,01.00.0009,postTransformerOverallDataToWACS(i5),Adapter_Invoke,,,,https://us-phoenix-1.utilities-cloud.oracleindustry.com:443/c2g65p/prod/wac/rest/apis/cm/general/dobleTestResultsIntegrationInbound/,OUTL-BRT-REST-WACS_WACSERPPIM,postTransformerOverallDataToWACS,
TSGT_TESTSESSRESU_SYNC_DOBLTOWAC_01.00.0009.iar.yaml,TSGT_TESTSESSRESU_SYNC_DOBLTOWAC|01.00.0009,TSGT_TESTSESSRESU_SYNC_DOBLTOWAC,TSGT Test Session Results Sync Doble To WACS,01.00.0009,sendNotificationForOverAllFault(i11),IntegrationAction,TSGT_ENTERPRISENOTIFI,01.00.0000,TSGT EnterpriseNotificationService,/send,PRESEEDED_COLLOCATED_CONN_1741,sendNotificationForOverAllFault,
TSGT_TESTSESSRESU_SYNC_DOBLTOWAC_01.00.0009.iar.yaml,TSGT_TESTSESSRESU_SYNC_DOBLTOWAC|01.00.0009,TSGT_TESTSESSRESU_SYNC_DOBLTOWAC,TSGT Test Session Results Sync Doble To WACS,01.00.0009,postTransformerOverallSevHistDataToWACS(i15),Adapter_Invoke,,,,https://us-phoenix-1.utilities-cloud.oracleindustry.com:443/c2g65p/prod/wac/rest/apis/cm/general/dobleTestResultsSvcHstIntegrationInbound/,OUTL-BRT-REST-WACS_WACSERPPIM,postTransformerOverallSevHistDataToWACS,
TSGT_TESTSESSRESU_SYNC_DOBLTOWAC_01.00.0009.iar.yaml,TSGT_TESTSESSRESU_SYNC_DOBLTOWAC|01.00.0009,TSGT_TESTSESSRESU_SYNC_DOBLTOWAC,TSGT Test Session Results Sync Doble To WACS,01.00.0009,sendNotification_TransformerOverallSevHistError(i17),IntegrationAction,TSGT_ENTERPRISENOTIFI,01.00.0000,TSGT EnterpriseNotificationService,/send,PRESEEDED_COLLOCATED_CONN_1741,sendNotification_TransformerOverallSevHistError,
TSGT_TESTSESSRESU_SYNC_DOBLTOWAC_01.00.0009.iar.yaml,TSGT_TESTSESSRESU_SYNC_DOBLTOWAC|01.00.0009,TSGT_TESTSESSRESU_SYNC_DOBLTOWAC,TSGT Test Session Results Sync Doble To WACS,01.00.0009,sendNotificationForOverall(i10),IntegrationAction,TSGT_ENTERPRISENOTIFI,01.00.0000,TSGT EnterpriseNotificationService,/send,PRESEEDED_COLLOCATED_CONN_1741,sendNotificationForOverall,
TSGT_TESTSESSRESU_SYNC_DOBLTOWAC_01.00.0009.iar.yaml,TSGT_TESTSESSRESU_SYNC_DOBLTOWAC|01.00.0009,TSGT_TESTSESSRESU_SYNC_DOBLTOWAC,TSGT Test Session Results Sync Doble To WACS,01.00.0009,sendNotificationForSession(i7),IntegrationAction,TSGT_ENTERPRISENOTIFI,01.00.0000,TSGT EnterpriseNotificationService,/send,PRESEEDED_COLLOCATED_CONN_1741,sendNotificationForSession,
TSGT_TESTSESSRESU_SYNC_DOBLTOWAC_01.00.0009.iar.yaml,TSGT_TESTSESSRESU_SYNC_DOBLTOWAC|01.00.0009,TSGT_TESTSESSRESU_SYNC_DOBLTOWAC,TSGT Test Session Results Sync Doble To WACS,01.00.0009,sendConsolidatedNotification(i19),IntegrationAction,TSGT_ENTERPRISENOTIFI,01.00.0000,TSGT EnterpriseNotificationService,/send,PRESEEDED_COLLOCATED_CONN_1741,sendConsolidatedNotification,
TSGT_TESTSESSRESU_SYNC_DOBLTOWAC_01.00.0009.iar.yaml,TSGT_TESTSESSRESU_SYNC_DOBLTOWAC|01.00.0009,TSGT_TESTSESSRESU_SYNC_DOBLTOWAC,TSGT Test Session Results Sync Doble To WACS,01.00.0009,sendNotification_MainScope(i18),IntegrationAction,TSGT_ENTERPRISENOTIFI,01.00.0000,TSGT EnterpriseNotificationService,/send,PRESEEDED_COLLOCATED_CONN_1741,sendNotification_MainScope,
TSGT_TESTSESSRESU_SYNC_DOBLTOWAC_01.00.0009.iar.yaml,TSGT_TESTSESSRESU_SYNC_DOBLTOWAC|01.00.0009,TSGT_TESTSESSRESU_SYNC_DOBLTOWAC,TSGT Test Session Results Sync Doble To WACS,01.00.0009,sendNotification(i3),IntegrationAction,TSGT_ENTERPRISENOTIFI,01.00.0000,TSGT EnterpriseNotificationService,/send,PRESEEDED_COLLOCATED_CONN_1741,sendNotification,
TSGT_TEST_RESU_SYNC_POWE_TO_WACS_01.01.0000.iar.yaml,TSGT_TEST_RESU_SYNC_POWE_TO_WACS|01.01.0000,TSGT_TEST_RESU_SYNC_POWE_TO_WACS,TSGT Test Results Sync Powerbase To WACS,01.01.0000,getLookUpData(i2),Adapter_Invoke,,,,/api/integration/v1/lookups/{name}/archive,TSGTRESTOI_CONN_WACS,getLookUpData,
TSGT_TEST_RESU_SYNC_POWE_TO_WACS_01.01.0000.iar.yaml,TSGT_TEST_RESU_SYNC_POWE_TO_WACS|01.01.0000,TSGT_TEST_RESU_SYNC_POWE_TO_WACS,TSGT Test Results Sync Powerbase To WACS,01.01.0000,CreateSession(i0),IntegrationAction,TSGT_POWERB_SESSIO_UTILIT_SERVIC,01.00.0000,TSGT Powerbase Session Utility Service,/getSession,PRESEEDED_COLLOCATED_CONN_1741,CreateSession,
TSGT_TEST_RESU_SYNC_POWE_TO_WACS_01.01.0000.iar.yaml,TSGT_TEST_RESU_SYNC_POWE_TO_WACS|01.01.0000,TSGT_TEST_RESU_SYNC_POWE_TO_WACS,TSGT Test Results Sync Powerbase To WACS,01.01.0000,getDevicesFromPowerbase(i1),Adapter_Invoke,,,,/GetDevices,TSGT_POWERBASE_REST,getDevicesFromPowerbase,
TSGT_TEST_RESU_SYNC_POWE_TO_WACS_01.01.0000.iar.yaml,TSGT_TEST_RESU_SYNC_POWE_TO_WACS|01.01.0000,TSGT_TEST_RESU_SYNC_POWE_TO_WACS,TSGT Test Results Sync Powerbase To WACS,01.01.0000,createServiceHistoryInWACS(i6),Adapter_Invoke,,,,https://us-phoenix-1.stg.utilities-cloud.oracleindustry.com:443/c2g65p/test/wac/rest/apis/cm/asset/serviceHistory/,OUTL-BRT-REST-WACS_WACSERPPIM,createServiceHistoryInWACS,
TSGT_TEST_RESU_SYNC_POWE_TO_WACS_01.01.0000.iar.yaml,TSGT_TEST_RESU_SYNC_POWE_TO_WACS|01.01.0000,TSGT_TEST_RESU_SYNC_POWE_TO_WACS,TSGT Test Results Sync Powerbase To WACS,01.01.0000,updateDeviceFieldInPowerbase(i7),Adapter_Invoke,,,,/UpdateDevice,TSGT_POWERBASE_REST,updateDeviceFieldInPowerbase,
TSGT_TEST_RESU_SYNC_POWE_TO_WACS_01.01.0000.iar.yaml,TSGT_TEST_RESU_SYNC_POWE_TO_WACS|01.01.0000,TSGT_TEST_RESU_SYNC_POWE_TO_WACS,TSGT Test Results Sync Powerbase To WACS,01.01.0000,sendErrorNotif(i8),IntegrationAction,TSGT_ENTERPRISENOTIFI,01.00.0000,TSGT EnterpriseNotificationService,/send,PRESEEDED_COLLOCATED_CONN_1741,sendErrorNotif,
TSGT_TEST_RESU_SYNC_POWE_TO_WACS_01.01.0000.iar.yaml,TSGT_TEST_RESU_SYNC_POWE_TO_WACS|01.01.0000,TSGT_TEST_RESU_SYNC_POWE_TO_WACS,TSGT Test Results Sync Powerbase To WACS,01.01.0000,sendErrorNotification(i3),IntegrationAction,TSGT_ENTERPRISENOTIFI,01.00.0000,TSGT EnterpriseNotificationService,/send,PRESEEDED_COLLOCATED_CONN_1741,sendErrorNotification,
TSGT_TEST_RESU_SYNC_POWE_TO_WACS_01.01.0000.iar.yaml,TSGT_TEST_RESU_SYNC_POWE_TO_WACS|01.01.0000,TSGT_TEST_RESU_SYNC_POWE_TO_WACS,TSGT Test Results Sync Powerbase To WACS,01.01.0000,getLoadCheckData(i9),Adapter_Invoke,,,,/GetDevices,TSGT_POWERBASE_REST,getLoadCheckData,
TSGT_TEST_RESU_SYNC_POWE_TO_WACS_01.01.0000.iar.yaml,TSGT_TEST_RESU_SYNC_POWE_TO_WACS|01.01.0000,TSGT_TEST_RESU_SYNC_POWE_TO_WACS,TSGT Test Results Sync Powerbase To WACS,01.01.0000,createLoadCheckServiceHistoryInWACS(i10),Adapter_Invoke,,,,https://us-phoenix-1.stg.utilities-cloud.oracleindustry.com:443/c2g65p/test/wac/rest/apis/cm/asset/serviceHistory/,OUTL-BRT-REST-WACS_WACSERPPIM,createLoadCheckServiceHistoryInWACS,
TSGT_TEST_RESU_SYNC_POWE_TO_WACS_01.01.0000.iar.yaml,TSGT_TEST_RESU_SYNC_POWE_TO_WACS|01.01.0000,TSGT_TEST_RESU_SYNC_POWE_TO_WACS,TSGT Test Results Sync Powerbase To WACS,01.01.0000,updateLoadCheckFlag(i11),Adapter_Invoke,,,,/UpdateDevice,TSGT_POWERBASE_REST,updateLoadCheckFlag,
TSGT_TEST_RESU_SYNC_POWE_TO_WACS_01.01.0000.iar.yaml,TSGT_TEST_RESU_SYNC_POWE_TO_WACS|01.01.0000,TSGT_TEST_RESU_SYNC_POWE_TO_WACS,TSGT Test Results Sync Powerbase To WACS,01.01.0000,sendNotification(i12),IntegrationAction,TSGT_ENTERPRISENOTIFI,01.00.0000,TSGT EnterpriseNotificationService,/send,PRESEEDED_COLLOCATED_CONN_1741,sendNotification,
TSGT_TEST_RESU_SYNC_POWE_TO_WACS_01.01.0000.iar.yaml,TSGT_TEST_RESU_SYNC_POWE_TO_WACS|01.01.0000,TSGT_TEST_RESU_SYNC_POWE_TO_WACS,TSGT Test Results Sync Powerbase To WACS,01.01.0000,closeSession(i4),IntegrationAction,TSGT_POWERB_SESSIO_UTILIT_SERVIC,01.00.0000,TSGT Powerbase Session Utility Service,/closeSession,PRESEEDED_COLLOCATED_CONN_1741,closeSession,
TSGT_TEST_RESU_SYNC_POWE_TO_WACS_01.01.0000.iar.yaml,TSGT_TEST_RESU_SYNC_POWE_TO_WACS|01.01.0000,TSGT_TEST_RESU_SYNC_POWE_TO_WACS,TSGT Test Results Sync Powerbase To WACS,01.01.0000,sendErrNotification(i5),IntegrationAction,TSGT_ENTERPRISENOTIFI,01.00.0000,TSGT EnterpriseNotificationService,/send,PRESEEDED_COLLOCATED_CONN_1741,sendErrNotification,
TSGT_UPDA_WACS_ASSE_ID_INTO_POWE_01.00.0000.iar.yaml,TSGT_UPDA_WACS_ASSE_ID_INTO_POWE|01.00.0000,TSGT_UPDA_WACS_ASSE_ID_INTO_POWE,TSGT Update WACS Asset ID Into Power Base,01.00.0000,readFileFromSFTP(i0),Adapter_Invoke,,,,,TSGTFTP_CONN,readFileFromSFTP,
TSGT_UPDA_WACS_ASSE_ID_INTO_POWE_01.00.0000.iar.yaml,TSGT_UPDA_WACS_ASSE_ID_INTO_POWE|01.00.0000,TSGT_UPDA_WACS_ASSE_ID_INTO_POWE,TSGT Update WACS Asset ID Into Power Base,01.00.0000,CreateSessionInPowerBase(i2),IntegrationAction,TSGT_POWERB_SESSIO_UTILIT_SERVIC,01.00.0000,TSGT Powerbase Session Utility Service,/getSession,PRESEEDED_COLLOCATED_CONN_1741,CreateSessionInPowerBase,
TSGT_UPDA_WACS_ASSE_ID_INTO_POWE_01.00.0000.iar.yaml,TSGT_UPDA_WACS_ASSE_ID_INTO_POWE|01.00.0000,TSGT_UPDA_WACS_ASSE_ID_INTO_POWE,TSGT Update WACS Asset ID Into Power Base,01.00.0000,updateDeviceInPowerbase(i1),Adapter_Invoke,,,,/UpdateDevice,TSGT_POWERBASE_REST,updateDeviceInPowerbase,
TSGT_UPDA_WACS_ASSE_ID_INTO_POWE_01.00.0000.iar.yaml,TSGT_UPDA_WACS_ASSE_ID_INTO_POWE|01.00.0000,TSGT_UPDA_WACS_ASSE_ID_INTO_POWE,TSGT Update WACS Asset ID Into Power Base,01.00.0000,closeSessionInPowerbase(i3),IntegrationAction,TSGT_POWERB_SESSIO_UTILIT_SERVIC,01.00.0000,TSGT Powerbase Session Utility Service,/closeSession,PRESEEDED_COLLOCATED_CONN_1741,closeSessionInPowerbase,
TSGT_UPDA_WACS_ASSE_ID_INTO_POWE_01.00.0000.iar.yaml,TSGT_UPDA_WACS_ASSE_ID_INTO_POWE|01.00.0000,TSGT_UPDA_WACS_ASSE_ID_INTO_POWE,TSGT Update WACS Asset ID Into Power Base,01.00.0000,moveFile(i4),Adapter_Invoke,,,,,TSGTFTP_CONN,moveFile,
TSGT_UTIL_WACS_FPRC_APPR_REQ_01.22.3001.iar.yaml,TSGT_UTIL_WACS_FPRC_APPR_REQ|01.22.3001,TSGT_UTIL_WACS_FPRC_APPR_REQ,TSGT Oracle Utilities WACS FPRC Approve Pur Req,01.22.3001,SubmitPRForApproval(i0),Adapter_Invoke,,,,,OUTL-BRT-ERPCLOUD_WACSFPRC,SubmitPRForApproval,
TSGT_VEHIC_RECAL_WACS_TO_NHTSA_01.00.0000.iar.yaml,TSGT_VEHIC_RECAL_WACS_TO_NHTSA|01.00.0000,TSGT_VEHIC_RECAL_WACS_TO_NHTSA,TSGT Vehicle Recall WACS to NHTSA,01.00.0000,GetVehicleRecallDetails(i0),Adapter_Invoke,,,,https://us-phoenix-1.utilities-cloud.oracleindustry.com:443/c2g65p/prod/wac/rest/apis/cm/general/RetrieveFleetAssets/,OUTL-BRT-REST-WACS_WACSERPPIM,GetVehicleRecallDetails,
TSGT_VEHIC_RECAL_WACS_TO_NHTSA_01.00.0000.iar.yaml,TSGT_VEHIC_RECAL_WACS_TO_NHTSA|01.00.0000,TSGT_VEHIC_RECAL_WACS_TO_NHTSA,TSGT Vehicle Recall WACS to NHTSA,01.00.0000,GetVehicleRecallDetailsByMakeModelAndYear(i1),Adapter_Invoke,,,,/recallsByVehicle,TSGT_NHTSA_REST_CONNECTI,GetVehicleRecallDetailsByMakeModelAndYear,
TSGT_VEHIC_RECAL_WACS_TO_NHTSA_01.00.0000.iar.yaml,TSGT_VEHIC_RECAL_WACS_TO_NHTSA|01.00.0000,TSGT_VEHIC_RECAL_WACS_TO_NHTSA,TSGT Vehicle Recall WACS to NHTSA,01.00.0000,POSTVehicleRecallDetails(i3),Adapter_Invoke,,,,https://us-phoenix-1.utilities-cloud.oracleindustry.com:443/c2g65p/prod/wac/rest/apis/cm/general/recallData/,OUTL-BRT-REST-WACS_WACSERPPIM,POSTVehicleRecallDetails,
TSGT_VEHIC_RECAL_WACS_TO_NHTSA_01.00.0000.iar.yaml,TSGT_VEHIC_RECAL_WACS_TO_NHTSA|01.00.0000,TSGT_VEHIC_RECAL_WACS_TO_NHTSA,TSGT Vehicle Recall WACS to NHTSA,01.00.0000,sendNotificationBODetails(i5),IntegrationAction,TSGT_ENTERPRISENOTIFI,01.00.0000,TSGT EnterpriseNotificationService,/send,PRESEEDED_COLLOCATED_CONN_1741,sendNotificationBODetails,
TSGT_VEHIC_RECAL_WACS_TO_NHTSA_01.00.0000.iar.yaml,TSGT_VEHIC_RECAL_WACS_TO_NHTSA|01.00.0000,TSGT_VEHIC_RECAL_WACS_TO_NHTSA,TSGT Vehicle Recall WACS to NHTSA,01.00.0000,sendVehicleRecallNotification(i4),IntegrationAction,TSGT_ENTERPRISENOTIFI,01.00.0000,TSGT EnterpriseNotificationService,/send,PRESEEDED_COLLOCATED_CONN_1741,sendVehicleRecallNotification,
TSGT_VEHIC_RECAL_WACS_TO_NHTSA_01.00.0000.iar.yaml,TSGT_VEHIC_RECAL_WACS_TO_NHTSA|01.00.0000,TSGT_VEHIC_RECAL_WACS_TO_NHTSA,TSGT Vehicle Recall WACS to NHTSA,01.00.0000,sendNotification(i2),IntegrationAction,TSGT_ENTERPRISENOTIFI,01.00.0000,TSGT EnterpriseNotificationService,/send,PRESEEDED_COLLOCATED_CONN_1741,sendNotification,
TSGT_WACS_ERPFA_ASSET_OS_EXT_01.23.2003.iar.yaml,TSGT_WACS_ERPFA_ASSET_OS_EXT|01.23.2003,TSGT_WACS_ERPFA_ASSET_OS_EXT,TSGT OU WACS ERPFA Assets OS Extract,01.23.2003,ListAssetsExtractOS(i0),Adapter_Invoke,,,,/n/{namespaceName}/b/{bucketName}/o,TSGTOBJECTSTORAG_CONN,ListAssetsExtractOS,
TSGT_WACS_ERPFA_ASSET_OS_EXT_01.23.2003.iar.yaml,TSGT_WACS_ERPFA_ASSET_OS_EXT|01.23.2003,TSGT_WACS_ERPFA_ASSET_OS_EXT,TSGT OU WACS ERPFA Assets OS Extract,01.23.2003,get_WACS_Assets_Extract(i1),Adapter_Invoke,,,,/n/{namespaceName}/b/{bucketName}/o/{objectName},TSGTOBJECTSTORAG_CONN,get_WACS_Assets_Extract,
TSGT_WACS_ERPFA_ASSET_OS_EXT_01.23.2003.iar.yaml,TSGT_WACS_ERPFA_ASSET_OS_EXT|01.23.2003,TSGT_WACS_ERPFA_ASSET_OS_EXT,TSGT OU WACS ERPFA Assets OS Extract,01.23.2003,renameOnSuccess(i8),Adapter_Invoke,,,,/n/{namespaceName}/b/{bucketName}/actions/renameObject,TSGTOBJECTSTORAG_CONN,renameOnSuccess,
TSGT_WACS_ERPFA_ASSET_OS_EXT_01.23.2003.iar.yaml,TSGT_WACS_ERPFA_ASSET_OS_EXT|01.23.2003,TSGT_WACS_ERPFA_ASSET_OS_EXT,TSGT OU WACS ERPFA Assets OS Extract,01.23.2003,renameOnError1(i3),Adapter_Invoke,,,,/n/{namespaceName}/b/{bucketName}/actions/renameObject,TSGTOBJECTSTORAG_CONN,renameOnError1,
TSGT_WACS_ERPFA_ASSET_OS_EXT_01.23.2003.iar.yaml,TSGT_WACS_ERPFA_ASSET_OS_EXT|01.23.2003,TSGT_WACS_ERPFA_ASSET_OS_EXT,TSGT OU WACS ERPFA Assets OS Extract,01.23.2003,invokeAssetAddition(i4),IntegrationAction,TSGT_OU_WACS_ERPFA_PRJ_ASSET_ADD,01.23.2002,TSGT OU WACS ERPFA Project Asset Addition,/,PRESEEDED_COLLOCATED_CONN_1741,invokeAssetAddition,
TSGT_WACS_ERPFA_ASSET_OS_EXT_01.23.2003.iar.yaml,TSGT_WACS_ERPFA_ASSET_OS_EXT|01.23.2003,TSGT_WACS_ERPFA_ASSET_OS_EXT,TSGT OU WACS ERPFA Assets OS Extract,01.23.2003,invokeAssetAdjustment(i5),IntegrationAction,TSGT_OU_WACS_ERPFA_PRJ_ASSET_ADD,01.23.2002,TSGT OU WACS ERPFA Project Asset Addition,/,PRESEEDED_COLLOCATED_CONN_1741,invokeAssetAdjustment,
TSGT_WACS_ERPFA_ASSET_OS_EXT_01.23.2003.iar.yaml,TSGT_WACS_ERPFA_ASSET_OS_EXT|01.23.2003,TSGT_WACS_ERPFA_ASSET_OS_EXT,TSGT OU WACS ERPFA Assets OS Extract,01.23.2003,invokeAssetRetirement(i2),IntegrationAction,TSGT_OU_WACS_ERPFA_ASSET_RETIRE,01.23.2001,TSGT OU WACS ERPFA Asset Retirement,/,PRESEEDED_COLLOCATED_CONN_1741,invokeAssetRetirement,
TSGT_WACS_ERPFA_ASSET_OS_EXT_01.23.2003.iar.yaml,TSGT_WACS_ERPFA_ASSET_OS_EXT|01.23.2003,TSGT_WACS_ERPFA_ASSET_OS_EXT,TSGT OU WACS ERPFA Assets OS Extract,01.23.2003,invokeCommonErrorHandler(i6),IntegrationAction,OUTL-BA-WACS_ERPFA_ERROR,01.23.2000,OU WACS ERPFA Common Error Handler,/ErrorCollection,PRESEEDED_COLLOCATED_CONN_1741,invokeCommonErrorHandler,
TSG_MOV_FIL_FRO_OBJ_STO_TO_ERP_S_01.01.0000.iar.yaml,TSG_MOV_FIL_FRO_OBJ_STO_TO_ERP_S|01.01.0000,TSG_MOV_FIL_FRO_OBJ_STO_TO_ERP_S,TSGT Move Files from Object Storage to ERP SFTP,01.01.0000,getLookUpData(i10),Adapter_Invoke,,,,/api/integration/v1/lookups/{name}/archive,TSGTRESTOI_CONN_WACS,getLookUpData,
TSG_MOV_FIL_FRO_OBJ_STO_TO_ERP_S_01.01.0000.iar.yaml,TSG_MOV_FIL_FRO_OBJ_STO_TO_ERP_S|01.01.0000,TSG_MOV_FIL_FRO_OBJ_STO_TO_ERP_S,TSGT Move Files from Object Storage to ERP SFTP,01.01.0000,fetchFilesFromObjectStorage(i0),Adapter_Invoke,,,,/n/{namespaceName}/b/{bucketName}/o,TSGTOBJECTSTORAG_CONN,fetchFilesFromObjectStorage,
TSG_MOV_FIL_FRO_OBJ_STO_TO_ERP_S_01.01.0000.iar.yaml,TSG_MOV_FIL_FRO_OBJ_STO_TO_ERP_S|01.01.0000,TSG_MOV_FIL_FRO_OBJ_STO_TO_ERP_S,TSGT Move Files from Object Storage to ERP SFTP,01.01.0000,readEachFileFromObjectStorage(i1),Adapter_Invoke,,,,/n/{namespaceName}/b/{bucketName}/o/{objectName},TSGTOBJECTSTORAG_CONN,readEachFileFromObjectStorage,
TSG_MOV_FIL_FRO_OBJ_STO_TO_ERP_S_01.01.0000.iar.yaml,TSG_MOV_FIL_FRO_OBJ_STO_TO_ERP_S|01.01.0000,TSG_MOV_FIL_FRO_OBJ_STO_TO_ERP_S,TSGT Move Files from Object Storage to ERP SFTP,01.01.0000,moveFileToSFTP(i2),Adapter_Invoke,,,,,TSGTFTP_CONN,moveFileToSFTP,
TSG_MOV_FIL_FRO_OBJ_STO_TO_ERP_S_01.01.0000.iar.yaml,TSG_MOV_FIL_FRO_OBJ_STO_TO_ERP_S|01.01.0000,TSG_MOV_FIL_FRO_OBJ_STO_TO_ERP_S,TSGT Move Files from Object Storage to ERP SFTP,01.01.0000,moveEachFileToArchiveBucket(i3),Adapter_Invoke,,,,/n/{namespaceName}/b/{bucketName}/o/{objectName},TSGTOBJECTSTORAG_CONN,moveEachFileToArchiveBucket,
TSG_MOV_FIL_FRO_OBJ_STO_TO_ERP_S_01.01.0000.iar.yaml,TSG_MOV_FIL_FRO_OBJ_STO_TO_ERP_S|01.01.0000,TSG_MOV_FIL_FRO_OBJ_STO_TO_ERP_S,TSGT Move Files from Object Storage to ERP SFTP,01.01.0000,deleteEachFilefromOriginalBucket(i5),Adapter_Invoke,,,,/n/{namespaceName}/b/{bucketName}/o/{objectName},TSGTOBJECTSTORAG_CONN,deleteEachFilefromOriginalBucket,
TSG_MOV_FIL_FRO_OBJ_STO_TO_ERP_S_01.01.0000.iar.yaml,TSG_MOV_FIL_FRO_OBJ_STO_TO_ERP_S|01.01.0000,TSG_MOV_FIL_FRO_OBJ_STO_TO_ERP_S,TSGT Move Files from Object Storage to ERP SFTP,01.01.0000,moveEachFileToErrorBucket(i4),Adapter_Invoke,,,,/n/{namespaceName}/b/{bucketName}/o/{objectName},TSGTOBJECTSTORAG_CONN,moveEachFileToErrorBucket,
TSG_MOV_FIL_FRO_OBJ_STO_TO_ERP_S_01.01.0000.iar.yaml,TSG_MOV_FIL_FRO_OBJ_STO_TO_ERP_S|01.01.0000,TSG_MOV_FIL_FRO_OBJ_STO_TO_ERP_S,TSGT Move Files from Object Storage to ERP SFTP,01.01.0000,deleteEachFilefromOriginalObjectStorageBucket(i6),Adapter_Invoke,,,,/n/{namespaceName}/b/{bucketName}/o/{objectName},TSGTOBJECTSTORAG_CONN,deleteEachFilefromOriginalObjectStorageBucket,
TSG_MOV_FIL_FRO_OBJ_STO_TO_ERP_S_01.01.0000.iar.yaml,TSG_MOV_FIL_FRO_OBJ_STO_TO_ERP_S|01.01.0000,TSG_MOV_FIL_FRO_OBJ_STO_TO_ERP_S,TSGT Move Files from Object Storage to ERP SFTP,01.01.0000,sendNotificationsForErrorFiles(i9),IntegrationAction,TSGT_ENTERPRISENOTIFI,01.00.0000,TSGT EnterpriseNotificationService,/send,PRESEEDED_COLLOCATED_CONN_1741,sendNotificationsForErrorFiles,
TSG_MOV_FIL_FRO_OBJ_STO_TO_ERP_S_01.01.0000.iar.yaml,TSG_MOV_FIL_FRO_OBJ_STO_TO_ERP_S|01.01.0000,TSG_MOV_FIL_FRO_OBJ_STO_TO_ERP_S,TSGT Move Files from Object Storage to ERP SFTP,01.01.0000,sendNotification(i7),IntegrationAction,TSGT_ENTERPRISENOTIFI,01.00.0000,TSGT EnterpriseNotificationService,/send,PRESEEDED_COLLOCATED_CONN_1741,sendNotification,
TSG_MOV_FIL_FRO_OBJ_STO_TO_ERP_S_01.01.0000.iar.yaml,TSG_MOV_FIL_FRO_OBJ_STO_TO_ERP_S|01.01.0000,TSG_MOV_FIL_FRO_OBJ_STO_TO_ERP_S,TSGT Move Files from Object Storage to ERP SFTP,01.01.0000,sendEmailNotification(i8),IntegrationAction,TSGT_ENTERPRISENOTIFI,01.00.0000,TSGT EnterpriseNotificationService,/send,PRESEEDED_COLLOCATED_CONN_1741,sendEmailNotification,
TSG_STO_ITE_DET_CRE_SYN_SCM_TO_W_01.01.0005.iar.yaml,TSG_STO_ITE_DET_CRE_SYN_SCM_TO_W|01.01.0005,TSG_STO_ITE_DET_CRE_SYN_SCM_TO_W,TSGT Stock Item Details Creation Sync SCM to WACS,01.01.0005,invokeStockItemDetailWACSIWS(i0),Adapter_Invoke,,,,https://us-phoenix-1.stg.utilities-cloud.oracleindustry.com:443/c2g65p/test/wac/rest/apis/cm/general/StockItemDetail/StockItemDetail,OUTL-BRT-REST-WACS_WACSERPPIM,invokeStockItemDetailWACSIWS,
TSG_STO_ITE_DET_CRE_SYN_SCM_TO_W_01.01.0005.iar.yaml,TSG_STO_ITE_DET_CRE_SYN_SCM_TO_W|01.01.0005,TSG_STO_ITE_DET_CRE_SYN_SCM_TO_W,TSGT Stock Item Details Creation Sync SCM to WACS,01.01.0005,sendNotification(i1),IntegrationAction,TSGT_ENTERPRISENOTIFI,01.00.0000,TSGT EnterpriseNotificationService,/send,PRESEEDED_COLLOCATED_CONN_1741,sendNotification,
TSG_STO_ITE_DET_UPD_SYN_SCM_WACS_01.01.0005.iar.yaml,TSG_STO_ITE_DET_UPD_SYN_SCM_WACS|01.01.0005,TSG_STO_ITE_DET_UPD_SYN_SCM_WACS,TSGT Stock Item Details Update Sync SCM to WACS,01.01.0005,WACS_StockItem(i2),Adapter_Invoke,,,,https://us-phoenix-1.stg.utilities-cloud.oracleindustry.com:443/c2g65p/test/wac/rest/apis/cm/general/StockItemDetail/StockItemDetail,OUTL-BRT-REST-WACS_WACSERPPIM,WACS_StockItem,
TSG_STO_ITE_DET_UPD_SYN_SCM_WACS_01.01.0005.iar.yaml,TSG_STO_ITE_DET_UPD_SYN_SCM_WACS|01.01.0005,TSG_STO_ITE_DET_UPD_SYN_SCM_WACS,TSGT Stock Item Details Update Sync SCM to WACS,01.01.0005,sendNotification(i1),IntegrationAction,TSGT_ENTERPRISENOTIFI,01.00.0000,TSGT EnterpriseNotificationService,/send,PRESEEDED_COLLOCATED_CONN_1741,sendNotification,
WACS_CONNECTION_TEST_01.00.0000.iar.yaml,WACS_CONNECTION_TEST|01.00.0000,WACS_CONNECTION_TEST,WACS Connection test,01.00.0000,sendNotification(i4),IntegrationAction,TSGT_ENTERPRISENOTIFI,01.00.0000,TSGT EnterpriseNotificationService,/send,PRESEEDED_COLLOCATED_CONN_1741,sendNotification,
