source_file,source_integration,source_integration_code,source_integration_name,source_integration_version,invoke,call_type,target_integration_code,target_version,target_integration_name,resource_uri,adapter_code,adapter_name,application_name,error
TSGTADAPT2ARINV_INTGSERVIC_IB_01.00.0000.iar.yaml,"TSGTADAPT2ARINV_INTGSERVIC_IB
01.00.0000",TSGTADAPT2ARINV_INTGSERVIC_IB,TSGTAdapt2ARInvoice_IntgService_IB,01.00.0000,InvokeCommonLauncher(i0),IntegrationAction,TSGTCMNLAUNCHERF_SERVICE,01.00.0000,TSGTCmnLauncherFwk_Service,/invokeLauncher,PRESEEDED_COLLOCATED_CONN_1741,OIC Integration,InvokeCommonLauncher,
TSGTADAPT2ARINV_INTGSERVIC_IB_01.00.0000.iar.yaml,"TSGTADAPT2ARINV_INTGSERVIC_IB
01.00.0000",TSGTADAPT2ARINV_INTGSERVIC_IB,TSGTAdapt2ARInvoice_IntgService_IB,01.00.0000,SendNotification(i1),IntegrationAction,TSGTCMNNOTIFICAT_SERVICE,01.00.0000,TSGTCmnNotificationFwk_Service,/Notify,PRESEEDED_COLLOCATED_CONN_1741,OIC Integration,SendNotification,
TSGTADAPT2ARINV_INTGSERVIC_IB_01.00.0000.iar.yaml,"TSGTADAPT2ARINV_INTGSERVIC_IB
01.00.0000",TSGTADAPT2ARINV_INTGSERVIC_IB,TSGTAdapt2ARInvoice_IntgService_IB,01.00.0000,GetMetadataFromBO(i3),Adapter_Invoke,,,,/FWKOUTBOUNDINTGMETADATA,TSGTRESTVBCSBO_CONN,TSGTRestVBCSBO_Conn,GetMetadataFromBO,
TSGTCMNAPPCOMPOS_SERVICE_01.00.0000.iar.yaml,"TSGTCMNAPPCOMPOS_SERVICE
01.00.0000",TSGTCMNAPPCOMPOS_SERVICE,TSGTCmnAppComposerObjUpdate_Service,01.00.0000,GetFieldDetails(i0),Adapter_Invoke,,,,/fscmRestApi/resources/latest/{CustomObject},TSGTRESTERPCLOUD_CONN,TSGTRestERPCloud_Conn,GetFieldDetails,
TSGTCMNAPPCOMPOS_SERVICE_01.00.0000.iar.yaml,"TSGTCMNAPPCOMPOS_SERVICE
01.00.0000",TSGTCMNAPPCOMPOS_SERVICE,TSGTCmnAppComposerObjUpdate_Service,01.00.0000,UpdateRESTAPI(i1),Adapter_Invoke,,,,/fscmRestApi/resources/latest,TSGTRESTERPCLOUD_CONN,TSGTRestERPCloud_Conn,UpdateRESTAPI,
TSGTCMNARERPORCH_SERVICE_01.00.0000.iar.yaml,"TSGTCMNARERPORCH_SERVICE
01.00.0000",TSGTCMNARERPORCH_SERVICE,TSGTCmnARErpOrchestratorIbFwk_Service,01.00.0000,InvokeErrorHandlerService(i14),IntegrationAction,HC_CMN_NOTIFICA_SERVICE,01.00.0000,,/Notify,PRESEEDED_COLLOCATED_CONN_1741,OIC Integration,InvokeErrorHandlerService,
TSGTCMNARERPORCH_SERVICE_01.00.0000.iar.yaml,"TSGTCMNARERPORCH_SERVICE
01.00.0000",TSGTCMNARERPORCH_SERVICE,TSGTCmnARErpOrchestratorIbFwk_Service,01.00.0000,UpdateResultFileReport(i22),IntegrationAction,TSGTCMNFILEREFER_SERVICE,01.00.0000,TSGTCmnFileReferencetoObjectStorage_Service,/getFileFromObjectStorage,PRESEEDED_COLLOCATED_CONN_1741,OIC Integration,UpdateResultFileReport,
TSGTCMNARERPORCH_SERVICE_01.00.0000.iar.yaml,"TSGTCMNARERPORCH_SERVICE
01.00.0000",TSGTCMNARERPORCH_SERVICE,TSGTCmnARErpOrchestratorIbFwk_Service,01.00.0000,SendFailedEmailNotification(i11),IntegrationAction,TSGTCMNNOTIFICAT_SERVICE,01.00.0000,TSGTCmnNotificationFwk_Service,/Notify,PRESEEDED_COLLOCATED_CONN_1741,OIC Integration,SendFailedEmailNotification,
TSGTCMNARERPORCH_SERVICE_01.00.0000.iar.yaml,"TSGTCMNARERPORCH_SERVICE
01.00.0000",TSGTCMNARERPORCH_SERVICE,TSGTCmnARErpOrchestratorIbFwk_Service,01.00.0000,SendNotification(i15),IntegrationAction,TSGTCMNNOTIFICAT_SERVICE,01.00.0000,TSGTCmnNotificationFwk_Service,/Notify,PRESEEDED_COLLOCATED_CONN_1741,OIC Integration,SendNotification,
TSGTCMNARERPORCH_SERVICE_01.00.0000.iar.yaml,"TSGTCMNARERPORCH_SERVICE
01.00.0000",TSGTCMNARERPORCH_SERVICE,TSGTCmnARErpOrchestratorIbFwk_Service,01.00.0000,MoveFileToArchiveBucket(i18),IntegrationAction,TSGTCMNSRCOBJSTOTGTOBJSMO_SERVIC,01.00.0000,TSGTCmnSrcObjStorageToTgtObjStorageMove_Service,/getFileFromObjectStorage,PRESEEDED_COLLOCATED_CONN_1741,OIC Integration,MoveFileToArchiveBucket,
TSGTCMNARERPORCH_SERVICE_01.00.0000.iar.yaml,"TSGTCMNARERPORCH_SERVICE
01.00.0000",TSGTCMNARERPORCH_SERVICE,TSGTCmnARErpOrchestratorIbFwk_Service,01.00.0000,MoveFileToErrorBucket(i17),IntegrationAction,TSGTCMNSRCOBJSTOTGTOBJSMO_SERVIC,01.00.0000,TSGTCmnSrcObjStorageToTgtObjStorageMove_Service,/getFileFromObjectStorage,PRESEEDED_COLLOCATED_CONN_1741,OIC Integration,MoveFileToErrorBucket,
TSGTCMNARERPORCH_SERVICE_01.00.0000.iar.yaml,"TSGTCMNARERPORCH_SERVICE
01.00.0000",TSGTCMNARERPORCH_SERVICE,TSGTCmnARErpOrchestratorIbFwk_Service,01.00.0000,InvokeLoggerService-Initiation(i7),IntegrationAction,TSGTCMNUPSERTINS_SERVICE,01.00.0000,TSGTCmnUpsertInstanceTransaction_Service,/UpsertInstanceTransaction,PRESEEDED_COLLOCATED_CONN_1741,OIC Integration,InvokeLoggerService-Initiation,
TSGTCMNARERPORCH_SERVICE_01.00.0000.iar.yaml,"TSGTCMNARERPORCH_SERVICE
01.00.0000",TSGTCMNARERPORCH_SERVICE,TSGTCmnARErpOrchestratorIbFwk_Service,01.00.0000,UpdateESSJobId(i0),IntegrationAction,TSGTCMNUPSERTINS_SERVICE,01.00.0000,TSGTCmnUpsertInstanceTransaction_Service,/UpsertInstanceTransaction,PRESEEDED_COLLOCATED_CONN_1741,OIC Integration,UpdateESSJobId,
TSGTCMNARERPORCH_SERVICE_01.00.0000.iar.yaml,"TSGTCMNARERPORCH_SERVICE
01.00.0000",TSGTCMNARERPORCH_SERVICE,TSGTCmnARErpOrchestratorIbFwk_Service,01.00.0000,UpddateTransactionAndInstanceStatus(i10),IntegrationAction,TSGTCMNUPSERTINS_SERVICE,01.00.0000,TSGTCmnUpsertInstanceTransaction_Service,/UpsertInstanceTransaction,PRESEEDED_COLLOCATED_CONN_1741,OIC Integration,UpddateTransactionAndInstanceStatus,
TSGTCMNARERPORCH_SERVICE_01.00.0000.iar.yaml,"TSGTCMNARERPORCH_SERVICE
01.00.0000",TSGTCMNARERPORCH_SERVICE,TSGTCmnARErpOrchestratorIbFwk_Service,01.00.0000,ERP-BulkARInvoiceImport(i2),Adapter_Invoke,,,,,TSGTERPCLOUD_CONN,TSGTErpCloud_Conn,ERP-BulkARInvoiceImport,
TSGTCMNARERPORCH_SERVICE_01.00.0000.iar.yaml,"TSGTCMNARERPORCH_SERVICE
01.00.0000",TSGTCMNARERPORCH_SERVICE,TSGTCmnARErpOrchestratorIbFwk_Service,01.00.0000,GetARInterfaceDistributionsData(i20),Adapter_Invoke,,,,,TSGTATPCLOUDDB_CONN,TSGTAtpCloudDB_Conn,GetARInterfaceDistributionsData,
TSGTCMNARERPORCH_SERVICE_01.00.0000.iar.yaml,"TSGTCMNARERPORCH_SERVICE
01.00.0000",TSGTCMNARERPORCH_SERVICE,TSGTCmnARErpOrchestratorIbFwk_Service,01.00.0000,GetARInterfaceLinesData(i19),Adapter_Invoke,,,,,TSGTATPCLOUDDB_CONN,TSGTAtpCloudDB_Conn,GetARInterfaceLinesData,
TSGTCMNARERPORCH_SERVICE_01.00.0000.iar.yaml,"TSGTCMNARERPORCH_SERVICE
01.00.0000",TSGTCMNARERPORCH_SERVICE,TSGTCmnARErpOrchestratorIbFwk_Service,01.00.0000,GetBusinessUnitIdentifier(i21),Adapter_Invoke,,,,,TSGTATPCLOUDDB_CONN,TSGTAtpCloudDB_Conn,GetBusinessUnitIdentifier,
TSGTCMNARERPORCH_SERVICE_01.00.0000.iar.yaml,"TSGTCMNARERPORCH_SERVICE
01.00.0000",TSGTCMNARERPORCH_SERVICE,TSGTCmnARErpOrchestratorIbFwk_Service,01.00.0000,GetCallbackStatus(i3),Adapter_Invoke,,,,/Logger/{Logger_Id}/action/getESSJobStatus,TSGTRESTVBCSBO_CONN,TSGTRestVBCSBO_Conn,GetCallbackStatus,
TSGTCMNARERPORCH_SERVICE_01.00.0000.iar.yaml,"TSGTCMNARERPORCH_SERVICE
01.00.0000",TSGTCMNARERPORCH_SERVICE,TSGTCmnARErpOrchestratorIbFwk_Service,01.00.0000,GetFailedRecordsReport(i8),Adapter_Invoke,,,,,TSGTSOAPERPBIP_CONN,TSGTSoapErpBip_Conn,GetFailedRecordsReport,
TSGTCMNARERPORCH_SERVICE_01.00.0000.iar.yaml,"TSGTCMNARERPORCH_SERVICE
01.00.0000",TSGTCMNARERPORCH_SERVICE,TSGTCmnARErpOrchestratorIbFwk_Service,01.00.0000,GetFailedRecordsReportAsAttachment(i12),Adapter_Invoke,,,,,TSGTSOAPERPBIP_CONN,TSGTSoapErpBip_Conn,GetFailedRecordsReportAsAttachment,
TSGTCMNARERPORCH_SERVICE_01.00.0000.iar.yaml,"TSGTCMNARERPORCH_SERVICE
01.00.0000",TSGTCMNARERPORCH_SERVICE,TSGTCmnARErpOrchestratorIbFwk_Service,01.00.0000,GetInstanceDetails(i4),Adapter_Invoke,,,,/Instances,TSGTRESTVBCSBO_CONN,TSGTRestVBCSBO_Conn,GetInstanceDetails,
TSGTCMNARERPORCH_SERVICE_01.00.0000.iar.yaml,"TSGTCMNARERPORCH_SERVICE
01.00.0000",TSGTCMNARERPORCH_SERVICE,TSGTCmnARErpOrchestratorIbFwk_Service,01.00.0000,GetInstanceDtls(i13),Adapter_Invoke,,,,/Instances,TSGTRESTVBCSBO_CONN,TSGTRestVBCSBO_Conn,GetInstanceDtls,
TSGTCMNARERPORCH_SERVICE_01.00.0000.iar.yaml,"TSGTCMNARERPORCH_SERVICE
01.00.0000",TSGTCMNARERPORCH_SERVICE,TSGTCmnARErpOrchestratorIbFwk_Service,01.00.0000,GetMetadataInfo(i1),Adapter_Invoke,,,,/FWKINBOUNDINTGMETADATA,TSGTRESTVBCSBO_CONN,TSGTRestVBCSBO_Conn,GetMetadataInfo,
TSGTCMNARERPORCH_SERVICE_01.00.0000.iar.yaml,"TSGTCMNARERPORCH_SERVICE
01.00.0000",TSGTCMNARERPORCH_SERVICE,TSGTCmnARErpOrchestratorIbFwk_Service,01.00.0000,GetSuccessRecordsReport(i6),Adapter_Invoke,,,,,TSGTSOAPERPBIP_CONN,TSGTSoapErpBip_Conn,GetSuccessRecordsReport,
TSGTCMNARERPORCH_SERVICE_01.00.0000.iar.yaml,"TSGTCMNARERPORCH_SERVICE
01.00.0000",TSGTCMNARERPORCH_SERVICE,TSGTCmnARErpOrchestratorIbFwk_Service,01.00.0000,GetSuccessRecordsReportAttachment(i9),Adapter_Invoke,,,,,TSGTSOAPERPBIP_CONN,TSGTSoapErpBip_Conn,GetSuccessRecordsReportAttachment,
TSGTCMNARERPORCH_SERVICE_01.00.0000.iar.yaml,"TSGTCMNARERPORCH_SERVICE
01.00.0000",TSGTCMNARERPORCH_SERVICE,TSGTCmnARErpOrchestratorIbFwk_Service,01.00.0000,GetTotalProcesssedCount(i5),Adapter_Invoke,,,,,TSGTSOAPERPBIP_CONN,TSGTSoapErpBip_Conn,GetTotalProcesssedCount,
TSGTCMNARERPORCH_SERVICE_01.00.0000.iar.yaml,"TSGTCMNARERPORCH_SERVICE
01.00.0000",TSGTCMNARERPORCH_SERVICE,TSGTCmnARErpOrchestratorIbFwk_Service,01.00.0000,MoveFBDIZipFileToEnrichedBucket(i16),Adapter_Invoke,,,,/n/{namespace}/b/{bucketName}/o/{objectName},TSGTOBJECTSTORAG_CONN,TSGTObjectStorage_Conn,MoveFBDIZipFileToEnrichedBucket,
TSGTCMNERPCALLBACKIBFWK_SERVICE_01.00.0000.iar.yaml,"TSGTCMNERPCALLBACKIBFWK_SERVICE
01.00.0000",TSGTCMNERPCALLBACKIBFWK_SERVICE,TSGTCmnErpCallbackIbFwk_Service,01.00.0000,SendNotification(i9),IntegrationAction,TSGTCMNNOTIFICAT_SERVICE,01.00.0000,TSGTCmnNotificationFwk_Service,/Notify,PRESEEDED_COLLOCATED_CONN_1741,OIC Integration,SendNotification,
TSGTCMNERPCALLBACKIBFWK_SERVICE_01.00.0000.iar.yaml,"TSGTCMNERPCALLBACKIBFWK_SERVICE
01.00.0000",TSGTCMNERPCALLBACKIBFWK_SERVICE,TSGTCmnErpCallbackIbFwk_Service,01.00.0000,UpdateCallbackSuccessStatus(i1),IntegrationAction,TSGTCMNUPSERTINS_SERVICE,01.00.0000,TSGTCmnUpsertInstanceTransaction_Service,/UpsertInstanceTransaction,PRESEEDED_COLLOCATED_CONN_1741,OIC Integration,UpdateCallbackSuccessStatus,
TSGTCMNERPCALLBACKIBFWK_SERVICE_01.00.0000.iar.yaml,"TSGTCMNERPCALLBACKIBFWK_SERVICE
01.00.0000",TSGTCMNERPCALLBACKIBFWK_SERVICE,TSGTCmnErpCallbackIbFwk_Service,01.00.0000,UpdateInitialLog(i13),IntegrationAction,TSGTCMNUPSERTINS_SERVICE,01.00.0000,TSGTCmnUpsertInstanceTransaction_Service,/UpsertInstanceTransaction,PRESEEDED_COLLOCATED_CONN_1741,OIC Integration,UpdateInitialLog,
TSGTCMNERPCALLBACKIBFWK_SERVICE_01.00.0000.iar.yaml,"TSGTCMNERPCALLBACKIBFWK_SERVICE
01.00.0000",TSGTCMNERPCALLBACKIBFWK_SERVICE,TSGTCmnErpCallbackIbFwk_Service,01.00.0000,UpdateInstanceErrorLog(i2),IntegrationAction,TSGTCMNUPSERTINS_SERVICE,01.00.0000,TSGTCmnUpsertInstanceTransaction_Service,/UpsertInstanceTransaction,PRESEEDED_COLLOCATED_CONN_1741,OIC Integration,UpdateInstanceErrorLog,
TSGTCMNERPCALLBACKIBFWK_SERVICE_01.00.0000.iar.yaml,"TSGTCMNERPCALLBACKIBFWK_SERVICE
01.00.0000",TSGTCMNERPCALLBACKIBFWK_SERVICE,TSGTCmnErpCallbackIbFwk_Service,01.00.0000,UpdateTransactionAndInstancesLog(i14),IntegrationAction,TSGTCMNUPSERTINS_SERVICE,01.00.0000,TSGTCmnUpsertInstanceTransaction_Service,/UpsertInstanceTransaction,PRESEEDED_COLLOCATED_CONN_1741,OIC Integration,UpdateTransactionAndInstancesLog,
TSGTCMNERPCALLBACKIBFWK_SERVICE_01.00.0000.iar.yaml,"TSGTCMNERPCALLBACKIBFWK_SERVICE
01.00.0000",TSGTCMNERPCALLBACKIBFWK_SERVICE,TSGTCmnErpCallbackIbFwk_Service,01.00.0000,GetInboundMetadataFrmBO(i6),Adapter_Invoke,,,,/FWKINBOUNDINTGMETADATA,TSGTRESTVBCSBO_CONN,TSGTRestVBCSBO_Conn,GetInboundMetadataFrmBO,
TSGTCMNERPCALLBACKIBFWK_SERVICE_01.00.0000.iar.yaml,"TSGTCMNERPCALLBACKIBFWK_SERVICE
01.00.0000",TSGTCMNERPCALLBACKIBFWK_SERVICE,TSGTCmnErpCallbackIbFwk_Service,01.00.0000,GetTransactionDetail(i8),Adapter_Invoke,,,,/Transactions,TSGTRESTVBCSBO_CONN,TSGTRestVBCSBO_Conn,GetTransactionDetail,
TSGTCMNERPCALLBACKIBFWK_SERVICE_01.00.0000.iar.yaml,"TSGTCMNERPCALLBACKIBFWK_SERVICE
01.00.0000",TSGTCMNERPCALLBACKIBFWK_SERVICE,TSGTCmnErpCallbackIbFwk_Service,01.00.0000,GetTransactionId(i12),Adapter_Invoke,,,,/Instances,TSGTRESTVBCSBO_CONN,TSGTRestVBCSBO_Conn,GetTransactionId,
TSGTCMNERPCALLBA_SERVICE_01.02.0000.iar.yaml,"TSGTCMNERPCALLBA_SERVICE
01.02.0000",TSGTCMNERPCALLBA_SERVICE,TSGTCmnErpCallbackObFwk_Service,01.02.0000,InvokeCommonErrorNotification_6(i21),IntegrationAction,CIF_UTIL_CMN_NOTIFI_SERVIC,01.00.0001,,/notification,PRESEEDED_COLLOCATED_CONN_1741,OIC Integration,InvokeCommonErrorNotification_6,
TSGTCMNERPCALLBA_SERVICE_01.02.0000.iar.yaml,"TSGTCMNERPCALLBA_SERVICE
01.02.0000",TSGTCMNERPCALLBA_SERVICE,TSGTCmnErpCallbackObFwk_Service,01.02.0000,InvokeDispatcher(i43),IntegrationAction,TSGTCMNERPSFTPDISPOBFWK_SERVICE,01.00.0000,TSGTCmnErpSftpDispatcherObFwk_Service,/dispatcher,PRESEEDED_COLLOCATED_CONN_1741,OIC Integration,InvokeDispatcher,
TSGTCMNERPCALLBA_SERVICE_01.02.0000.iar.yaml,"TSGTCMNERPCALLBA_SERVICE
01.02.0000",TSGTCMNERPCALLBA_SERVICE,TSGTCmnErpCallbackObFwk_Service,01.02.0000,NotifyFailedReportExtraction(i26),IntegrationAction,TSGTCMNNOTIFICAT_SERVICE,01.00.0000,TSGTCmnNotificationFwk_Service,/Notify,PRESEEDED_COLLOCATED_CONN_1741,OIC Integration,NotifyFailedReportExtraction,
TSGTCMNERPCALLBA_SERVICE_01.02.0000.iar.yaml,"TSGTCMNERPCALLBA_SERVICE
01.02.0000",TSGTCMNERPCALLBA_SERVICE,TSGTCmnErpCallbackObFwk_Service,01.02.0000,UpdateInitLog(i8),IntegrationAction,TSGTCMNUPSERTINS_SERVICE,01.00.0000,TSGTCmnUpsertInstanceTransaction_Service,/UpsertInstanceTransaction,PRESEEDED_COLLOCATED_CONN_1741,OIC Integration,UpdateInitLog,
TSGTCMNERPCALLBA_SERVICE_01.02.0000.iar.yaml,"TSGTCMNERPCALLBA_SERVICE
01.02.0000",TSGTCMNERPCALLBA_SERVICE,TSGTCmnErpCallbackObFwk_Service,01.02.0000,UpdateInstanceBOStatus(i3),IntegrationAction,TSGTCMNUPSERTINS_SERVICE,01.00.0000,TSGTCmnUpsertInstanceTransaction_Service,/UpsertInstanceTransaction,PRESEEDED_COLLOCATED_CONN_1741,OIC Integration,UpdateInstanceBOStatus,
TSGTCMNERPCALLBA_SERVICE_01.02.0000.iar.yaml,"TSGTCMNERPCALLBA_SERVICE
01.02.0000",TSGTCMNERPCALLBA_SERVICE,TSGTCmnErpCallbackObFwk_Service,01.02.0000,DeleteFileFromUCM(i2),Adapter_Invoke,,,,,TSGTSOAPORCLGENE_CONN,TSGTSoapOrclGeneric_Conn,DeleteFileFromUCM,
TSGTCMNERPCALLBA_SERVICE_01.02.0000.iar.yaml,"TSGTCMNERPCALLBA_SERVICE
01.02.0000",TSGTCMNERPCALLBA_SERVICE,TSGTCmnErpCallbackObFwk_Service,01.02.0000,GetDocument(i0),Adapter_Invoke,,,,,TSGTERPCLOUD_CONN,TSGTErpCloud_Conn,GetDocument,
TSGTCMNERPCALLBA_SERVICE_01.02.0000.iar.yaml,"TSGTCMNERPCALLBA_SERVICE
01.02.0000",TSGTCMNERPCALLBA_SERVICE,TSGTCmnErpCallbackObFwk_Service,01.02.0000,GetDocumentSoapGeneric(i6),Adapter_Invoke,,,,,TSGTSOAPORCLGENE_CONN,TSGTSoapOrclGeneric_Conn,GetDocumentSoapGeneric,
TSGTCMNERPCALLBA_SERVICE_01.02.0000.iar.yaml,"TSGTCMNERPCALLBA_SERVICE
01.02.0000",TSGTCMNERPCALLBA_SERVICE,TSGTCmnErpCallbackObFwk_Service,01.02.0000,GetInstanceCountFromBO(i25),Adapter_Invoke,,,,/Logger/{Logger_Id}/action/getInstanceCount,TSGTRESTVBCSBO_CONN,TSGTRestVBCSBO_Conn,GetInstanceCountFromBO,
TSGTCMNERPCALLBA_SERVICE_01.02.0000.iar.yaml,"TSGTCMNERPCALLBA_SERVICE
01.02.0000",TSGTCMNERPCALLBA_SERVICE,TSGTCmnErpCallbackObFwk_Service,01.02.0000,GetLastRunDateBIP(i5),Adapter_Invoke,,,,,TSGTSOAPERPBIP_CONN,TSGTSoapErpBip_Conn,GetLastRunDateBIP,
TSGTCMNERPCALLBA_SERVICE_01.02.0000.iar.yaml,"TSGTCMNERPCALLBA_SERVICE
01.02.0000",TSGTCMNERPCALLBA_SERVICE,TSGTCmnErpCallbackObFwk_Service,01.02.0000,GetMetadataFromBO(i12),Adapter_Invoke,,,,/FWKOUTBOUNDINTGMETADATA,TSGTRESTVBCSBO_CONN,TSGTRestVBCSBO_Conn,GetMetadataFromBO,
TSGTCMNERPCALLBA_SERVICE_01.02.0000.iar.yaml,"TSGTCMNERPCALLBA_SERVICE
01.02.0000",TSGTCMNERPCALLBA_SERVICE,TSGTCmnErpCallbackObFwk_Service,01.02.0000,GetTransactionId(i1),Adapter_Invoke,,,,/Instances,TSGTRESTVBCSBO_CONN,TSGTRestVBCSBO_Conn,GetTransactionId,
TSGTCMNERPCALLBA_SERVICE_01.02.0000.iar.yaml,"TSGTCMNERPCALLBA_SERVICE
01.02.0000",TSGTCMNERPCALLBA_SERVICE,TSGTCmnErpCallbackObFwk_Service,01.02.0000,GetTransactionTypeId(i4),Adapter_Invoke,,,,/Transactions,TSGTRESTVBCSBO_CONN,TSGTRestVBCSBO_Conn,GetTransactionTypeId,
TSGTCMNERPCALLBA_SERVICE_01.02.0000.iar.yaml,"TSGTCMNERPCALLBA_SERVICE
01.02.0000",TSGTCMNERPCALLBA_SERVICE,TSGTCmnErpCallbackObFwk_Service,01.02.0000,GetTransaction_ID(i13),Adapter_Invoke,,,,/Instances,TSGTRESTVBCSBO_CONN,TSGTRestVBCSBO_Conn,GetTransaction_ID,
TSGTCMNERPCALLBA_SERVICE_01.02.0000.iar.yaml,"TSGTCMNERPCALLBA_SERVICE
01.02.0000",TSGTCMNERPCALLBA_SERVICE,TSGTCmnErpCallbackObFwk_Service,01.02.0000,Get_Transaction_Id(i24),Adapter_Invoke,,,,/Transactions,TSGTRESTVBCSBO_CONN,TSGTRestVBCSBO_Conn,Get_Transaction_Id,
TSGTCMNERPCALLBA_SERVICE_01.02.0000.iar.yaml,"TSGTCMNERPCALLBA_SERVICE
01.02.0000",TSGTCMNERPCALLBA_SERVICE,TSGTCmnErpCallbackObFwk_Service,01.02.0000,UpdateLastRunDateInBO(i9),Adapter_Invoke,,,,/FWKOUTBOUNDINTGMETADATA/{id},TSGTRESTVBCSBO_CONN,TSGTRestVBCSBO_Conn,UpdateLastRunDateInBO,
TSGTCMNERPCALLBA_SERVICE_01.02.0000.iar.yaml,"TSGTCMNERPCALLBA_SERVICE
01.02.0000",TSGTCMNERPCALLBA_SERVICE,TSGTCmnErpCallbackObFwk_Service,01.02.0000,UpdateTransactionBO(i7),Adapter_Invoke,,,,/Logger/{Logger_Id}/action/updateTransaction,TSGTRESTVBCSBO_CONN,TSGTRestVBCSBO_Conn,UpdateTransactionBO,
TSGTCMNERPCALLBA_SERVICE_01.02.0000.iar.yaml,"TSGTCMNERPCALLBA_SERVICE
01.02.0000",TSGTCMNERPCALLBA_SERVICE,TSGTCmnErpCallbackObFwk_Service,01.02.0000,UploadDocFileToArchiveBucket(i23),Adapter_Invoke,,,,/n/{nameSpaceName}/b/{bucketName}/o/{objectName},TSGTOBJECTSTORAG_CONN,TSGTObjectStorage_Conn,UploadDocFileToArchiveBucket,
TSGTCMNERPCALLBA_SERVICE_01.02.0000.iar.yaml,"TSGTCMNERPCALLBA_SERVICE
01.02.0000",TSGTCMNERPCALLBA_SERVICE,TSGTCmnErpCallbackObFwk_Service,01.02.0000,getnodatafoundFile(i30),Adapter_Invoke,,,,,TSGTSOAPORCLGENE_CONN,TSGTSoapOrclGeneric_Conn,getnodatafoundFile,
TSGTCMNERPDATASY_SERVICE_01.00.0000.iar.yaml,"TSGTCMNERPDATASY_SERVICE
01.00.0000",TSGTCMNERPDATASY_SERVICE,TSGTCmnErpDataSyncDispatcherObFwk_Service,01.00.0000,InsertintoOBStagetable(i15),IntegrationAction,TSGTCMNERPDISPAT_SERVICE,01.00.0000,TSGTCmnErpDispatcherDataInsertObFwk_Service,/insertOBStage/,PRESEEDED_COLLOCATED_CONN_1741,OIC Integration,InsertintoOBStagetable,
TSGTCMNERPDATASY_SERVICE_01.00.0000.iar.yaml,"TSGTCMNERPDATASY_SERVICE
01.00.0000",TSGTCMNERPDATASY_SERVICE,TSGTCmnErpDataSyncDispatcherObFwk_Service,01.00.0000,InvokeNotificationService(i13),IntegrationAction,TSGTCMNNOTIFICAT_SERVICE,01.00.0000,TSGTCmnNotificationFwk_Service,/Notify,PRESEEDED_COLLOCATED_CONN_1741,OIC Integration,InvokeNotificationService,
TSGTCMNERPDATASY_SERVICE_01.00.0000.iar.yaml,"TSGTCMNERPDATASY_SERVICE
01.00.0000",TSGTCMNERPDATASY_SERVICE,TSGTCmnErpDataSyncDispatcherObFwk_Service,01.00.0000,UpdInstanceBOStat(i12),IntegrationAction,TSGTCMNUPSERTINS_SERVICE,01.00.0000,TSGTCmnUpsertInstanceTransaction_Service,/UpsertInstanceTransaction,PRESEEDED_COLLOCATED_CONN_1741,OIC Integration,UpdInstanceBOStat,
TSGTCMNERPDATASY_SERVICE_01.00.0000.iar.yaml,"TSGTCMNERPDATASY_SERVICE
01.00.0000",TSGTCMNERPDATASY_SERVICE,TSGTCmnErpDataSyncDispatcherObFwk_Service,01.00.0000,UpdateInitLog(i2),IntegrationAction,TSGTCMNUPSERTINS_SERVICE,01.00.0000,TSGTCmnUpsertInstanceTransaction_Service,/UpsertInstanceTransaction,PRESEEDED_COLLOCATED_CONN_1741,OIC Integration,UpdateInitLog,
TSGTCMNERPDATASY_SERVICE_01.00.0000.iar.yaml,"TSGTCMNERPDATASY_SERVICE
01.00.0000",TSGTCMNERPDATASY_SERVICE,TSGTCmnErpDataSyncDispatcherObFwk_Service,01.00.0000,UpdateInstanceBOStatus(i7),IntegrationAction,TSGTCMNUPSERTINS_SERVICE,01.00.0000,TSGTCmnUpsertInstanceTransaction_Service,/UpsertInstanceTransaction,PRESEEDED_COLLOCATED_CONN_1741,OIC Integration,UpdateInstanceBOStatus,
TSGTCMNERPDATASY_SERVICE_01.00.0000.iar.yaml,"TSGTCMNERPDATASY_SERVICE
01.00.0000",TSGTCMNERPDATASY_SERVICE,TSGTCmnErpDataSyncDispatcherObFwk_Service,01.00.0000,UpdateTransactionAndInstanceLog(i4),IntegrationAction,TSGTCMNUPSERTINS_SERVICE,01.00.0000,TSGTCmnUpsertInstanceTransaction_Service,/UpsertInstanceTransaction,PRESEEDED_COLLOCATED_CONN_1741,OIC Integration,UpdateTransactionAndInstanceLog,
TSGTCMNERPDATASY_SERVICE_01.00.0000.iar.yaml,"TSGTCMNERPDATASY_SERVICE
01.00.0000",TSGTCMNERPDATASY_SERVICE,TSGTCmnErpDataSyncDispatcherObFwk_Service,01.00.0000,ErrorHandler(i11),IntegrationAction,UIC_CMN_ERRORHAN_SERVICE,01.00.0001,,https://prod-axeufspbztar-px.integration.ocp.oraclecloud.com:443/ic/api/integration/v1/flows/rest/UIC_CMN_ERRORHAN_SERVICE/1.0/ErrorHandler,PRESEEDED_COLLOCATED_CONN_1741,OIC Integration,ErrorHandler,
TSGTCMNERPDATASY_SERVICE_01.00.0000.iar.yaml,"TSGTCMNERPDATASY_SERVICE
01.00.0000",TSGTCMNERPDATASY_SERVICE,TSGTCmnErpDataSyncDispatcherObFwk_Service,01.00.0000,GetFileFromBucket(i14),Adapter_Invoke,,,,/n/{nameSpaceName}/b/{bucketName}/o/{objectName},TSGTOBJECTSTORAG_CONN,TSGTObjectStorage_Conn,GetFileFromBucket,
TSGTCMNERPDATASY_SERVICE_01.00.0000.iar.yaml,"TSGTCMNERPDATASY_SERVICE
01.00.0000",TSGTCMNERPDATASY_SERVICE,TSGTCmnErpDataSyncDispatcherObFwk_Service,01.00.0000,GetInstanceCount(i9),Adapter_Invoke,,,,/Logger/{Logger_Id}/action/getInstanceCount,TSGTRESTVBCSBO_CONN,TSGTRestVBCSBO_Conn,GetInstanceCount,
TSGTCMNERPDATASY_SERVICE_01.00.0000.iar.yaml,"TSGTCMNERPDATASY_SERVICE
01.00.0000",TSGTCMNERPDATASY_SERVICE,TSGTCmnErpDataSyncDispatcherObFwk_Service,01.00.0000,GetInstanceDetails(i6),Adapter_Invoke,,,,/Instances,TSGTRESTVBCSBO_CONN,TSGTRestVBCSBO_Conn,GetInstanceDetails,
TSGTCMNERPDATASY_SERVICE_01.00.0000.iar.yaml,"TSGTCMNERPDATASY_SERVICE
01.00.0000",TSGTCMNERPDATASY_SERVICE,TSGTCmnErpDataSyncDispatcherObFwk_Service,01.00.0000,GetInstanceDetailsForReprocess(i10),Adapter_Invoke,,,,/Instances,TSGTRESTVBCSBO_CONN,TSGTRestVBCSBO_Conn,GetInstanceDetailsForReprocess,
TSGTCMNERPDATASY_SERVICE_01.00.0000.iar.yaml,"TSGTCMNERPDATASY_SERVICE
01.00.0000",TSGTCMNERPDATASY_SERVICE,TSGTCmnErpDataSyncDispatcherObFwk_Service,01.00.0000,GetInstanceDtls(i8),Adapter_Invoke,,,,/Instances,TSGTRESTVBCSBO_CONN,TSGTRestVBCSBO_Conn,GetInstanceDtls,
TSGTCMNERPDATASY_SERVICE_01.00.0000.iar.yaml,"TSGTCMNERPDATASY_SERVICE
01.00.0000",TSGTCMNERPDATASY_SERVICE,TSGTCmnErpDataSyncDispatcherObFwk_Service,01.00.0000,GetLastRunDateBIP(i0),Adapter_Invoke,,,,,TSGTSOAPERPBIP_CONN,TSGTSoapErpBip_Conn,GetLastRunDateBIP,
TSGTCMNERPDATASY_SERVICE_01.00.0000.iar.yaml,"TSGTCMNERPDATASY_SERVICE
01.00.0000",TSGTCMNERPDATASY_SERVICE,TSGTCmnErpDataSyncDispatcherObFwk_Service,01.00.0000,GetMetaDatafromBO(i16),Adapter_Invoke,,,,/FWKOUTBOUNDINTGMETADATA,TSGTRESTVBCSBO_CONN,TSGTRestVBCSBO_Conn,GetMetaDatafromBO,
TSGTCMNERPDATASY_SERVICE_01.00.0000.iar.yaml,"TSGTCMNERPDATASY_SERVICE
01.00.0000",TSGTCMNERPDATASY_SERVICE,TSGTCmnErpDataSyncDispatcherObFwk_Service,01.00.0000,GetTransactionDetails(i1),Adapter_Invoke,,,,/Transactions,TSGTRESTVBCSBO_CONN,TSGTRestVBCSBO_Conn,GetTransactionDetails,
TSGTCMNERPDATASY_SERVICE_01.00.0000.iar.yaml,"TSGTCMNERPDATASY_SERVICE
01.00.0000",TSGTCMNERPDATASY_SERVICE,TSGTCmnErpDataSyncDispatcherObFwk_Service,01.00.0000,SyncStagetabletoXref(i3),Adapter_Invoke,,,,,TSGTATPCLOUDDB_CONN,TSGTAtpCloudDB_Conn,SyncStagetabletoXref,
TSGTCMNERPDATASY_SERVICE_01.00.0000.iar.yaml,"TSGTCMNERPDATASY_SERVICE
01.00.0000",TSGTCMNERPDATASY_SERVICE,TSGTCmnErpDataSyncDispatcherObFwk_Service,01.00.0000,UpdateLastrunDateinBO(i5),Adapter_Invoke,,,,/FWKOUTBOUNDINTGMETADATA/{Id},TSGTRESTVBCSBO_CONN,TSGTRestVBCSBO_Conn,UpdateLastrunDateinBO,
TSGTCMNERPDISPAT_SERVICE_01.00.0000.iar.yaml,"TSGTCMNERPDISPAT_SERVICE
01.00.0000",TSGTCMNERPDISPAT_SERVICE,TSGTCmnErpDispatcherDataInsertObFwk_Service,01.00.0000,InsertintoOBStageTable(i0),Adapter_Invoke,,,,,TSGTATPCLOUDDB_CONN,TSGTAtpCloudDB_Conn,InsertintoOBStageTable,
TSGTCMNERPLAUNCH_SERVICE_01.00.0000.iar.yaml,"TSGTCMNERPLAUNCH_SERVICE
01.00.0000",TSGTCMNERPLAUNCH_SERVICE,TSGTCmnErpLauncherIbFwk_Service,01.00.0000,InvokeMediatorService(i3),IntegrationAction,TSGTCMNERPMEDIATORIBFWK_SERVICE,01.00.0000,TSGTCmnErpMediatorIbFwk_Service,/transform,PRESEEDED_COLLOCATED_CONN_1741,OIC Integration,InvokeMediatorService,
TSGTCMNERPLAUNCH_SERVICE_01.00.0000.iar.yaml,"TSGTCMNERPLAUNCH_SERVICE
01.00.0000",TSGTCMNERPLAUNCH_SERVICE,TSGTCmnErpLauncherIbFwk_Service,01.00.0000,InvokeErrorNotificationService(i11),IntegrationAction,TSGTCMNNOTIFICAT_SERVICE,01.00.0000,TSGTCmnNotificationFwk_Service,/Notify,PRESEEDED_COLLOCATED_CONN_1741,OIC Integration,InvokeErrorNotificationService,
TSGTCMNERPLAUNCH_SERVICE_01.00.0000.iar.yaml,"TSGTCMNERPLAUNCH_SERVICE
01.00.0000",TSGTCMNERPLAUNCH_SERVICE,TSGTCmnErpLauncherIbFwk_Service,01.00.0000,MoveFileFromErrorBucketToRawBucket(i8),IntegrationAction,TSGTCMNSRCOBJSTOTGTOBJSMO_SERVIC,01.00.0000,TSGTCmnSrcObjStorageToTgtObjStorageMove_Service,/getFileFromObjectStorage,PRESEEDED_COLLOCATED_CONN_1741,OIC Integration,MoveFileFromErrorBucketToRawBucket,
TSGTCMNERPLAUNCH_SERVICE_01.00.0000.iar.yaml,"TSGTCMNERPLAUNCH_SERVICE
01.00.0000",TSGTCMNERPLAUNCH_SERVICE,TSGTCmnErpLauncherIbFwk_Service,01.00.0000,MoveFileToErrorBucketObjectStorage(i4),IntegrationAction,TSGTCMNSRCOBJSTOTGTOBJSMO_SERVIC,01.00.0000,TSGTCmnSrcObjStorageToTgtObjStorageMove_Service,/getFileFromObjectStorage,PRESEEDED_COLLOCATED_CONN_1741,OIC Integration,MoveFileToErrorBucketObjectStorage,
TSGTCMNERPLAUNCH_SERVICE_01.00.0000.iar.yaml,"TSGTCMNERPLAUNCH_SERVICE
01.00.0000",TSGTCMNERPLAUNCH_SERVICE,TSGTCmnErpLauncherIbFwk_Service,01.00.0000,UpdateInitLog(i6),IntegrationAction,TSGTCMNUPSERTINS_SERVICE,01.00.0000,TSGTCmnUpsertInstanceTransaction_Service,/UpsertInstanceTransaction,PRESEEDED_COLLOCATED_CONN_1741,OIC Integration,UpdateInitLog,
TSGTCMNERPLAUNCH_SERVICE_01.00.0000.iar.yaml,"TSGTCMNERPLAUNCH_SERVICE
01.00.0000",TSGTCMNERPLAUNCH_SERVICE,TSGTCmnErpLauncherIbFwk_Service,01.00.0000,Updatelogs(i7),IntegrationAction,TSGTCMNUPSERTINS_SERVICE,01.00.0000,TSGTCmnUpsertInstanceTransaction_Service,/UpsertInstanceTransaction,PRESEEDED_COLLOCATED_CONN_1741,OIC Integration,Updatelogs,
TSGTCMNERPLAUNCH_SERVICE_01.00.0000.iar.yaml,"TSGTCMNERPLAUNCH_SERVICE
01.00.0000",TSGTCMNERPLAUNCH_SERVICE,TSGTCmnErpLauncherIbFwk_Service,01.00.0000,InvokeNotificationService(i9),IntegrationAction,UTIL_CMN_NOTIFICATION_SERVICE,01.00.0000,,/notification,PRESEEDED_COLLOCATED_CONN_1741,OIC Integration,InvokeNotificationService,
TSGTCMNERPLAUNCH_SERVICE_01.00.0000.iar.yaml,"TSGTCMNERPLAUNCH_SERVICE
01.00.0000",TSGTCMNERPLAUNCH_SERVICE,TSGTCmnErpLauncherIbFwk_Service,01.00.0000,GetInboundMetadataFromBO(i2),Adapter_Invoke,,,,/FWKINBOUNDINTGMETADATA,TSGTRESTVBCSBO_CONN,TSGTRestVBCSBO_Conn,GetInboundMetadataFromBO,
TSGTCMNERPLAUNCH_SERVICE_01.00.0000.iar.yaml,"TSGTCMNERPLAUNCH_SERVICE
01.00.0000",TSGTCMNERPLAUNCH_SERVICE,TSGTCmnErpLauncherIbFwk_Service,01.00.0000,GetInstanceDetails(i0),Adapter_Invoke,,,,/Instances,TSGTRESTVBCSBO_CONN,TSGTRestVBCSBO_Conn,GetInstanceDetails,
TSGTCMNERPLAUNCH_SERVICE_01.00.0000.iar.yaml,"TSGTCMNERPLAUNCH_SERVICE
01.00.0000",TSGTCMNERPLAUNCH_SERVICE,TSGTCmnErpLauncherIbFwk_Service,01.00.0000,GetTransactionDetails(i10),Adapter_Invoke,,,,/TransactionTypes,TSGTRESTVBCSBO_CONN,TSGTRestVBCSBO_Conn,GetTransactionDetails,
TSGTCMNERPLAUNCH_SERVICE_01.00.0000.iar.yaml,"TSGTCMNERPLAUNCH_SERVICE
01.00.0000",TSGTCMNERPLAUNCH_SERVICE,TSGTCmnErpLauncherIbFwk_Service,01.00.0000,UpdateLastRunDetails(i5),Adapter_Invoke,,,,/FWKINBOUNDINTGMETADATA/{id},TSGTRESTVBCSBO_CONN,TSGTRestVBCSBO_Conn,UpdateLastRunDetails,
TSGTCMNERPLAUNCH_SERVICE_01.00.0000.iar.yaml,"TSGTCMNERPLAUNCH_SERVICE
01.00.0000",TSGTCMNERPLAUNCH_SERVICE,TSGTCmnErpLauncherIbFwk_Service,01.00.0000,getRawFiles(i1),Adapter_Invoke,,,,/n/{nameSpaceName}/b/{bucketName}/o/,TSGTOBJECTSTORAG_CONN,TSGTObjectStorage_Conn,getRawFiles,
TSGTCMNERPLAUNCH_SERVICE_OB_01.00.0000.iar.yaml,"TSGTCMNERPLAUNCH_SERVICE_OB
01.00.0000",TSGTCMNERPLAUNCH_SERVICE_OB,TSGTCmnErpLauncherObFwk_Service,01.00.0000,InvokeNotify(i19),IntegrationAction,TSGTCMNNOTIFICAT_SERVICE,01.00.0000,TSGTCmnNotificationFwk_Service,/Notify,PRESEEDED_COLLOCATED_CONN_1741,OIC Integration,InvokeNotify,
TSGTCMNERPLAUNCH_SERVICE_OB_01.00.0000.iar.yaml,"TSGTCMNERPLAUNCH_SERVICE_OB
01.00.0000",TSGTCMNERPLAUNCH_SERVICE_OB,TSGTCmnErpLauncherObFwk_Service,01.00.0000,UpdateErrorTransactionAndInstances(i18),IntegrationAction,TSGTCMNUPSERTINS_SERVICE,01.00.0000,TSGTCmnUpsertInstanceTransaction_Service,/UpsertInstanceTransaction,PRESEEDED_COLLOCATED_CONN_1741,OIC Integration,UpdateErrorTransactionAndInstances,
TSGTCMNERPLAUNCH_SERVICE_OB_01.00.0000.iar.yaml,"TSGTCMNERPLAUNCH_SERVICE_OB
01.00.0000",TSGTCMNERPLAUNCH_SERVICE_OB,TSGTCmnErpLauncherObFwk_Service,01.00.0000,UpdateTransactionAndInstance(i20),IntegrationAction,TSGTCMNUPSERTINS_SERVICE,01.00.0000,TSGTCmnUpsertInstanceTransaction_Service,/UpsertInstanceTransaction,PRESEEDED_COLLOCATED_CONN_1741,OIC Integration,UpdateTransactionAndInstance,
TSGTCMNERPLAUNCH_SERVICE_OB_01.00.0000.iar.yaml,"TSGTCMNERPLAUNCH_SERVICE_OB
01.00.0000",TSGTCMNERPLAUNCH_SERVICE_OB,TSGTCmnErpLauncherObFwk_Service,01.00.0000,UpdateTransactionAndInstanceDetail(i15),IntegrationAction,TSGTCMNUPSERTINS_SERVICE,01.00.0000,TSGTCmnUpsertInstanceTransaction_Service,/UpsertInstanceTransaction,PRESEEDED_COLLOCATED_CONN_1741,OIC Integration,UpdateTransactionAndInstanceDetail,
TSGTCMNERPLAUNCH_SERVICE_OB_01.00.0000.iar.yaml,"TSGTCMNERPLAUNCH_SERVICE_OB
01.00.0000",TSGTCMNERPLAUNCH_SERVICE_OB,TSGTCmnErpLauncherObFwk_Service,01.00.0000,InvokeCMNNotification(i8),IntegrationAction,UTIL_CMN_NOTIFICATION_SERVICE,01.00.0000,,/notification,PRESEEDED_COLLOCATED_CONN_1741,OIC Integration,InvokeCMNNotification,
TSGTCMNERPLAUNCH_SERVICE_OB_01.00.0000.iar.yaml,"TSGTCMNERPLAUNCH_SERVICE_OB
01.00.0000",TSGTCMNERPLAUNCH_SERVICE_OB,TSGTCmnErpLauncherObFwk_Service,01.00.0000,GetInstanceBOCount(i12),Adapter_Invoke,,,,/Logger/{Logger_Id}/action/getInstanceCount,TSGTRESTVBCSBO_CONN,TSGTRestVBCSBO_Conn,GetInstanceBOCount,
TSGTCMNERPLAUNCH_SERVICE_OB_01.00.0000.iar.yaml,"TSGTCMNERPLAUNCH_SERVICE_OB
01.00.0000",TSGTCMNERPLAUNCH_SERVICE_OB,TSGTCmnErpLauncherObFwk_Service,01.00.0000,GetInstanceDtls(i21),Adapter_Invoke,,,,/Instances,TSGTRESTVBCSBO_CONN,TSGTRestVBCSBO_Conn,GetInstanceDtls,
TSGTCMNERPLAUNCH_SERVICE_OB_01.00.0000.iar.yaml,"TSGTCMNERPLAUNCH_SERVICE_OB
01.00.0000",TSGTCMNERPLAUNCH_SERVICE_OB,TSGTCmnErpLauncherObFwk_Service,01.00.0000,GetMetaDatafromBOReq(i7),Adapter_Invoke,,,,/FWKOUTBOUNDINTGMETADATA,TSGTRESTVBCSBO_CONN,TSGTRestVBCSBO_Conn,GetMetaDatafromBOReq,
TSGTCMNERPLAUNCH_SERVICE_OB_01.00.0000.iar.yaml,"TSGTCMNERPLAUNCH_SERVICE_OB
01.00.0000",TSGTCMNERPLAUNCH_SERVICE_OB,TSGTCmnErpLauncherObFwk_Service,01.00.0000,GetMetadataFromBO(i17),Adapter_Invoke,,,,/FWKOUTBOUNDINTGMETADATA,TSGTRESTVBCSBO_CONN,TSGTRestVBCSBO_Conn,GetMetadataFromBO,
TSGTCMNERPLAUNCH_SERVICE_OB_01.00.0000.iar.yaml,"TSGTCMNERPLAUNCH_SERVICE_OB
01.00.0000",TSGTCMNERPLAUNCH_SERVICE_OB,TSGTCmnErpLauncherObFwk_Service,01.00.0000,InvokeBulkExport(i14),Adapter_Invoke,,,,,TSGTERPCLOUD_CONN,TSGTErpCloud_Conn,InvokeBulkExport,
TSGTCMNERPLAUNCH_SERVICE_OB_01.00.0000.iar.yaml,"TSGTCMNERPLAUNCH_SERVICE_OB
01.00.0000",TSGTCMNERPLAUNCH_SERVICE_OB,TSGTCmnErpLauncherObFwk_Service,01.00.0000,UpdateTransactionBO(i6),Adapter_Invoke,,,,/Logger/{Logger_Id}/action/updateTransaction,TSGTRESTVBCSBO_CONN,TSGTRestVBCSBO_Conn,UpdateTransactionBO,
TSGTCMNERPMEDIATDATAINSER_SERVIC_01.00.0000.iar.yaml,"TSGTCMNERPMEDIATDATAINSER_SERVIC
01.00.0000",TSGTCMNERPMEDIATDATAINSER_SERVIC,TSGTCmnErpMediatorDataInsertIbFwk_Service,01.00.0000,UpdateDataInsertStatusToInstance(i3),IntegrationAction,TSGTCMNUPSERTINS_SERVICE,01.00.0000,TSGTCmnUpsertInstanceTransaction_Service,/UpsertInstanceTransaction,PRESEEDED_COLLOCATED_CONN_1741,OIC Integration,UpdateDataInsertStatusToInstance,
TSGTCMNERPMEDIATDATAINSER_SERVIC_01.00.0000.iar.yaml,"TSGTCMNERPMEDIATDATAINSER_SERVIC
01.00.0000",TSGTCMNERPMEDIATDATAINSER_SERVIC,TSGTCmnErpMediatorDataInsertIbFwk_Service,01.00.0000,DownloadFileFromBucket(i0),Adapter_Invoke,,,,/n/{nameSpaceName}/b/{bucketName}/o/{objectName},TSGTOBJECTSTORAG_CONN,TSGTObjectStorage_Conn,DownloadFileFromBucket,
TSGTCMNERPMEDIATDATAINSER_SERVIC_01.00.0000.iar.yaml,"TSGTCMNERPMEDIATDATAINSER_SERVIC
01.00.0000",TSGTCMNERPMEDIATDATAINSER_SERVIC,TSGTCmnErpMediatorDataInsertIbFwk_Service,01.00.0000,InsertDataToStagging(i1),Adapter_Invoke,,,,,TSGTATPCLOUDDB_CONN,TSGTAtpCloudDB_Conn,InsertDataToStagging,
TSGTCMNERPMEDIATDATAINSER_SERVIC_01.00.0000.iar.yaml,"TSGTCMNERPMEDIATDATAINSER_SERVIC
01.00.0000",TSGTCMNERPMEDIATDATAINSER_SERVIC,TSGTCmnErpMediatorDataInsertIbFwk_Service,01.00.0000,InsertDataToStaging(i2),Adapter_Invoke,,,,,TSGTATPCLOUDDB_CONN,TSGTAtpCloudDB_Conn,InsertDataToStaging,
TSGTCMNERPMEDIATORIBFWK_SERVICE_01.00.0000.iar.yaml,"TSGTCMNERPMEDIATORIBFWK_SERVICE
01.00.0000",TSGTCMNERPMEDIATORIBFWK_SERVICE,TSGTCmnErpMediatorIbFwk_Service,01.00.0000,InvokeInsertStaggingService(i8),IntegrationAction,TSGTCMNERPMEDIATDATAINSER_SERVIC,01.00.0000,TSGTCmnErpMediatorDataInsertIbFwk_Service,/insertStage,PRESEEDED_COLLOCATED_CONN_1741,OIC Integration,InvokeInsertStaggingService,
TSGTCMNERPMEDIATORIBFWK_SERVICE_01.00.0000.iar.yaml,"TSGTCMNERPMEDIATORIBFWK_SERVICE
01.00.0000",TSGTCMNERPMEDIATORIBFWK_SERVICE,TSGTCmnErpMediatorIbFwk_Service,01.00.0000,InvokeUploadErrorFileToObjectStorage(i16),IntegrationAction,TSGTCMNFILEREFER_SERVICE,01.00.0000,TSGTCmnFileReferencetoObjectStorage_Service,/getFileFromObjectStorage,PRESEEDED_COLLOCATED_CONN_1741,OIC Integration,InvokeUploadErrorFileToObjectStorage,
TSGTCMNERPMEDIATORIBFWK_SERVICE_01.00.0000.iar.yaml,"TSGTCMNERPMEDIATORIBFWK_SERVICE
01.00.0000",TSGTCMNERPMEDIATORIBFWK_SERVICE,TSGTCmnErpMediatorIbFwk_Service,01.00.0000,InvokeOrchestratorService(i4),IntegrationAction,TSGTCMNGLERPORCHIBFWK_SERVICE,01.00.0000,,/InputRestOrchCall/,PRESEEDED_COLLOCATED_CONN_1741,OIC Integration,InvokeOrchestratorService,
TSGTCMNERPMEDIATORIBFWK_SERVICE_01.00.0000.iar.yaml,"TSGTCMNERPMEDIATORIBFWK_SERVICE
01.00.0000",TSGTCMNERPMEDIATORIBFWK_SERVICE,TSGTCmnErpMediatorIbFwk_Service,01.00.0000,InvokeSyncXref(i13),IntegrationAction,TSGTCMNLAUNCHERF_SERVICE,01.00.0000,TSGTCmnLauncherFwk_Service,/invokeLauncher,PRESEEDED_COLLOCATED_CONN_1741,OIC Integration,InvokeSyncXref,
TSGTCMNERPMEDIATORIBFWK_SERVICE_01.00.0000.iar.yaml,"TSGTCMNERPMEDIATORIBFWK_SERVICE
01.00.0000",TSGTCMNERPMEDIATORIBFWK_SERVICE,TSGTCmnErpMediatorIbFwk_Service,01.00.0000,SendEmailNotification(i7),IntegrationAction,TSGTCMNNOTIFICAT_SERVICE,01.00.0000,TSGTCmnNotificationFwk_Service,/Notify,PRESEEDED_COLLOCATED_CONN_1741,OIC Integration,SendEmailNotification,
TSGTCMNERPMEDIATORIBFWK_SERVICE_01.00.0000.iar.yaml,"TSGTCMNERPMEDIATORIBFWK_SERVICE
01.00.0000",TSGTCMNERPMEDIATORIBFWK_SERVICE,TSGTCmnErpMediatorIbFwk_Service,01.00.0000,MoveToArchive(i17),IntegrationAction,TSGTCMNOBJECTSTOSFTPMOVE_SERVICE,01.00.0000,TSGTCmnObjectStorageToSFTPMove_Service,/getFileFromObjectStorage,PRESEEDED_COLLOCATED_CONN_1741,OIC Integration,MoveToArchive,
TSGTCMNERPMEDIATORIBFWK_SERVICE_01.00.0000.iar.yaml,"TSGTCMNERPMEDIATORIBFWK_SERVICE
01.00.0000",TSGTCMNERPMEDIATORIBFWK_SERVICE,TSGTCmnErpMediatorIbFwk_Service,01.00.0000,MoveFileToErrorBucket(i10),IntegrationAction,TSGTCMNSRCOBJSTOTGTOBJSMO_SERVIC,01.00.0000,TSGTCmnSrcObjStorageToTgtObjStorageMove_Service,/getFileFromObjectStorage,PRESEEDED_COLLOCATED_CONN_1741,OIC Integration,MoveFileToErrorBucket,
TSGTCMNERPMEDIATORIBFWK_SERVICE_01.00.0000.iar.yaml,"TSGTCMNERPMEDIATORIBFWK_SERVICE
01.00.0000",TSGTCMNERPMEDIATORIBFWK_SERVICE,TSGTCmnErpMediatorIbFwk_Service,01.00.0000,UpdateInitTransactionAndInstanceLog(i2),IntegrationAction,TSGTCMNUPSERTINS_SERVICE,01.00.0000,TSGTCmnUpsertInstanceTransaction_Service,/UpsertInstanceTransaction,PRESEEDED_COLLOCATED_CONN_1741,OIC Integration,UpdateInitTransactionAndInstanceLog,
TSGTCMNERPMEDIATORIBFWK_SERVICE_01.00.0000.iar.yaml,"TSGTCMNERPMEDIATORIBFWK_SERVICE
01.00.0000",TSGTCMNERPMEDIATORIBFWK_SERVICE,TSGTCmnErpMediatorIbFwk_Service,01.00.0000,UpdateTransactionAndInstanceLog(i1),IntegrationAction,TSGTCMNUPSERTINS_SERVICE,01.00.0000,TSGTCmnUpsertInstanceTransaction_Service,/UpsertInstanceTransaction,PRESEEDED_COLLOCATED_CONN_1741,OIC Integration,UpdateTransactionAndInstanceLog,
TSGTCMNERPMEDIATORIBFWK_SERVICE_01.00.0000.iar.yaml,"TSGTCMNERPMEDIATORIBFWK_SERVICE
01.00.0000",TSGTCMNERPMEDIATORIBFWK_SERVICE,TSGTCmnErpMediatorIbFwk_Service,01.00.0000,GetErrorRecords(i11),Adapter_Invoke,,,,,TSGTATPCLOUDDB_CONN,TSGTAtpCloudDB_Conn,GetErrorRecords,
TSGTCMNERPMEDIATORIBFWK_SERVICE_01.00.0000.iar.yaml,"TSGTCMNERPMEDIATORIBFWK_SERVICE
01.00.0000",TSGTCMNERPMEDIATORIBFWK_SERVICE,TSGTCmnErpMediatorIbFwk_Service,01.00.0000,GetErrorRecordsForAttachment(i15),Adapter_Invoke,,,,,TSGTATPCLOUDDB_CONN,TSGTAtpCloudDB_Conn,GetErrorRecordsForAttachment,
TSGTCMNERPMEDIATORIBFWK_SERVICE_01.00.0000.iar.yaml,"TSGTCMNERPMEDIATORIBFWK_SERVICE
01.00.0000",TSGTCMNERPMEDIATORIBFWK_SERVICE,TSGTCmnErpMediatorIbFwk_Service,01.00.0000,GetInboundMetadataFromBO(i6),Adapter_Invoke,,,,/FWKINBOUNDINTGMETADATA,TSGTRESTVBCSBO_CONN,TSGTRestVBCSBO_Conn,GetInboundMetadataFromBO,
TSGTCMNERPMEDIATORIBFWK_SERVICE_01.00.0000.iar.yaml,"TSGTCMNERPMEDIATORIBFWK_SERVICE
01.00.0000",TSGTCMNERPMEDIATORIBFWK_SERVICE,TSGTCmnErpMediatorIbFwk_Service,01.00.0000,GetInstanceDtls(i3),Adapter_Invoke,,,,/Instances,TSGTRESTVBCSBO_CONN,TSGTRestVBCSBO_Conn,GetInstanceDtls,
TSGTCMNERPMEDIATORIBFWK_SERVICE_01.00.0000.iar.yaml,"TSGTCMNERPMEDIATORIBFWK_SERVICE
01.00.0000",TSGTCMNERPMEDIATORIBFWK_SERVICE,TSGTCmnErpMediatorIbFwk_Service,01.00.0000,GetInstanceStatus(i9),Adapter_Invoke,,,,/Instances,TSGTRESTVBCSBO_CONN,TSGTRestVBCSBO_Conn,GetInstanceStatus,
TSGTCMNERPMEDIATORIBFWK_SERVICE_01.00.0000.iar.yaml,"TSGTCMNERPMEDIATORIBFWK_SERVICE
01.00.0000",TSGTCMNERPMEDIATORIBFWK_SERVICE,TSGTCmnErpMediatorIbFwk_Service,01.00.0000,GetTransactionDetails(i5),Adapter_Invoke,,,,/TransactionTypes,TSGTRESTVBCSBO_CONN,TSGTRestVBCSBO_Conn,GetTransactionDetails,
TSGTCMNERPMEDIATORIBFWK_SERVICE_01.00.0000.iar.yaml,"TSGTCMNERPMEDIATORIBFWK_SERVICE
01.00.0000",TSGTCMNERPMEDIATORIBFWK_SERVICE,TSGTCmnErpMediatorIbFwk_Service,01.00.0000,GetXrefData(i12),Adapter_Invoke,,,,/FWKINBOUNDINTGMETADATA,TSGTRESTVBCSBO_CONN,TSGTRestVBCSBO_Conn,GetXrefData,
TSGTCMNERPMEDIATORIBFWK_SERVICE_01.00.0000.iar.yaml,"TSGTCMNERPMEDIATORIBFWK_SERVICE
01.00.0000",TSGTCMNERPMEDIATORIBFWK_SERVICE,TSGTCmnErpMediatorIbFwk_Service,01.00.0000,GetXrefTransStatus(i18),Adapter_Invoke,,,,/Transactions,TSGTRESTVBCSBO_CONN,TSGTRestVBCSBO_Conn,GetXrefTransStatus,
TSGTCMNERPMEDIATORIBFWK_SERVICE_01.00.0000.iar.yaml,"TSGTCMNERPMEDIATORIBFWK_SERVICE
01.00.0000",TSGTCMNERPMEDIATORIBFWK_SERVICE,TSGTCmnErpMediatorIbFwk_Service,01.00.0000,TransformStageToFBDIPrc(i0),Adapter_Invoke,,,,,TSGTATPCLOUDDB_CONN,TSGTAtpCloudDB_Conn,TransformStageToFBDIPrc,
TSGTCMNERPSFTPDISPOBFWK_SERVICE_01.00.0000.iar.yaml,"TSGTCMNERPSFTPDISPOBFWK_SERVICE
01.00.0000",TSGTCMNERPSFTPDISPOBFWK_SERVICE,TSGTCmnErpSftpDispatcherObFwk_Service,01.00.0000,invokeErrNotification(i14),IntegrationAction,CIF_UTIL_CMN_NOTIFI_SERVIC,01.00.0001,,/notification,PRESEEDED_COLLOCATED_CONN_1741,OIC Integration,invokeErrNotification,
TSGTCMNERPSFTPDISPOBFWK_SERVICE_01.00.0000.iar.yaml,"TSGTCMNERPSFTPDISPOBFWK_SERVICE
01.00.0000",TSGTCMNERPSFTPDISPOBFWK_SERVICE,TSGTCmnErpSftpDispatcherObFwk_Service,01.00.0000,Notification(i4),IntegrationAction,TSGTCMNNOTIFICAT_SERVICE,01.00.0000,TSGTCmnNotificationFwk_Service,/Notify,PRESEEDED_COLLOCATED_CONN_1741,OIC Integration,Notification,
TSGTCMNERPSFTPDISPOBFWK_SERVICE_01.00.0000.iar.yaml,"TSGTCMNERPSFTPDISPOBFWK_SERVICE
01.00.0000",TSGTCMNERPSFTPDISPOBFWK_SERVICE,TSGTCmnErpSftpDispatcherObFwk_Service,01.00.0000,ExtractFileFromArchiveAndUploadToSftp(i28),IntegrationAction,TSGTCMNOBJECTSTOSFTPMOVE_SERVICE,01.00.0000,TSGTCmnObjectStorageToSFTPMove_Service,/getFileFromObjectStorage,PRESEEDED_COLLOCATED_CONN_1741,OIC Integration,ExtractFileFromArchiveAndUploadToSftp,
TSGTCMNERPSFTPDISPOBFWK_SERVICE_01.00.0000.iar.yaml,"TSGTCMNERPSFTPDISPOBFWK_SERVICE
01.00.0000",TSGTCMNERPSFTPDISPOBFWK_SERVICE,TSGTCmnErpSftpDispatcherObFwk_Service,01.00.0000,UploadBICCFilesToSftp(i2),IntegrationAction,TSGTCMNOBJECTSTOSFTPMOVE_SERVICE,01.00.0000,TSGTCmnObjectStorageToSFTPMove_Service,/getFileFromObjectStorage,PRESEEDED_COLLOCATED_CONN_1741,OIC Integration,UploadBICCFilesToSftp,
TSGTCMNERPSFTPDISPOBFWK_SERVICE_01.00.0000.iar.yaml,"TSGTCMNERPSFTPDISPOBFWK_SERVICE
01.00.0000",TSGTCMNERPSFTPDISPOBFWK_SERVICE,TSGTCmnErpSftpDispatcherObFwk_Service,01.00.0000,UpdInstanceBOStatus(i7),IntegrationAction,TSGTCMNUPSERTINS_SERVICE,01.00.0000,TSGTCmnUpsertInstanceTransaction_Service,/UpsertInstanceTransaction,PRESEEDED_COLLOCATED_CONN_1741,OIC Integration,UpdInstanceBOStatus,
TSGTCMNERPSFTPDISPOBFWK_SERVICE_01.00.0000.iar.yaml,"TSGTCMNERPSFTPDISPOBFWK_SERVICE
01.00.0000",TSGTCMNERPSFTPDISPOBFWK_SERVICE,TSGTCmnErpSftpDispatcherObFwk_Service,01.00.0000,UpdateInitLog(i24),IntegrationAction,TSGTCMNUPSERTINS_SERVICE,01.00.0000,TSGTCmnUpsertInstanceTransaction_Service,/UpsertInstanceTransaction,PRESEEDED_COLLOCATED_CONN_1741,OIC Integration,UpdateInitLog,
TSGTCMNERPSFTPDISPOBFWK_SERVICE_01.00.0000.iar.yaml,"TSGTCMNERPSFTPDISPOBFWK_SERVICE
01.00.0000",TSGTCMNERPSFTPDISPOBFWK_SERVICE,TSGTCmnErpSftpDispatcherObFwk_Service,01.00.0000,UpdateInstanceBOStatus(i22),IntegrationAction,TSGTCMNUPSERTINS_SERVICE,01.00.0000,TSGTCmnUpsertInstanceTransaction_Service,/UpsertInstanceTransaction,PRESEEDED_COLLOCATED_CONN_1741,OIC Integration,UpdateInstanceBOStatus,
TSGTCMNERPSFTPDISPOBFWK_SERVICE_01.00.0000.iar.yaml,"TSGTCMNERPSFTPDISPOBFWK_SERVICE
01.00.0000",TSGTCMNERPSFTPDISPOBFWK_SERVICE,TSGTCmnErpSftpDispatcherObFwk_Service,01.00.0000,UpdateTransAndInstanceForCallback(i29),IntegrationAction,TSGTCMNUPSERTINS_SERVICE,01.00.0000,TSGTCmnUpsertInstanceTransaction_Service,/UpsertInstanceTransaction,PRESEEDED_COLLOCATED_CONN_1741,OIC Integration,UpdateTransAndInstanceForCallback,
TSGTCMNERPSFTPDISPOBFWK_SERVICE_01.00.0000.iar.yaml,"TSGTCMNERPSFTPDISPOBFWK_SERVICE
01.00.0000",TSGTCMNERPSFTPDISPOBFWK_SERVICE,TSGTCmnErpSftpDispatcherObFwk_Service,01.00.0000,GetAllFiles(i18),Adapter_Invoke,,,,/n/{namespaceName}/b/{bucketName}/o,TSGTRESTVBCSBO_CONN,TSGTRestVBCSBO_Conn,GetAllFiles,
TSGTCMNERPSFTPDISPOBFWK_SERVICE_01.00.0000.iar.yaml,"TSGTCMNERPSFTPDISPOBFWK_SERVICE
01.00.0000",TSGTCMNERPSFTPDISPOBFWK_SERVICE,TSGTCmnErpSftpDispatcherObFwk_Service,01.00.0000,GetInstanceCount(i3),Adapter_Invoke,,,,/Logger/{Logger_Id}/action/getInstanceCount,TSGTRESTVBCSBO_CONN,TSGTRestVBCSBO_Conn,GetInstanceCount,
TSGTCMNERPSFTPDISPOBFWK_SERVICE_01.00.0000.iar.yaml,"TSGTCMNERPSFTPDISPOBFWK_SERVICE
01.00.0000",TSGTCMNERPSFTPDISPOBFWK_SERVICE,TSGTCmnErpSftpDispatcherObFwk_Service,01.00.0000,GetInstanceCountBICC(i23),Adapter_Invoke,,,,/Logger/{Logger_Id}/action/getInstanceCount,TSGTRESTVBCSBO_CONN,TSGTRestVBCSBO_Conn,GetInstanceCountBICC,
TSGTCMNERPSFTPDISPOBFWK_SERVICE_01.00.0000.iar.yaml,"TSGTCMNERPSFTPDISPOBFWK_SERVICE
01.00.0000",TSGTCMNERPSFTPDISPOBFWK_SERVICE,TSGTCmnErpSftpDispatcherObFwk_Service,01.00.0000,GetInstanceDetails(i6),Adapter_Invoke,,,,/Instances,TSGTRESTVBCSBO_CONN,TSGTRestVBCSBO_Conn,GetInstanceDetails,
TSGTCMNERPSFTPDISPOBFWK_SERVICE_01.00.0000.iar.yaml,"TSGTCMNERPSFTPDISPOBFWK_SERVICE
01.00.0000",TSGTCMNERPSFTPDISPOBFWK_SERVICE,TSGTCmnErpSftpDispatcherObFwk_Service,01.00.0000,GetInstanceDetailsForReprocess(i8),Adapter_Invoke,,,,/Instances,TSGTRESTVBCSBO_CONN,TSGTRestVBCSBO_Conn,GetInstanceDetailsForReprocess,
TSGTCMNERPSFTPDISPOBFWK_SERVICE_01.00.0000.iar.yaml,"TSGTCMNERPSFTPDISPOBFWK_SERVICE
01.00.0000",TSGTCMNERPSFTPDISPOBFWK_SERVICE,TSGTCmnErpSftpDispatcherObFwk_Service,01.00.0000,GetInstanceDtls(i15),Adapter_Invoke,,,,/Instances,TSGTRESTVBCSBO_CONN,TSGTRestVBCSBO_Conn,GetInstanceDtls,
TSGTCMNERPSFTPDISPOBFWK_SERVICE_01.00.0000.iar.yaml,"TSGTCMNERPSFTPDISPOBFWK_SERVICE
01.00.0000",TSGTCMNERPSFTPDISPOBFWK_SERVICE,TSGTCmnErpSftpDispatcherObFwk_Service,01.00.0000,GetLastRundatetime(i5),Adapter_Invoke,,,,,TSGTSOAPERPBIP_CONN,TSGTSoapErpBip_Conn,GetLastRundatetime,
TSGTCMNERPSFTPDISPOBFWK_SERVICE_01.00.0000.iar.yaml,"TSGTCMNERPSFTPDISPOBFWK_SERVICE
01.00.0000",TSGTCMNERPSFTPDISPOBFWK_SERVICE,TSGTCmnErpSftpDispatcherObFwk_Service,01.00.0000,GetLatestInstance(i27),Adapter_Invoke,,,,/Instances,TSGTRESTVBCSBO_CONN,TSGTRestVBCSBO_Conn,GetLatestInstance,
TSGTCMNERPSFTPDISPOBFWK_SERVICE_01.00.0000.iar.yaml,"TSGTCMNERPSFTPDISPOBFWK_SERVICE
01.00.0000",TSGTCMNERPSFTPDISPOBFWK_SERVICE,TSGTCmnErpSftpDispatcherObFwk_Service,01.00.0000,GetMetadataFromBO(i1),Adapter_Invoke,,,,/FWKOUTBOUNDINTGMETADATA,TSGTRESTVBCSBO_CONN,TSGTRestVBCSBO_Conn,GetMetadataFromBO,
TSGTCMNERPSFTPDISPOBFWK_SERVICE_01.00.0000.iar.yaml,"TSGTCMNERPSFTPDISPOBFWK_SERVICE
01.00.0000",TSGTCMNERPSFTPDISPOBFWK_SERVICE,TSGTCmnErpSftpDispatcherObFwk_Service,01.00.0000,GetTransactionDetails(i0),Adapter_Invoke,,,,/Transactions,TSGTRESTVBCSBO_CONN,TSGTRestVBCSBO_Conn,GetTransactionDetails,
TSGTCMNERPSFTPDISPOBFWK_SERVICE_01.00.0000.iar.yaml,"TSGTCMNERPSFTPDISPOBFWK_SERVICE
01.00.0000",TSGTCMNERPSFTPDISPOBFWK_SERVICE,TSGTCmnErpSftpDispatcherObFwk_Service,01.00.0000,GetTransactionId(i9),Adapter_Invoke,,,,/Instances,TSGTRESTVBCSBO_CONN,TSGTRestVBCSBO_Conn,GetTransactionId,
TSGTCMNERPSFTPDISPOBFWK_SERVICE_01.00.0000.iar.yaml,"TSGTCMNERPSFTPDISPOBFWK_SERVICE
01.00.0000",TSGTCMNERPSFTPDISPOBFWK_SERVICE,TSGTCmnErpSftpDispatcherObFwk_Service,01.00.0000,UpdateLastRunDate(i26),Adapter_Invoke,,,,/FWKOUTBOUNDINTGMETADATA/{Id},TSGTRESTVBCSBO_CONN,TSGTRestVBCSBO_Conn,UpdateLastRunDate,
TSGTCMNERPSFTPDISPOBFWK_SERVICE_01.00.0000.iar.yaml,"TSGTCMNERPSFTPDISPOBFWK_SERVICE
01.00.0000",TSGTCMNERPSFTPDISPOBFWK_SERVICE,TSGTCmnErpSftpDispatcherObFwk_Service,01.00.0000,UpdateLog_BO(i12),Adapter_Invoke,,,,/Logger/{Logger_Id}/action/updateLog,TSGTRESTVBCSBO_CONN,TSGTRestVBCSBO_Conn,UpdateLog_BO,
TSGTCMNERPSFTPDISPOBFWK_SERVICE_01.00.0000.iar.yaml,"TSGTCMNERPSFTPDISPOBFWK_SERVICE
01.00.0000",TSGTCMNERPSFTPDISPOBFWK_SERVICE,TSGTCmnErpSftpDispatcherObFwk_Service,01.00.0000,UpdateObjectStorageExtractDetails(i25),Adapter_Invoke,,,,/FWKBICCEXTRACTS,TSGTRESTVBCSBO_CONN,TSGTRestVBCSBO_Conn,UpdateObjectStorageExtractDetails,
TSGTCMNERPSFTPDISPOBFWK_SERVICE_01.00.0000.iar.yaml,"TSGTCMNERPSFTPDISPOBFWK_SERVICE
01.00.0000",TSGTCMNERPSFTPDISPOBFWK_SERVICE,TSGTCmnErpSftpDispatcherObFwk_Service,01.00.0000,UpdateTransactionBO(i11),Adapter_Invoke,,,,/Logger/{Logger_Id}/action/updateTransaction,TSGTRESTVBCSBO_CONN,TSGTRestVBCSBO_Conn,UpdateTransactionBO,
TSGTCMNERPSFTPDISPOBFWK_SERVICE_01.00.0000.iar.yaml,"TSGTCMNERPSFTPDISPOBFWK_SERVICE
01.00.0000",TSGTCMNERPSFTPDISPOBFWK_SERVICE,TSGTCmnErpSftpDispatcherObFwk_Service,01.00.0000,getInstanceCountBO(i10),Adapter_Invoke,,,,/Logger/{Logger_Id}/action/getInstanceCount,TSGTRESTVBCSBO_CONN,TSGTRestVBCSBO_Conn,getInstanceCountBO,
TSGTCMNERPSFTPDISPOBFWK_SERVICE_01.00.0000.iar.yaml,"TSGTCMNERPSFTPDISPOBFWK_SERVICE
01.00.0000",TSGTCMNERPSFTPDISPOBFWK_SERVICE,TSGTCmnErpSftpDispatcherObFwk_Service,01.00.0000,getTransaction_ID(i13),Adapter_Invoke,,,,/Transactions,TSGTRESTVBCSBO_CONN,TSGTRestVBCSBO_Conn,getTransaction_ID,
TSGTCMNFILEREFER_SERVICE_01.00.0000.iar.yaml,"TSGTCMNFILEREFER_SERVICE
01.00.0000",TSGTCMNFILEREFER_SERVICE,TSGTCmnFileReferencetoObjectStorage_Service,01.00.0000,MoveFileToBucket(i0),Adapter_Invoke,,,,/n/{namespaceName}/b/{bucketName}/o/{objectName},TSGTOBJECTSTORAG_CONN,TSGTObjectStorage_Conn,MoveFileToBucket,
TSGTCMNGETESSLOGINTG_SERVICE_01.00.0000.iar.yaml,"TSGTCMNGETESSLOGINTG_SERVICE
01.00.0000",TSGTCMNGETESSLOGINTG_SERVICE,TSGTCmnGetEssLogIntg_Service,01.00.0000,InvokeESSLogOutputService(i0),IntegrationAction,TSGTCMNGETESSLOGOUT_SERVICE,01.00.0000,TSGTCmnGetEssLogOutput_Service,/getDocumentforESSJobId,PRESEEDED_COLLOCATED_CONN_1741,OIC Integration,InvokeESSLogOutputService,
TSGTCMNGETESSLOGINTG_SERVICE_01.00.0000.iar.yaml,"TSGTCMNGETESSLOGINTG_SERVICE
01.00.0000",TSGTCMNGETESSLOGINTG_SERVICE,TSGTCmnGetEssLogIntg_Service,01.00.0000,SendNotification(i1),IntegrationAction,TSGTCMNNOTIFICAT_SERVICE,01.00.0000,TSGTCmnNotificationFwk_Service,/Notify,PRESEEDED_COLLOCATED_CONN_1741,OIC Integration,SendNotification,
TSGTCMNGETESSLOGINTG_SERVICE_01.00.0000.iar.yaml,"TSGTCMNGETESSLOGINTG_SERVICE
01.00.0000",TSGTCMNGETESSLOGINTG_SERVICE,TSGTCmnGetEssLogIntg_Service,01.00.0000,GetMetadataFromBO(i3),Adapter_Invoke,,,,/FWKOUTBOUNDINTGMETADATA,TSGTRESTVBCSBO_CONN,TSGTRestVBCSBO_Conn,GetMetadataFromBO,
TSGTCMNGETESSLOGOUT_SERVICE_01.00.0000.iar.yaml,"TSGTCMNGETESSLOGOUT_SERVICE
01.00.0000",TSGTCMNGETESSLOGOUT_SERVICE,TSGTCmnGetEssLogOutput_Service,01.00.0000,SendNotification(i6),IntegrationAction,TSGTCMNNOTIFICAT_SERVICE,01.00.0000,TSGTCmnNotificationFwk_Service,/Notify,PRESEEDED_COLLOCATED_CONN_1741,OIC Integration,SendNotification,
TSGTCMNGETESSLOGOUT_SERVICE_01.00.0000.iar.yaml,"TSGTCMNGETESSLOGOUT_SERVICE
01.00.0000",TSGTCMNGETESSLOGOUT_SERVICE,TSGTCmnGetEssLogOutput_Service,01.00.0000,DownloadESSJobDetails(i1),Adapter_Invoke,,,,,TSGTERPCLOUD_CONN,TSGTErpCloud_Conn,DownloadESSJobDetails,
TSGTCMNGETESSLOGOUT_SERVICE_01.00.0000.iar.yaml,"TSGTCMNGETESSLOGOUT_SERVICE
01.00.0000",TSGTCMNGETESSLOGOUT_SERVICE,TSGTCmnGetEssLogOutput_Service,01.00.0000,GetDocumentData(i4),Adapter_Invoke,,,,,TSGTSOAPSCHEDSER_CONN,TSGTSoapSchedServc_Conn,GetDocumentData,
TSGTCMNGETESSLOGOUT_SERVICE_01.00.0000.iar.yaml,"TSGTCMNGETESSLOGOUT_SERVICE
01.00.0000",TSGTCMNGETESSLOGOUT_SERVICE,TSGTCmnGetEssLogOutput_Service,01.00.0000,GetESSJobName(i0),Adapter_Invoke,,,,,TSGTERPCLOUD_CONN,TSGTErpCloud_Conn,GetESSJobName,
TSGTCMNGETESSLOGOUT_SERVICE_01.00.0000.iar.yaml,"TSGTCMNGETESSLOGOUT_SERVICE
01.00.0000",TSGTCMNGETESSLOGOUT_SERVICE,TSGTCmnGetEssLogOutput_Service,01.00.0000,GetEssJobInstanceId(i2),Adapter_Invoke,,,,,TSGTSOAPERPBIP_CONN,TSGTSoapErpBip_Conn,GetEssJobInstanceId,
TSGTCMNGETESSLOGOUT_SERVICE_01.00.0000.iar.yaml,"TSGTCMNGETESSLOGOUT_SERVICE
01.00.0000",TSGTCMNGETESSLOGOUT_SERVICE,TSGTCmnGetEssLogOutput_Service,01.00.0000,GetJobOutputId(i3),Adapter_Invoke,,,,,TSGTSOAPSCHEDSER_CONN,TSGTSoapSchedServc_Conn,GetJobOutputId,
TSGTCMNHCMDISPAT_SERVICE_02.01.0001.iar.yaml,"TSGTCMNHCMDISPAT_SERVICE
02.01.0001",TSGTCMNHCMDISPAT_SERVICE,TSGTCmnHcmDispatcher_Service,02.01.0001,EmailNotification(i25),IntegrationAction,TSGTCMNHCMNOTIFI_SERVICE,01.01.0000,TSGTCmnHcmNotification_Service,/notification,PRESEEDED_COLLOCATED_CONN_1741,OIC Integration,EmailNotification,
TSGTCMNHCMDISPAT_SERVICE_02.01.0001.iar.yaml,"TSGTCMNHCMDISPAT_SERVICE
02.01.0001",TSGTCMNHCMDISPAT_SERVICE,TSGTCmnHcmDispatcher_Service,02.01.0001,SuccessNotification(i4),IntegrationAction,TSGTCMNHCMNOTIFI_SERVICE,01.00.0000,TSGTCmnHcmNotification_Service,/notification,PRESEEDED_COLLOCATED_CONN_1741,OIC Integration,SuccessNotification,
TSGTCMNHCMDISPAT_SERVICE_02.01.0001.iar.yaml,"TSGTCMNHCMDISPAT_SERVICE
02.01.0001",TSGTCMNHCMDISPAT_SERVICE,TSGTCmnHcmDispatcher_Service,02.01.0001,invokeSnapService(i16),IntegrationAction,TSGTHCMOTLSNAP_SERVICE,01.00.0000,TSGTHcmOTLSnap_Service,/CallSnapService,PRESEEDED_COLLOCATED_CONN_1741,OIC Integration,invokeSnapService,
TSGTCMNHCMDISPAT_SERVICE_02.01.0001.iar.yaml,"TSGTCMNHCMDISPAT_SERVICE
02.01.0001",TSGTCMNHCMDISPAT_SERVICE,TSGTCmnHcmDispatcher_Service,02.01.0001,DeleteFileAtTarget(i17),IntegrationAction,TSGT_DELET_FILE_FROM_OIC_SFTP,01.00.0000,TSGT Delete File from OIC SFTP,/sailpoint,PRESEEDED_COLLOCATED_CONN_1741,OIC Integration,DeleteFileAtTarget,
TSGTCMNHCMDISPAT_SERVICE_02.01.0001.iar.yaml,"TSGTCMNHCMDISPAT_SERVICE
02.01.0001",TSGTCMNHCMDISPAT_SERVICE,TSGTCmnHcmDispatcher_Service,02.01.0001,DeleteFileFromArchive(i21),IntegrationAction,TSGT_DELET_FILE_FROM_OIC_SFTP,01.00.0000,TSGT Delete File from OIC SFTP,/sailpoint,PRESEEDED_COLLOCATED_CONN_1741,OIC Integration,DeleteFileFromArchive,
TSGTCMNHCMDISPAT_SERVICE_02.01.0001.iar.yaml,"TSGTCMNHCMDISPAT_SERVICE
02.01.0001",TSGTCMNHCMDISPAT_SERVICE,TSGTCmnHcmDispatcher_Service,02.01.0001,DeleteFileFromSource(i6),Adapter_Invoke,,,,,TSGTFTP_CONN,TSGTFtp_Conn,DeleteFileFromSource,
TSGTCMNHCMDISPAT_SERVICE_02.01.0001.iar.yaml,"TSGTCMNHCMDISPAT_SERVICE
02.01.0001",TSGTCMNHCMDISPAT_SERVICE,TSGTCmnHcmDispatcher_Service,02.01.0001,DownloadFile(i3),Adapter_Invoke,,,,,TSGTFTP_CONN,TSGTFtp_Conn,DownloadFile,
TSGTCMNHCMDISPAT_SERVICE_02.01.0001.iar.yaml,"TSGTCMNHCMDISPAT_SERVICE
02.01.0001",TSGTCMNHCMDISPAT_SERVICE,TSGTCmnHcmDispatcher_Service,02.01.0001,GetAllinstances(i14),Adapter_Invoke,,,,/instances,TSGTRESTVBCSBO_CONN,TSGTRestVBCSBO_Conn,GetAllinstances,
TSGTCMNHCMDISPAT_SERVICE_02.01.0001.iar.yaml,"TSGTCMNHCMDISPAT_SERVICE
02.01.0001",TSGTCMNHCMDISPAT_SERVICE,TSGTCmnHcmDispatcher_Service,02.01.0001,MovetoTargetFolder(i23),Adapter_Invoke,,,,,TSGTFTP_CONN,TSGTFtp_Conn,MovetoTargetFolder,
TSGTCMNHCMDISPAT_SERVICE_02.01.0001.iar.yaml,"TSGTCMNHCMDISPAT_SERVICE
02.01.0001",TSGTCMNHCMDISPAT_SERVICE,TSGTCmnHcmDispatcher_Service,02.01.0001,UpdateInstanceLog(i15),Adapter_Invoke,,,,/instances/{instances_id},TSGTRESTVBCSBO_CONN,TSGTRestVBCSBO_Conn,UpdateInstanceLog,
TSGTCMNHCMDISPAT_SERVICE_02.01.0001.iar.yaml,"TSGTCMNHCMDISPAT_SERVICE
02.01.0001",TSGTCMNHCMDISPAT_SERVICE,TSGTCmnHcmDispatcher_Service,02.01.0001,UpdateTransaction_ERROR(i12),Adapter_Invoke,,,,/Logger/{Logger_Id}/action/updateTransaction,TSGTRESTVBCSBO_CONN,TSGTRestVBCSBO_Conn,UpdateTransaction_ERROR,
TSGTCMNHCMDISPAT_SERVICE_02.01.0001.iar.yaml,"TSGTCMNHCMDISPAT_SERVICE
02.01.0001",TSGTCMNHCMDISPAT_SERVICE,TSGTCmnHcmDispatcher_Service,02.01.0001,WriteFileTOHSA(i18),Adapter_Invoke,,,,,TSGTHSAFTP_CONN,TSGTHsaFtp_Conn,WriteFileTOHSA,
TSGTCMNHCMDISPAT_SERVICE_02.01.0001.iar.yaml,"TSGTCMNHCMDISPAT_SERVICE
02.01.0001",TSGTCMNHCMDISPAT_SERVICE,TSGTCmnHcmDispatcher_Service,02.01.0001,WriteFileToArchive_4Extract(i22),Adapter_Invoke,,,,,TSGTFTP_CONN,TSGTFtp_Conn,WriteFileToArchive_4Extract,
TSGTCMNHCMDISPAT_SERVICE_02.01.0001.iar.yaml,"TSGTCMNHCMDISPAT_SERVICE
02.01.0001",TSGTCMNHCMDISPAT_SERVICE,TSGTCmnHcmDispatcher_Service,02.01.0001,WriteFileToDeltaDentalFTp(i20),Adapter_Invoke,,,,,TSGTDELTADENTALF_CONN,TSGTDeltaDentalFtp_Conn,WriteFileToDeltaDentalFTp,
TSGTCMNHCMDISPAT_SERVICE_02.01.0001.iar.yaml,"TSGTCMNHCMDISPAT_SERVICE
02.01.0001",TSGTCMNHCMDISPAT_SERVICE,TSGTCmnHcmDispatcher_Service,02.01.0001,WriteFileToEpmFTP(i11),Adapter_Invoke,,,,,TSGTFTP_CONN,TSGTFtp_Conn,WriteFileToEpmFTP,
TSGTCMNHCMDISPAT_SERVICE_02.01.0001.iar.yaml,"TSGTCMNHCMDISPAT_SERVICE
02.01.0001",TSGTCMNHCMDISPAT_SERVICE,TSGTCmnHcmDispatcher_Service,02.01.0001,WriteFileToKaiseFTP(i19),Adapter_Invoke,,,,,TSGTKAISERFTP_CONN,TSGTKaiserFtp_Conn,WriteFileToKaiseFTP,
TSGTCMNHCMDISPAT_SERVICE_02.01.0001.iar.yaml,"TSGTCMNHCMDISPAT_SERVICE
02.01.0001",TSGTCMNHCMDISPAT_SERVICE,TSGTCmnHcmDispatcher_Service,02.01.0001,WriteFileToVspSFTP(i10),Adapter_Invoke,,,,,TSGTVSPFTP_CONN,TSGTVspFtp_Conn,WriteFileToVspSFTP,
TSGTCMNHCMDISPAT_SERVICE_02.01.0001.iar.yaml,"TSGTCMNHCMDISPAT_SERVICE
02.01.0001",TSGTCMNHCMDISPAT_SERVICE,TSGTCmnHcmDispatcher_Service,02.01.0001,downloadExtractFile(i9),Adapter_Invoke,,,,,TSGTFTP_CONN,TSGTFtp_Conn,downloadExtractFile,
TSGTCMNHCMDISPAT_SERVICE_02.01.0001.iar.yaml,"TSGTCMNHCMDISPAT_SERVICE
02.01.0001",TSGTCMNHCMDISPAT_SERVICE,TSGTCmnHcmDispatcher_Service,02.01.0001,getInstanceDetails(i1),Adapter_Invoke,,,,/Instances,TSGTRESTVBCSBO_CONN,TSGTRestVBCSBO_Conn,getInstanceDetails,
TSGTCMNHCMDISPAT_SERVICE_02.01.0001.iar.yaml,"TSGTCMNHCMDISPAT_SERVICE
02.01.0001",TSGTCMNHCMDISPAT_SERVICE,TSGTCmnHcmDispatcher_Service,02.01.0001,getOutboundMetadata(i0),Adapter_Invoke,,,,/FWKOUTBOUNDINTGMETADATA,TSGTRESTVBCSBO_CONN,TSGTRestVBCSBO_Conn,getOutboundMetadata,
TSGTCMNHCMDISPAT_SERVICE_02.01.0001.iar.yaml,"TSGTCMNHCMDISPAT_SERVICE
02.01.0001",TSGTCMNHCMDISPAT_SERVICE,TSGTCmnHcmDispatcher_Service,02.01.0001,updateInstanceStatus(i2),Adapter_Invoke,,,,/Instances/{Instance_Id},TSGTRESTVBCSBO_CONN,TSGTRestVBCSBO_Conn,updateInstanceStatus,
TSGTCMNHCMDISPAT_SERVICE_02.01.0001.iar.yaml,"TSGTCMNHCMDISPAT_SERVICE
02.01.0001",TSGTCMNHCMDISPAT_SERVICE,TSGTCmnHcmDispatcher_Service,02.01.0001,updateLastRunDate(i7),Adapter_Invoke,,,,/FWKOUTBOUNDINTGMETADATA/{Id},TSGTRESTVBCSBO_CONN,TSGTRestVBCSBO_Conn,updateLastRunDate,
TSGTCMNHCMDISPAT_SERVICE_02.01.0001.iar.yaml,"TSGTCMNHCMDISPAT_SERVICE
02.01.0001",TSGTCMNHCMDISPAT_SERVICE,TSGTCmnHcmDispatcher_Service,02.01.0001,updateTransactionStatus(i5),Adapter_Invoke,,,,/Logger/{Logger_Id}/action/updateTransaction,TSGTRESTVBCSBO_CONN,TSGTRestVBCSBO_Conn,updateTransactionStatus,
TSGTCMNHCMDISPAT_SERVICE_02.01.0001.iar.yaml,"TSGTCMNHCMDISPAT_SERVICE
02.01.0001",TSGTCMNHCMDISPAT_SERVICE,TSGTCmnHcmDispatcher_Service,02.01.0001,uploadFileToObjectStr(i8),Adapter_Invoke,,,,/n/{nameSpaceName}/b/{bucketName}/o/{objectName},TSGTOBJECTSTORAG_CONN,TSGTObjectStorage_Conn,uploadFileToObjectStr,
TSGTCMNHCMDISPAT_SERVICE_02.01.0001.iar.yaml,"TSGTCMNHCMDISPAT_SERVICE
02.01.0001",TSGTCMNHCMDISPAT_SERVICE,TSGTCmnHcmDispatcher_Service,02.01.0001,writeFileToCobraTP(i24),Adapter_Invoke,,,,,TSGTCOBRAFTP_CONN,TSGTCobraFtp_Conn,writeFileToCobraTP,
TSGTCMNHCMEXTRAC_SERVICE_01.00.0000.iar.yaml,"TSGTCMNHCMEXTRAC_SERVICE
01.00.0000",TSGTCMNHCMEXTRAC_SERVICE,TSGTCmnHcmExtractProcess_Service,01.00.0000,invokeDispatcherService(i10),IntegrationAction,TSGTCMNHCMDISPAT_SERVICE,01.00.0000,TSGTCmnHcmDispatcher_Service,/hcmOutboundLauncher,PRESEEDED_COLLOCATED_CONN_1741,OIC Integration,invokeDispatcherService,
TSGTCMNHCMEXTRAC_SERVICE_01.00.0000.iar.yaml,"TSGTCMNHCMEXTRAC_SERVICE
01.00.0000",TSGTCMNHCMEXTRAC_SERVICE,TSGTCmnHcmExtractProcess_Service,01.00.0000,InvokeErrNtf(i13),RESTToOIC,TSGTCMNHCMNOTIFI_SERVICE,1.0,TSGTCmnHcmNotification_Service,/api/integration/v1/flows/rest/TSGTCMNHCMNOTIFI_SERVICE/1.0/notification,TSGTRESTOICINVOK_CONN,TSGTRestOICInvoke_Conn,InvokeErrNtf,
TSGTCMNHCMEXTRAC_SERVICE_01.00.0000.iar.yaml,"TSGTCMNHCMEXTRAC_SERVICE
01.00.0000",TSGTCMNHCMEXTRAC_SERVICE,TSGTCmnHcmExtractProcess_Service,01.00.0000,InvokeErrorNotifications(i18),RESTToOIC,TSGTCMNHCMNOTIFI_SERVICE,1.0,TSGTCmnHcmNotification_Service,/api/integration/v1/flows/rest/TSGTCMNHCMNOTIFI_SERVICE/1.0/notification,TSGTRESTOICINVOK_CONN,TSGTRestOICInvoke_Conn,InvokeErrorNotifications,
TSGTCMNHCMEXTRAC_SERVICE_01.00.0000.iar.yaml,"TSGTCMNHCMEXTRAC_SERVICE
01.00.0000",TSGTCMNHCMEXTRAC_SERVICE,TSGTCmnHcmExtractProcess_Service,01.00.0000,NotifyError(i21),RESTToOIC,TSGTCMNHCMNOTIFI_SERVICE,1.0,TSGTCmnHcmNotification_Service,/api/integration/v1/flows/rest/TSGTCMNHCMNOTIFI_SERVICE/1.0/notification,TSGTRESTOICINVOK_CONN,TSGTRestOICInvoke_Conn,NotifyError,
TSGTCMNHCMEXTRAC_SERVICE_01.00.0000.iar.yaml,"TSGTCMNHCMEXTRAC_SERVICE
01.00.0000",TSGTCMNHCMEXTRAC_SERVICE,TSGTCmnHcmExtractProcess_Service,01.00.0000,GetAllInstances(i24),Adapter_Invoke,,,,/Instances,TSGTRESTVBCSBO_CONN,TSGTRestVBCSBO_Conn,GetAllInstances,
TSGTCMNHCMEXTRAC_SERVICE_01.00.0000.iar.yaml,"TSGTCMNHCMEXTRAC_SERVICE
01.00.0000",TSGTCMNHCMEXTRAC_SERVICE,TSGTCmnHcmExtractProcess_Service,01.00.0000,GetExtractFileDetails(i2),Adapter_Invoke,,,,,TSGTSOAPHCMBIP_CONN,TSGTSoapHcmBip_Conn,GetExtractFileDetails,
TSGTCMNHCMEXTRAC_SERVICE_01.00.0000.iar.yaml,"TSGTCMNHCMEXTRAC_SERVICE
01.00.0000",TSGTCMNHCMEXTRAC_SERVICE,TSGTCmnHcmExtractProcess_Service,01.00.0000,GetHCMExtractStatus(i1),Adapter_Invoke,,,,,TSGTADAPTERHCM_CONN,TSGTAdapterHcm_Conn,GetHCMExtractStatus,
TSGTCMNHCMEXTRAC_SERVICE_01.00.0000.iar.yaml,"TSGTCMNHCMEXTRAC_SERVICE
01.00.0000",TSGTCMNHCMEXTRAC_SERVICE,TSGTCmnHcmExtractProcess_Service,01.00.0000,GetInstanceDetails(i15),Adapter_Invoke,,,,/Instances/{Instances_Id},TSGTRESTVBCSBO_CONN,TSGTRestVBCSBO_Conn,GetInstanceDetails,
TSGTCMNHCMEXTRAC_SERVICE_01.00.0000.iar.yaml,"TSGTCMNHCMEXTRAC_SERVICE
01.00.0000",TSGTCMNHCMEXTRAC_SERVICE,TSGTCmnHcmExtractProcess_Service,01.00.0000,GetInstanceId(i3),Adapter_Invoke,,,,/na,TSGTRESTVBCSBO_CONN,TSGTRestVBCSBO_Conn,GetInstanceId,
TSGTCMNHCMEXTRAC_SERVICE_01.00.0000.iar.yaml,"TSGTCMNHCMEXTRAC_SERVICE
01.00.0000",TSGTCMNHCMEXTRAC_SERVICE,TSGTCmnHcmExtractProcess_Service,01.00.0000,GetInstancesCount(i9),Adapter_Invoke,,,,/Logger/{Logger_Id}/action/getInstanceCount,TSGTRESTVBCSBO_CONN,TSGTRestVBCSBO_Conn,GetInstancesCount,
TSGTCMNHCMEXTRAC_SERVICE_01.00.0000.iar.yaml,"TSGTCMNHCMEXTRAC_SERVICE
01.00.0000",TSGTCMNHCMEXTRAC_SERVICE,TSGTCmnHcmExtractProcess_Service,01.00.0000,GetOutboundIntegrationMetadata(i8),Adapter_Invoke,,,,/FWKOUTBOUNDINTGMETADATA,TSGTRESTVBCSBO_CONN,TSGTRestVBCSBO_Conn,GetOutboundIntegrationMetadata,
TSGTCMNHCMEXTRAC_SERVICE_01.00.0000.iar.yaml,"TSGTCMNHCMEXTRAC_SERVICE
01.00.0000",TSGTCMNHCMEXTRAC_SERVICE,TSGTCmnHcmExtractProcess_Service,01.00.0000,GetTransactionInstances(i25),Adapter_Invoke,,,,/Instances,TSGTRESTVBCSBO_CONN,TSGTRestVBCSBO_Conn,GetTransactionInstances,
TSGTCMNHCMEXTRAC_SERVICE_01.00.0000.iar.yaml,"TSGTCMNHCMEXTRAC_SERVICE
01.00.0000",TSGTCMNHCMEXTRAC_SERVICE,TSGTCmnHcmExtractProcess_Service,01.00.0000,InsertNewInstance(i16),Adapter_Invoke,,,,/Logger/{Logger_Id}/action/insertInstanceLog,TSGTRESTVBCSBO_CONN,TSGTRestVBCSBO_Conn,InsertNewInstance,
TSGTCMNHCMEXTRAC_SERVICE_01.00.0000.iar.yaml,"TSGTCMNHCMEXTRAC_SERVICE
01.00.0000",TSGTCMNHCMEXTRAC_SERVICE,TSGTCmnHcmExtractProcess_Service,01.00.0000,InsertNewInstanceBO(i17),Adapter_Invoke,,,,/Logger/{Logger_Id}/action/insertInstanceLog,TSGTRESTVBCSBO_CONN,TSGTRestVBCSBO_Conn,InsertNewInstanceBO,
TSGTCMNHCMEXTRAC_SERVICE_01.00.0000.iar.yaml,"TSGTCMNHCMEXTRAC_SERVICE
01.00.0000",TSGTCMNHCMEXTRAC_SERVICE,TSGTCmnHcmExtractProcess_Service,01.00.0000,InvokeHCMExtract(i0),Adapter_Invoke,,,,,TSGTADAPTERHCM_CONN,TSGTAdapterHcm_Conn,InvokeHCMExtract,
TSGTCMNHCMEXTRAC_SERVICE_01.00.0000.iar.yaml,"TSGTCMNHCMEXTRAC_SERVICE
01.00.0000",TSGTCMNHCMEXTRAC_SERVICE,TSGTCmnHcmExtractProcess_Service,01.00.0000,UpdateInstanceFault(i20),Adapter_Invoke,,,,/Instances/{Instances_Id},TSGTRESTVBCSBO_CONN,TSGTRestVBCSBO_Conn,UpdateInstanceFault,
TSGTCMNHCMEXTRAC_SERVICE_01.00.0000.iar.yaml,"TSGTCMNHCMEXTRAC_SERVICE
01.00.0000",TSGTCMNHCMEXTRAC_SERVICE,TSGTCmnHcmExtractProcess_Service,01.00.0000,UpdateInstanceLog(i12),Adapter_Invoke,,,,/Instances/{Instances_Id},TSGTRESTVBCSBO_CONN,TSGTRestVBCSBO_Conn,UpdateInstanceLog,
TSGTCMNHCMEXTRAC_SERVICE_01.00.0000.iar.yaml,"TSGTCMNHCMEXTRAC_SERVICE
01.00.0000",TSGTCMNHCMEXTRAC_SERVICE,TSGTCmnHcmExtractProcess_Service,01.00.0000,UpdateLog(i4),Adapter_Invoke,,,,/Logger/{Logger_Id}/action/updateLog,TSGTRESTVBCSBO_CONN,TSGTRestVBCSBO_Conn,UpdateLog,
TSGTCMNHCMEXTRAC_SERVICE_01.00.0000.iar.yaml,"TSGTCMNHCMEXTRAC_SERVICE
01.00.0000",TSGTCMNHCMEXTRAC_SERVICE,TSGTCmnHcmExtractProcess_Service,01.00.0000,UpdateLogTable(i7),Adapter_Invoke,,,,/Logger/{Logger_Id}/action/updateLog,TSGTRESTVBCSBO_CONN,TSGTRestVBCSBO_Conn,UpdateLogTable,
TSGTCMNHCMEXTRAC_SERVICE_01.00.0000.iar.yaml,"TSGTCMNHCMEXTRAC_SERVICE
01.00.0000",TSGTCMNHCMEXTRAC_SERVICE,TSGTCmnHcmExtractProcess_Service,01.00.0000,UpdateTransactionError(i11),Adapter_Invoke,,,,/Logger/{Logger_Id}/action/updateTransaction,TSGTRESTVBCSBO_CONN,TSGTRestVBCSBO_Conn,UpdateTransactionError,
TSGTCMNHCMEXTRAC_SERVICE_01.00.0000.iar.yaml,"TSGTCMNHCMEXTRAC_SERVICE
01.00.0000",TSGTCMNHCMEXTRAC_SERVICE,TSGTCmnHcmExtractProcess_Service,01.00.0000,UpdateTransactionError1(i19),Adapter_Invoke,,,,/Logger/{Logger_Id}/action/updateTransaction,TSGTRESTVBCSBO_CONN,TSGTRestVBCSBO_Conn,UpdateTransactionError1,
TSGTCMNHCMEXTRAC_SERVICE_01.00.0000.iar.yaml,"TSGTCMNHCMEXTRAC_SERVICE
01.00.0000",TSGTCMNHCMEXTRAC_SERVICE,TSGTCmnHcmExtractProcess_Service,01.00.0000,UpdateTransactionError2(i22),Adapter_Invoke,,,,/Logger/{Logger_Id}/action/updateTransaction,TSGTRESTVBCSBO_CONN,TSGTRestVBCSBO_Conn,UpdateTransactionError2,
TSGTCMNHCMEXTRAC_SERVICE_01.00.0000.iar.yaml,"TSGTCMNHCMEXTRAC_SERVICE
01.00.0000",TSGTCMNHCMEXTRAC_SERVICE,TSGTCmnHcmExtractProcess_Service,01.00.0000,UpdateTransactionFileName(i14),Adapter_Invoke,,,,/Logger/{Logger_Id}/action/updateTransaction,TSGTRESTVBCSBO_CONN,TSGTRestVBCSBO_Conn,UpdateTransactionFileName,
TSGTCMNHCMEXTRAC_SERVICE_01.00.0000.iar.yaml,"TSGTCMNHCMEXTRAC_SERVICE
01.00.0000",TSGTCMNHCMEXTRAC_SERVICE,TSGTCmnHcmExtractProcess_Service,01.00.0000,UpdateTransactionRecord(i6),Adapter_Invoke,,,,/Logger/{Logger_Id}/action/updateTransaction,TSGTRESTVBCSBO_CONN,TSGTRestVBCSBO_Conn,UpdateTransactionRecord,
TSGTCMNHCMEXTRAC_SERVICE_01.00.0000.iar.yaml,"TSGTCMNHCMEXTRAC_SERVICE
01.00.0000",TSGTCMNHCMEXTRAC_SERVICE,TSGTCmnHcmExtractProcess_Service,01.00.0000,UpdateTransactionStatus(i5),Adapter_Invoke,,,,/Logger/{Logger_Id}/action/updateTransaction,TSGTRESTVBCSBO_CONN,TSGTRestVBCSBO_Conn,UpdateTransactionStatus,
TSGTCMNHCMINBOUN_SERVICE_01.00.0000.iar.yaml,"TSGTCMNHCMINBOUN_SERVICE
01.00.0000",TSGTCMNHCMINBOUN_SERVICE,TSGTCmnHcmInboundProcess_Service,01.00.0000,CallErrorNotifi(i5),IntegrationAction,TSGTCMNHCMNOTIFI_SERVICE,01.00.0000,TSGTCmnHcmNotification_Service,/notification,PRESEEDED_COLLOCATED_CONN_1741,OIC Integration,CallErrorNotifi,
TSGTCMNHCMINBOUN_SERVICE_01.00.0000.iar.yaml,"TSGTCMNHCMINBOUN_SERVICE
01.00.0000",TSGTCMNHCMINBOUN_SERVICE,TSGTCmnHcmInboundProcess_Service,01.00.0000,EmailNotification(i12),RESTToOIC,TSGTCMNHCMNOTIFI_SERVICE,1.0,TSGTCmnHcmNotification_Service,/api/integration/v1/flows/rest/TSGTCMNHCMNOTIFI_SERVICE/1.0/notification,TSGTRESTOICINVOK_CONN,TSGTRestOICInvoke_Conn,EmailNotification,
TSGTCMNHCMINBOUN_SERVICE_01.00.0000.iar.yaml,"TSGTCMNHCMINBOUN_SERVICE
01.00.0000",TSGTCMNHCMINBOUN_SERVICE,TSGTCmnHcmInboundProcess_Service,01.00.0000,InvokeErrorNotifications(i7),RESTToOIC,TSGTCMNHCMNOTIFI_SERVICE,1.0,TSGTCmnHcmNotification_Service,/api/integration/v1/flows/rest/TSGTCMNHCMNOTIFI_SERVICE/1.0/notification,TSGTRESTOICINVOK_CONN,TSGTRestOICInvoke_Conn,InvokeErrorNotifications,
TSGTCMNHCMINBOUN_SERVICE_01.00.0000.iar.yaml,"TSGTCMNHCMINBOUN_SERVICE
01.00.0000",TSGTCMNHCMINBOUN_SERVICE,TSGTCmnHcmInboundProcess_Service,01.00.0000,callEntityTransformService(i8),RESTToOIC,{code},1.0,,/api/integration/v1/flows/rest/{code}/1.0/transform ,TSGTRESTOICINVOK_CONN,TSGTRestOICInvoke_Conn,callEntityTransformService,
TSGTCMNHCMINBOUN_SERVICE_01.00.0000.iar.yaml,"TSGTCMNHCMINBOUN_SERVICE
01.00.0000",TSGTCMNHCMINBOUN_SERVICE,TSGTCmnHcmInboundProcess_Service,01.00.0000,GetErrorFile(i2),Adapter_Invoke,,,,/n/{namespaceName}/b/{bucketName}/o/{objectName},TSGTOBJECTSTORAG_CONN,TSGTObjectStorage_Conn,GetErrorFile,
TSGTCMNHCMINBOUN_SERVICE_01.00.0000.iar.yaml,"TSGTCMNHCMINBOUN_SERVICE
01.00.0000",TSGTCMNHCMINBOUN_SERVICE,TSGTCmnHcmInboundProcess_Service,01.00.0000,GetFileFromArchiveBucket(i14),Adapter_Invoke,,,,/n/{nameSpaceName}/b/{bucketName}/o/{objectName},TSGTOBJECTSTORAG_CONN,TSGTObjectStorage_Conn,GetFileFromArchiveBucket,
TSGTCMNHCMINBOUN_SERVICE_01.00.0000.iar.yaml,"TSGTCMNHCMINBOUN_SERVICE
01.00.0000",TSGTCMNHCMINBOUN_SERVICE,TSGTCmnHcmInboundProcess_Service,01.00.0000,GetInboundMetadataFromBO(i6),Adapter_Invoke,,,,/FWKINBOUNDINTGMETADATA,TSGTRESTVBCSBO_CONN,TSGTRestVBCSBO_Conn,GetInboundMetadataFromBO,
TSGTCMNHCMINBOUN_SERVICE_01.00.0000.iar.yaml,"TSGTCMNHCMINBOUN_SERVICE
01.00.0000",TSGTCMNHCMINBOUN_SERVICE,TSGTCmnHcmInboundProcess_Service,01.00.0000,GetTransactionId(i1),Adapter_Invoke,,,,/Transactions,TSGTRESTVBCSBO_CONN,TSGTRestVBCSBO_Conn,GetTransactionId,
TSGTCMNHCMINBOUN_SERVICE_01.00.0000.iar.yaml,"TSGTCMNHCMINBOUN_SERVICE
01.00.0000",TSGTCMNHCMINBOUN_SERVICE,TSGTCmnHcmInboundProcess_Service,01.00.0000,InsertIntoTrnxTbl(i4),Adapter_Invoke,,,,/Logger/{LoggerId}/action/insertLog,TSGTRESTVBCSBO_CONN,TSGTRestVBCSBO_Conn,InsertIntoTrnxTbl,
TSGTCMNHCMINBOUN_SERVICE_01.00.0000.iar.yaml,"TSGTCMNHCMINBOUN_SERVICE
01.00.0000",TSGTCMNHCMINBOUN_SERVICE,TSGTCmnHcmInboundProcess_Service,01.00.0000,ListObjectFile(i0),Adapter_Invoke,,,,/n/{namespaceName}/b/{bucketName}/o,TSGTOBJECTSTORAG_CONN,TSGTObjectStorage_Conn,ListObjectFile,
TSGTCMNHCMINBOUN_SERVICE_01.00.0000.iar.yaml,"TSGTCMNHCMINBOUN_SERVICE
01.00.0000",TSGTCMNHCMINBOUN_SERVICE,TSGTCmnHcmInboundProcess_Service,01.00.0000,UpdateTransaction(i11),Adapter_Invoke,,,,/Logger/{Logger_Id}/action/updateTransaction,TSGTRESTVBCSBO_CONN,TSGTRestVBCSBO_Conn,UpdateTransaction,
TSGTCMNHCMINBOUN_SERVICE_01.00.0000.iar.yaml,"TSGTCMNHCMINBOUN_SERVICE
01.00.0000",TSGTCMNHCMINBOUN_SERVICE,TSGTCmnHcmInboundProcess_Service,01.00.0000,UpdateTransactionBO_ERROR(i10),Adapter_Invoke,,,,/Logger/{Logger_Id}/action/updateTransaction,TSGTRESTVBCSBO_CONN,TSGTRestVBCSBO_Conn,UpdateTransactionBO_ERROR,
TSGTCMNHCMINBOUN_SERVICE_01.00.0000.iar.yaml,"TSGTCMNHCMINBOUN_SERVICE
01.00.0000",TSGTCMNHCMINBOUN_SERVICE,TSGTCmnHcmInboundProcess_Service,01.00.0000,UploadRawFile(i3),Adapter_Invoke,,,,/n/{namespaceName}/b/{bucketName}/o/{objectName},TSGTOBJECTSTORAG_CONN,TSGTObjectStorage_Conn,UploadRawFile,
TSGTCMNHCMINBOUN_SERVICE_01.00.0000.iar.yaml,"TSGTCMNHCMINBOUN_SERVICE
01.00.0000",TSGTCMNHCMINBOUN_SERVICE,TSGTCmnHcmInboundProcess_Service,01.00.0000,getInstances(i13),Adapter_Invoke,,,,/Instances,TSGTRESTVBCSBO_CONN,TSGTRestVBCSBO_Conn,getInstances,
TSGTCMNHCMINBOUN_SERVICE_01.00.0000.iar.yaml,"TSGTCMNHCMINBOUN_SERVICE
01.00.0000",TSGTCMNHCMINBOUN_SERVICE,TSGTCmnHcmInboundProcess_Service,01.00.0000,updateTransactionBO(i9),Adapter_Invoke,,,,/Logger/{Logger_Id}/action/updateTransaction,TSGTRESTVBCSBO_CONN,TSGTRestVBCSBO_Conn,updateTransactionBO,
TSGTCMNHCMLAUNCH_SERVICE_01.00.0001.iar.yaml,"TSGTCMNHCMLAUNCH_SERVICE
01.00.0001",TSGTCMNHCMLAUNCH_SERVICE,TSGTCmnHcmLauncherFwk_Service,01.00.0001,callInboundLauncher(i4),RESTToOIC,TSGTCMNHCMINBOUN_SERVICE,1.0,TSGTCmnHcmInboundProcess_Service,/api/integration/v1/flows/rest/TSGTCMNHCMINBOUN_SERVICE/1.0/transform,TSGTRESTOICINVOK_CONN,TSGTRestOICInvoke_Conn,callInboundLauncher,
TSGTCMNHCMLAUNCH_SERVICE_01.00.0001.iar.yaml,"TSGTCMNHCMLAUNCH_SERVICE
01.00.0001",TSGTCMNHCMLAUNCH_SERVICE,TSGTCmnHcmLauncherFwk_Service,01.00.0001,ErrorNotification(i3),IntegrationAction,TSGTCMNHCMNOTIFI_SERVICE,01.01.0001,TSGTCmnHcmNotification_Service,/notification,PRESEEDED_COLLOCATED_CONN_1741,OIC Integration,ErrorNotification,
TSGTCMNHCMLAUNCH_SERVICE_01.00.0001.iar.yaml,"TSGTCMNHCMLAUNCH_SERVICE
01.00.0001",TSGTCMNHCMLAUNCH_SERVICE,TSGTCmnHcmLauncherFwk_Service,01.00.0001,SendNotification(i0),IntegrationAction,TSGTCMNHCMNOTIFI_SERVICE,01.01.0001,TSGTCmnHcmNotification_Service,/notification,PRESEEDED_COLLOCATED_CONN_1741,OIC Integration,SendNotification,
TSGTCMNHCMLAUNCH_SERVICE_01.00.0001.iar.yaml,"TSGTCMNHCMLAUNCH_SERVICE
01.00.0001",TSGTCMNHCMLAUNCH_SERVICE,TSGTCmnHcmLauncherFwk_Service,01.00.0001,callOutboundLauncher(i13),RESTToOIC,{IntegrationCode},1.0,,/api/integration/v1/flows/rest/{IntegrationCode}/1.0/hcmOutboundLauncher,TSGTRESTOICINVOK_CONN,TSGTRestOICInvoke_Conn,callOutboundLauncher,
TSGTCMNHCMLAUNCH_SERVICE_01.00.0001.iar.yaml,"TSGTCMNHCMLAUNCH_SERVICE
01.00.0001",TSGTCMNHCMLAUNCH_SERVICE,TSGTCmnHcmLauncherFwk_Service,01.00.0001,DeleteSourceFile(i12),Adapter_Invoke,,,,,TSGTFTP_CONN,TSGTFtp_Conn,DeleteSourceFile,
TSGTCMNHCMLAUNCH_SERVICE_01.00.0001.iar.yaml,"TSGTCMNHCMLAUNCH_SERVICE
01.00.0001",TSGTCMNHCMLAUNCH_SERVICE,TSGTCmnHcmLauncherFwk_Service,01.00.0001,DownloadFileToStage(i9),Adapter_Invoke,,,,,TSGTFTP_CONN,TSGTFtp_Conn,DownloadFileToStage,
TSGTCMNHCMLAUNCH_SERVICE_01.00.0001.iar.yaml,"TSGTCMNHCMLAUNCH_SERVICE
01.00.0001",TSGTCMNHCMLAUNCH_SERVICE,TSGTCmnHcmLauncherFwk_Service,01.00.0001,GetMetadata(i6),Adapter_Invoke,,,,/FWKINBOUNDINTGMETADATA,TSGTRESTVBCSBO_CONN,TSGTRestVBCSBO_Conn,GetMetadata,
TSGTCMNHCMLAUNCH_SERVICE_01.00.0001.iar.yaml,"TSGTCMNHCMLAUNCH_SERVICE
01.00.0001",TSGTCMNHCMLAUNCH_SERVICE,TSGTCmnHcmLauncherFwk_Service,01.00.0001,GetOutboundIntegrationMetadata(i10),Adapter_Invoke,,,,/FWKOUTBOUNDINTGMETADATA,TSGTRESTVBCSBO_CONN,TSGTRestVBCSBO_Conn,GetOutboundIntegrationMetadata,
TSGTCMNHCMLAUNCH_SERVICE_01.00.0001.iar.yaml,"TSGTCMNHCMLAUNCH_SERVICE
01.00.0001",TSGTCMNHCMLAUNCH_SERVICE,TSGTCmnHcmLauncherFwk_Service,01.00.0001,GetTransactionDetails(i1),Adapter_Invoke,,,,/TransactionTypes,TSGTRESTVBCSBO_CONN,TSGTRestVBCSBO_Conn,GetTransactionDetails,
TSGTCMNHCMLAUNCH_SERVICE_01.00.0001.iar.yaml,"TSGTCMNHCMLAUNCH_SERVICE
01.00.0001",TSGTCMNHCMLAUNCH_SERVICE,TSGTCmnHcmLauncherFwk_Service,01.00.0001,InsertRecordintoTransactionTable(i7),Adapter_Invoke,,,,/Logger/{LoggerId}/action/insertLog,TSGTRESTVBCSBO_CONN,TSGTRestVBCSBO_Conn,InsertRecordintoTransactionTable,
TSGTCMNHCMLAUNCH_SERVICE_01.00.0001.iar.yaml,"TSGTCMNHCMLAUNCH_SERVICE
01.00.0001",TSGTCMNHCMLAUNCH_SERVICE,TSGTCmnHcmLauncherFwk_Service,01.00.0001,ListInboundFiles(i8),Adapter_Invoke,,,,,TSGTFTP_CONN,TSGTFtp_Conn,ListInboundFiles,
TSGTCMNHCMLAUNCH_SERVICE_01.00.0001.iar.yaml,"TSGTCMNHCMLAUNCH_SERVICE
01.00.0001",TSGTCMNHCMLAUNCH_SERVICE,TSGTCmnHcmLauncherFwk_Service,01.00.0001,UploadFileToRawBucket(i5),Adapter_Invoke,,,,/n/{namespaceName}/b/{bucketName}/o/{objectName},TSGTOBJECTSTORAG_CONN,TSGTObjectStorage_Conn,UploadFileToRawBucket,
TSGTCMNHCMLAUNCH_SERVICE_01.00.0001.iar.yaml,"TSGTCMNHCMLAUNCH_SERVICE
01.00.0001",TSGTCMNHCMLAUNCH_SERVICE,TSGTCmnHcmLauncherFwk_Service,01.00.0001,updateLastRunDate(i11),Adapter_Invoke,,,,/FWKINBOUNDINTGMETADATA/{id},TSGTRESTVBCSBO_CONN,TSGTRestVBCSBO_Conn,updateLastRunDate,
TSGTCMNHCMNOTIFI_SERVICE_01.01.0002.iar.yaml,"TSGTCMNHCMNOTIFI_SERVICE
01.01.0002",TSGTCMNHCMNOTIFI_SERVICE,TSGTCmnHcmNotification_Service,01.01.0002,GetEnrichFile(i1),Adapter_Invoke,,,,/n/{namespaceName}/b/{bucketName}/o/{objectName},TSGTOBJECTSTORAG_CONN,TSGTObjectStorage_Conn,GetEnrichFile,
TSGTCMNHCMNOTIFI_SERVICE_02.01.0003.iar.yaml,"TSGTCMNHCMNOTIFI_SERVICE
02.01.0003",TSGTCMNHCMNOTIFI_SERVICE,TSGTCmnHcmNotification_Service,02.01.0003,GetEnrichFile(i1),Adapter_Invoke,,,,/n/{namespaceName}/b/{bucketName}/o/{objectName},TSGTOBJECTSTORAG_CONN,TSGTObjectStorage_Conn,GetEnrichFile,
TSGTCMNHCMNOTIFI_SERVICE_01.01.0002.iar.yaml,"TSGTCMNHCMNOTIFI_SERVICE
01.01.0002",TSGTCMNHCMNOTIFI_SERVICE,TSGTCmnHcmNotification_Service,01.01.0002,GetInboundMetaDataDetails(i3),Adapter_Invoke,,,,/FWKINBOUNDINTGMETADATA,TSGTRESTVBCSBO_CONN,TSGTRestVBCSBO_Conn,GetInboundMetaDataDetails,
TSGTCMNHCMNOTIFI_SERVICE_02.01.0003.iar.yaml,"TSGTCMNHCMNOTIFI_SERVICE
02.01.0003",TSGTCMNHCMNOTIFI_SERVICE,TSGTCmnHcmNotification_Service,02.01.0003,GetInboundMetaDataDetails(i3),Adapter_Invoke,,,,/FWKINBOUNDINTGMETADATA,TSGTRESTVBCSBO_CONN,TSGTRestVBCSBO_Conn,GetInboundMetaDataDetails,
TSGTCMNHCMNOTIFI_SERVICE_01.01.0002.iar.yaml,"TSGTCMNHCMNOTIFI_SERVICE
01.01.0002",TSGTCMNHCMNOTIFI_SERVICE,TSGTCmnHcmNotification_Service,01.01.0002,getInstanceDetails(i0),Adapter_Invoke,,,,/Instances,TSGTRESTVBCSBO_CONN,TSGTRestVBCSBO_Conn,getInstanceDetails,
TSGTCMNHCMNOTIFI_SERVICE_02.01.0003.iar.yaml,"TSGTCMNHCMNOTIFI_SERVICE
02.01.0003",TSGTCMNHCMNOTIFI_SERVICE,TSGTCmnHcmNotification_Service,02.01.0003,getInstanceDetails(i0),Adapter_Invoke,,,,/Instances,TSGTRESTVBCSBO_CONN,TSGTRestVBCSBO_Conn,getInstanceDetails,
TSGTCMNHCMNOTIFI_SERVICE_01.01.0002.iar.yaml,"TSGTCMNHCMNOTIFI_SERVICE
01.01.0002",TSGTCMNHCMNOTIFI_SERVICE,TSGTCmnHcmNotification_Service,01.01.0002,getOutboundMetadata(i5),Adapter_Invoke,,,,/FWKOUTBOUNDINTGMETADATA,TSGTRESTVBCSBO_CONN,TSGTRestVBCSBO_Conn,getOutboundMetadata,
TSGTCMNHCMNOTIFI_SERVICE_02.01.0003.iar.yaml,"TSGTCMNHCMNOTIFI_SERVICE
02.01.0003",TSGTCMNHCMNOTIFI_SERVICE,TSGTCmnHcmNotification_Service,02.01.0003,getOutboundMetadata(i5),Adapter_Invoke,,,,/FWKOUTBOUNDINTGMETADATA,TSGTRESTVBCSBO_CONN,TSGTRestVBCSBO_Conn,getOutboundMetadata,
TSGTCMNHCMNOTIFI_SERVICE_01.01.0002.iar.yaml,"TSGTCMNHCMNOTIFI_SERVICE
01.01.0002",TSGTCMNHCMNOTIFI_SERVICE,TSGTCmnHcmNotification_Service,01.01.0002,getTransactionDetails(i2),Adapter_Invoke,,,,/Transactions,TSGTRESTVBCSBO_CONN,TSGTRestVBCSBO_Conn,getTransactionDetails,
TSGTCMNHCMNOTIFI_SERVICE_02.01.0003.iar.yaml,"TSGTCMNHCMNOTIFI_SERVICE
02.01.0003",TSGTCMNHCMNOTIFI_SERVICE,TSGTCmnHcmNotification_Service,02.01.0003,getTransactionDetails(i2),Adapter_Invoke,,,,/Transactions,TSGTRESTVBCSBO_CONN,TSGTRestVBCSBO_Conn,getTransactionDetails,
TSGTCMNHCMNOTIFI_SERVICE_01.01.0002.iar.yaml,"TSGTCMNHCMNOTIFI_SERVICE
01.01.0002",TSGTCMNHCMNOTIFI_SERVICE,TSGTCmnHcmNotification_Service,01.01.0002,getTransactionTypes(i4),Adapter_Invoke,,,,/TransactionTypes,TSGTRESTVBCSBO_CONN,TSGTRestVBCSBO_Conn,getTransactionTypes,
TSGTCMNHCMNOTIFI_SERVICE_02.01.0003.iar.yaml,"TSGTCMNHCMNOTIFI_SERVICE
02.01.0003",TSGTCMNHCMNOTIFI_SERVICE,TSGTCmnHcmNotification_Service,02.01.0003,getTransactionTypes(i4),Adapter_Invoke,,,,/TransactionTypes,TSGTRESTVBCSBO_CONN,TSGTRestVBCSBO_Conn,getTransactionTypes,
TSGTCMNLAUNCHERF_SERVICE_01.00.0000.iar.yaml,"TSGTCMNLAUNCHERF_SERVICE
01.00.0000",TSGTCMNLAUNCHERF_SERVICE,TSGTCmnLauncherFwk_Service,01.00.0000,InvokeERPCommonLauncher(i6),IntegrationAction,TSGTCMNERPLAUNCH_SERVICE,01.00.0000,TSGTCmnErpLauncherIbFwk_Service,/InvokeLauncher,PRESEEDED_COLLOCATED_CONN_1741,OIC Integration,InvokeERPCommonLauncher,
TSGTCMNLAUNCHERF_SERVICE_01.00.0000.iar.yaml,"TSGTCMNLAUNCHERF_SERVICE
01.00.0000",TSGTCMNLAUNCHERF_SERVICE,TSGTCmnLauncherFwk_Service,01.00.0000,InvokeERPCommonLauncherOut(i7),IntegrationAction,TSGTCMNERPLAUNCH_SERVICE_OB,01.00.0000,TSGTCmnErpLauncherObFwk_Service,/erpOutboundLauncher,PRESEEDED_COLLOCATED_CONN_1741,OIC Integration,InvokeERPCommonLauncherOut,
TSGTCMNLAUNCHERF_SERVICE_01.00.0000.iar.yaml,"TSGTCMNLAUNCHERF_SERVICE
01.00.0000",TSGTCMNLAUNCHERF_SERVICE,TSGTCmnLauncherFwk_Service,01.00.0000,InvokeHCMCommonLauncher(i8),IntegrationAction,TSGTCMNHCMLAUNCH_SERVICE,01.00.0000,TSGTCmnHcmLauncherFwk_Service,/InvokeLauncher,PRESEEDED_COLLOCATED_CONN_1741,OIC Integration,InvokeHCMCommonLauncher,
TSGTCMNLAUNCHERF_SERVICE_01.00.0000.iar.yaml,"TSGTCMNLAUNCHERF_SERVICE
01.00.0000",TSGTCMNLAUNCHERF_SERVICE,TSGTCmnLauncherFwk_Service,01.00.0000,ErrorNotify(i2),IntegrationAction,TSGTCMNNOTIFICAT_SERVICE,01.00.0000,TSGTCmnNotificationFwk_Service,/Notify,PRESEEDED_COLLOCATED_CONN_1741,OIC Integration,ErrorNotify,
TSGTCMNLAUNCHERF_SERVICE_01.00.0000.iar.yaml,"TSGTCMNLAUNCHERF_SERVICE
01.00.0000",TSGTCMNLAUNCHERF_SERVICE,TSGTCmnLauncherFwk_Service,01.00.0000,MoveToArchiveOrDeleteFile(i14),IntegrationAction,TSGTCMNSFTPFILEO_SERVICE,01.00.0000,TSGTCmnSFTPFileOperation_Service,/MoveToArchive,PRESEEDED_COLLOCATED_CONN_1741,OIC Integration,MoveToArchiveOrDeleteFile,
TSGTCMNLAUNCHERF_SERVICE_01.00.0000.iar.yaml,"TSGTCMNLAUNCHERF_SERVICE
01.00.0000",TSGTCMNLAUNCHERF_SERVICE,TSGTCmnLauncherFwk_Service,01.00.0000,GetFileFromSftpAndMoveToObjectStorage(i11),IntegrationAction,TSGTCMNSFTPTOOBJSTORAGEMOV_SERVI,01.00.0000,TSGTCmnSFTPtoObjectStorageMove_Service,/getFileFromObjectStorage,PRESEEDED_COLLOCATED_CONN_1741,OIC Integration,GetFileFromSftpAndMoveToObjectStorage,
TSGTCMNLAUNCHERF_SERVICE_01.00.0000.iar.yaml,"TSGTCMNLAUNCHERF_SERVICE
01.00.0000",TSGTCMNLAUNCHERF_SERVICE,TSGTCmnLauncherFwk_Service,01.00.0000,UpdateLogAndTransactions(i3),IntegrationAction,TSGTCMNUPSERTINS_SERVICE,01.00.0000,TSGTCmnUpsertInstanceTransaction_Service,/UpsertInstanceTransaction,PRESEEDED_COLLOCATED_CONN_1741,OIC Integration,UpdateLogAndTransactions,
TSGTCMNLAUNCHERF_SERVICE_01.00.0000.iar.yaml,"TSGTCMNLAUNCHERF_SERVICE
01.00.0000",TSGTCMNLAUNCHERF_SERVICE,TSGTCmnLauncherFwk_Service,01.00.0000,UpdateLogTransactionupdateStatus(i4),IntegrationAction,TSGTCMNUPSERTINS_SERVICE,01.00.0000,TSGTCmnUpsertInstanceTransaction_Service,/UpsertInstanceTransaction,PRESEEDED_COLLOCATED_CONN_1741,OIC Integration,UpdateLogTransactionupdateStatus,
TSGTCMNLAUNCHERF_SERVICE_01.00.0000.iar.yaml,"TSGTCMNLAUNCHERF_SERVICE
01.00.0000",TSGTCMNLAUNCHERF_SERVICE,TSGTCmnLauncherFwk_Service,01.00.0000,DeleteFileFromSFTP(i5),Adapter_Invoke,,,,,TSGTFTP_CONN,TSGTFtp_Conn,DeleteFileFromSFTP,
TSGTCMNLAUNCHERF_SERVICE_01.00.0000.iar.yaml,"TSGTCMNLAUNCHERF_SERVICE
01.00.0000",TSGTCMNLAUNCHERF_SERVICE,TSGTCmnLauncherFwk_Service,01.00.0000,GetInboundMetadataDetails(i1),Adapter_Invoke,,,,/FWKINBOUNDINTGMETADATA,TSGTRESTVBCSBO_CONN,TSGTRestVBCSBO_Conn,GetInboundMetadataDetails,
TSGTCMNLAUNCHERF_SERVICE_01.00.0000.iar.yaml,"TSGTCMNLAUNCHERF_SERVICE
01.00.0000",TSGTCMNLAUNCHERF_SERVICE,TSGTCmnLauncherFwk_Service,01.00.0000,GetOutboundMetadataFromBO(i9),Adapter_Invoke,,,,/FWKOUTBOUNDINTGMETADATA,TSGTRESTVBCSBO_CONN,TSGTRestVBCSBO_Conn,GetOutboundMetadataFromBO,
TSGTCMNLAUNCHERF_SERVICE_01.00.0000.iar.yaml,"TSGTCMNLAUNCHERF_SERVICE
01.00.0000",TSGTCMNLAUNCHERF_SERVICE,TSGTCmnLauncherFwk_Service,01.00.0000,InsertRecToTransactionIB(i12),Adapter_Invoke,,,,/Logger/{LoggerId}/action/insertLog,TSGTRESTVBCSBO_CONN,TSGTRestVBCSBO_Conn,InsertRecToTransactionIB,
TSGTCMNLAUNCHERF_SERVICE_01.00.0000.iar.yaml,"TSGTCMNLAUNCHERF_SERVICE
01.00.0000",TSGTCMNLAUNCHERF_SERVICE,TSGTCmnLauncherFwk_Service,01.00.0000,InsertRecordToTransaction(i10),Adapter_Invoke,,,,/Logger/{LoggerId}/action/insertLog,TSGTRESTVBCSBO_CONN,TSGTRestVBCSBO_Conn,InsertRecordToTransaction,
TSGTCMNLAUNCHERF_SERVICE_01.00.0000.iar.yaml,"TSGTCMNLAUNCHERF_SERVICE
01.00.0000",TSGTCMNLAUNCHERF_SERVICE,TSGTCmnLauncherFwk_Service,01.00.0000,ListFiles(i0),Adapter_Invoke,,,,,TSGTFTP_CONN,TSGTFtp_Conn,ListFiles,
TSGTCMNNOTIFICAT_SERVICE_01.00.0000.iar.yaml,"TSGTCMNNOTIFICAT_SERVICE
01.00.0000",TSGTCMNNOTIFICAT_SERVICE,TSGTCmnNotificationFwk_Service,01.00.0000,downloadFiles(i0),Adapter_Invoke,,,,,TSGTFTP_CONN,TSGTFtp_Conn,downloadFiles,
TSGTCMNOBJECTSTOSFTPMOVE_SERVICE_01.00.0000.iar.yaml,"TSGTCMNOBJECTSTOSFTPMOVE_SERVICE
01.00.0000",TSGTCMNOBJECTSTOSFTPMOVE_SERVICE,TSGTCmnObjectStorageToSFTPMove_Service,01.00.0000,GetFileFromBucket(i0),Adapter_Invoke,,,,/n/{nameSpaceName}/b/{bucketName}/o/{objectName},TSGTOBJECTSTORAG_CONN,TSGTObjectStorage_Conn,GetFileFromBucket,
TSGTCMNOBJECTSTOSFTPMOVE_SERVICE_01.00.0000.iar.yaml,"TSGTCMNOBJECTSTOSFTPMOVE_SERVICE
01.00.0000",TSGTCMNOBJECTSTOSFTPMOVE_SERVICE,TSGTCmnObjectStorageToSFTPMove_Service,01.00.0000,UploadToRapidSftp(i2),Adapter_Invoke,,,,,TSGTRAPIDFTP_CONN,TSGTRapidFtp_Conn,UploadToRapidSftp,
TSGTCMNOBJECTSTOSFTPMOVE_SERVICE_01.00.0000.iar.yaml,"TSGTCMNOBJECTSTOSFTPMOVE_SERVICE
01.00.0000",TSGTCMNOBJECTSTOSFTPMOVE_SERVICE,TSGTCmnObjectStorageToSFTPMove_Service,01.00.0000,UploadToSftp(i1),Adapter_Invoke,,,,,TSGTFTP_CONN,TSGTFtp_Conn,UploadToSftp,
TSGTCMNOBJECTSTOSFTPMOVE_SERVICE_01.00.0000.iar.yaml,"TSGTCMNOBJECTSTOSFTPMOVE_SERVICE
01.00.0000",TSGTCMNOBJECTSTOSFTPMOVE_SERVICE,TSGTCmnObjectStorageToSFTPMove_Service,01.00.0000,UploadToVelocitySftp(i3),Adapter_Invoke,,,,,TSGTVELOCITYFTP_CONN,TSGTVelocityFtp_Conn,UploadToVelocitySftp,
TSGTCMNOBJSTRGFILE_SERVICE_01.00.0000.iar.yaml,"TSGTCMNOBJSTRGFILE_SERVICE
01.00.0000",TSGTCMNOBJSTRGFILE_SERVICE,TSGTCmnObjStrgFile_Service,01.00.0000,DeleteFileFromObjStrg(i1),Adapter_Invoke,,,,/n/{namespacename}/b/{bucketName}/o/{objectName},TSGTOBJECTSTORAG_CONN,TSGTObjectStorage_Conn,DeleteFileFromObjStrg,
TSGTCMNOBJSTRGFILE_SERVICE_01.00.0000.iar.yaml,"TSGTCMNOBJSTRGFILE_SERVICE
01.00.0000",TSGTCMNOBJSTRGFILE_SERVICE,TSGTCmnObjStrgFile_Service,01.00.0000,GetObjStorageFile(i0),Adapter_Invoke,,,,/n/{namespacename}/b/{bucketName}/o/,TSGTOBJECTSTORAG_CONN,TSGTObjectStorage_Conn,GetObjStorageFile,
TSGTCMNOBJSTRGFI_SERVICE_01.00.0000.iar.yaml,"TSGTCMNOBJSTRGFI_SERVICE
01.00.0000",TSGTCMNOBJSTRGFI_SERVICE,TSGTCmnObjStrgFileDownload_Service,01.00.0000,GetFileFromObjectStorage(i0),Adapter_Invoke,,,,/n/{nameSpaceName}/b/{bucketName}/o/{objectName},TSGTOBJECTSTORAG_CONN,TSGTObjectStorage_Conn,GetFileFromObjectStorage,
TSGTCMNOBJSTRGFI_SERVICE_01.00.0000.iar.yaml,"TSGTCMNOBJSTRGFI_SERVICE
01.00.0000",TSGTCMNOBJSTRGFI_SERVICE,TSGTCmnObjStrgFileDownload_Service,01.00.0000,getFilesFromErrorBucket(i1),Adapter_Invoke,,,,/n/{namespaceName}/b/{bucketName}/o/{objectName},TSGTOBJECTSTORAG_CONN,TSGTObjectStorage_Conn,getFilesFromErrorBucket,
TSGTCMNOBJSTRGPU_SERVICE_01.00.0000.iar.yaml,"TSGTCMNOBJSTRGPU_SERVICE
01.00.0000",TSGTCMNOBJSTRGPU_SERVICE,TSGTCmnObjStrgPurge_Service,01.00.0000,InvokeNotificationService(i5),IntegrationAction,TSGTCMNNOTIFICAT_SERVICE,01.00.0000,TSGTCmnNotificationFwk_Service,/Notify,PRESEEDED_COLLOCATED_CONN_1741,OIC Integration,InvokeNotificationService,
TSGTCMNOBJSTRGPU_SERVICE_01.00.0000.iar.yaml,"TSGTCMNOBJSTRGPU_SERVICE
01.00.0000",TSGTCMNOBJSTRGPU_SERVICE,TSGTCmnObjStrgPurge_Service,01.00.0000,InvokeDeleteFileFromObjStorage(i6),IntegrationAction,TSGTCMNOBJSTRGFILE_SERVICE,01.00.0000,TSGTCmnObjStrgFile_Service,/PurgeObjectStorage,PRESEEDED_COLLOCATED_CONN_1741,OIC Integration,InvokeDeleteFileFromObjStorage,
TSGTCMNOBJSTRGPU_SERVICE_01.00.0000.iar.yaml,"TSGTCMNOBJSTRGPU_SERVICE
01.00.0000",TSGTCMNOBJSTRGPU_SERVICE,TSGTCmnObjStrgPurge_Service,01.00.0000,InvokeFindFileInBucket(i4),IntegrationAction,TSGTCMNOBJSTRGFILE_SERVICE,01.00.0000,TSGTCmnObjStrgFile_Service,/PurgeObjectStorage,PRESEEDED_COLLOCATED_CONN_1741,OIC Integration,InvokeFindFileInBucket,
TSGTCMNOBJSTRGPU_SERVICE_01.00.0000.iar.yaml,"TSGTCMNOBJSTRGPU_SERVICE
01.00.0000",TSGTCMNOBJSTRGPU_SERVICE,TSGTCmnObjStrgPurge_Service,01.00.0000,InvokeUpdateTransactionBO(i7),IntegrationAction,TSGTCMNUPSERTINS_SERVICE,01.00.0000,TSGTCmnUpsertInstanceTransaction_Service,/UpsertInstanceTransaction,PRESEEDED_COLLOCATED_CONN_1741,OIC Integration,InvokeUpdateTransactionBO,
TSGTCMNOBJSTRGPU_SERVICE_01.00.0000.iar.yaml,"TSGTCMNOBJSTRGPU_SERVICE
01.00.0000",TSGTCMNOBJSTRGPU_SERVICE,TSGTCmnObjStrgPurge_Service,01.00.0000,GetInboundMetadata(i0),Adapter_Invoke,,,,/FWKINBOUNDINTGMETADATA,TSGTRESTVBCSBO_CONN,TSGTRestVBCSBO_Conn,GetInboundMetadata,
TSGTCMNOBJSTRGPU_SERVICE_01.00.0000.iar.yaml,"TSGTCMNOBJSTRGPU_SERVICE
01.00.0000",TSGTCMNOBJSTRGPU_SERVICE,TSGTCmnObjStrgPurge_Service,01.00.0000,GetInstances(i3),Adapter_Invoke,,,,/Instances,TSGTRESTVBCSBO_CONN,TSGTRestVBCSBO_Conn,GetInstances,
TSGTCMNOBJSTRGPU_SERVICE_01.00.0000.iar.yaml,"TSGTCMNOBJSTRGPU_SERVICE
01.00.0000",TSGTCMNOBJSTRGPU_SERVICE,TSGTCmnObjStrgPurge_Service,01.00.0000,GetOutboundMetadata(i1),Adapter_Invoke,,,,/FWKOUTBOUNDINTGMETADATA,TSGTRESTVBCSBO_CONN,TSGTRestVBCSBO_Conn,GetOutboundMetadata,
TSGTCMNOBJSTRGPU_SERVICE_01.00.0000.iar.yaml,"TSGTCMNOBJSTRGPU_SERVICE
01.00.0000",TSGTCMNOBJSTRGPU_SERVICE,TSGTCmnObjStrgPurge_Service,01.00.0000,GetTransactions(i2),Adapter_Invoke,,,,/Transactions,TSGTRESTVBCSBO_CONN,TSGTRestVBCSBO_Conn,GetTransactions,
TSGTCMNPURGEOS_INTGSERVICE_01.00.0000.iar.yaml,"TSGTCMNPURGEOS_INTGSERVICE
01.00.0000",TSGTCMNPURGEOS_INTGSERVICE,TSGTCmnPurgeOS_IntgService,01.00.0000,InvokePurgeObjectStorageINT(i0),IntegrationAction,TSGTCMNOBJSTRGPU_SERVICE,01.00.0000,TSGTCmnObjStrgPurge_Service,/,PRESEEDED_COLLOCATED_CONN_1741,OIC Integration,InvokePurgeObjectStorageINT,
TSGTCMNPURGESFTP_INTGSERVICE_01.00.0000.iar.yaml,"TSGTCMNPURGESFTP_INTGSERVICE
01.00.0000",TSGTCMNPURGESFTP_INTGSERVICE,TSGTCmnPurgeSFTP_IntgService,01.00.0000,InvokePurgeSFTPService(i1),IntegrationAction,TSGTCMNSFTPPURGE_SERVICE,01.00.0000,TSGTCmnSFTPPurge_Service,/,PRESEEDED_COLLOCATED_CONN_1741,OIC Integration,InvokePurgeSFTPService,
TSGTCMNREPROCESS_SERVICE_01.00.0000.iar.yaml,"TSGTCMNREPROCESS_SERVICE
01.00.0000",TSGTCMNREPROCESS_SERVICE,TSGTCmnReprocess_Service,01.00.0000,InvokeInboundlauncherReprocess(i16),IntegrationAction,TSGTCMNERPLAUNCH_SERVICE,01.00.0000,TSGTCmnErpLauncherIbFwk_Service,/InvokeLauncher,PRESEEDED_COLLOCATED_CONN_1741,OIC Integration,InvokeInboundlauncherReprocess,
TSGTCMNREPROCESS_SERVICE_01.00.0000.iar.yaml,"TSGTCMNREPROCESS_SERVICE
01.00.0000",TSGTCMNREPROCESS_SERVICE,TSGTCmnReprocess_Service,01.00.0000,InvokeLauncherinRepublishmode(i1),IntegrationAction,TSGTCMNERPLAUNCH_SERVICE_OB,01.00.0000,TSGTCmnErpLauncherObFwk_Service,/erpOutboundLauncher,PRESEEDED_COLLOCATED_CONN_1741,OIC Integration,InvokeLauncherinRepublishmode,
TSGTCMNREPROCESS_SERVICE_01.00.0000.iar.yaml,"TSGTCMNREPROCESS_SERVICE
01.00.0000",TSGTCMNREPROCESS_SERVICE,TSGTCmnReprocess_Service,01.00.0000,UpdateTransaction(i11),IntegrationAction,TSGTCMNUPSERTINS_SERVICE,01.00.0000,TSGTCmnUpsertInstanceTransaction_Service,/UpsertInstanceTransaction,PRESEEDED_COLLOCATED_CONN_1741,OIC Integration,UpdateTransaction,
TSGTCMNREPROCESS_SERVICE_01.00.0000.iar.yaml,"TSGTCMNREPROCESS_SERVICE
01.00.0000",TSGTCMNREPROCESS_SERVICE,TSGTCmnReprocess_Service,01.00.0000,UpdateTransactions(i13),IntegrationAction,TSGTCMNUPSERTINS_SERVICE,01.00.0000,TSGTCmnUpsertInstanceTransaction_Service,/UpsertInstanceTransaction,PRESEEDED_COLLOCATED_CONN_1741,OIC Integration,UpdateTransactions,
TSGTCMNREPROCESS_SERVICE_01.00.0000.iar.yaml,"TSGTCMNREPROCESS_SERVICE
01.00.0000",TSGTCMNREPROCESS_SERVICE,TSGTCmnReprocess_Service,01.00.0000,CheckFileExistsInObjectStorage(i17),Adapter_Invoke,,,,/n/{namespace}/b/{bucketName}/o/{objectName},TSGTOBJECTSTORAG_CONN,TSGTObjectStorage_Conn,CheckFileExistsInObjectStorage,
TSGTCMNREPROCESS_SERVICE_01.00.0000.iar.yaml,"TSGTCMNREPROCESS_SERVICE
01.00.0000",TSGTCMNREPROCESS_SERVICE,TSGTCmnReprocess_Service,01.00.0000,GetInboundMetadata(i4),Adapter_Invoke,,,,/FWKINBOUNDINTGMETADATA,TSGTRESTVBCSBO_CONN,TSGTRestVBCSBO_Conn,GetInboundMetadata,
TSGTCMNREPROCESS_SERVICE_01.00.0000.iar.yaml,"TSGTCMNREPROCESS_SERVICE
01.00.0000",TSGTCMNREPROCESS_SERVICE,TSGTCmnReprocess_Service,01.00.0000,GetOutboundMetadata(i7),Adapter_Invoke,,,,/FWKOUTBOUNDINTGMETADATA,TSGTRESTVBCSBO_CONN,TSGTRestVBCSBO_Conn,GetOutboundMetadata,
TSGTCMNREPROCESS_SERVICE_01.00.0000.iar.yaml,"TSGTCMNREPROCESS_SERVICE
01.00.0000",TSGTCMNREPROCESS_SERVICE,TSGTCmnReprocess_Service,01.00.0000,GetTransactionTypeId(i0),Adapter_Invoke,,,,/Transactions,TSGTRESTVBCSBO_CONN,TSGTRestVBCSBO_Conn,GetTransactionTypeId,
TSGTCMNREPROCESS_SERVICE_01.00.0000.iar.yaml,"TSGTCMNREPROCESS_SERVICE
01.00.0000",TSGTCMNREPROCESS_SERVICE,TSGTCmnReprocess_Service,01.00.0000,InsertToInstance(i18),Adapter_Invoke,,,,/Logger/{Logger_Id}/action/reprocessInstanceLog,TSGTRESTVBCSBO_CONN,TSGTRestVBCSBO_Conn,InsertToInstance,
TSGTCMNREPROCESS_SERVICE_01.00.0000.iar.yaml,"TSGTCMNREPROCESS_SERVICE
01.00.0000",TSGTCMNREPROCESS_SERVICE,TSGTCmnReprocess_Service,01.00.0000,UpdateLog_BO(i3),Adapter_Invoke,,,,/Logger/{Logger_Id}/action/reprocessInstanceLog,TSGTRESTVBCSBO_CONN,TSGTRestVBCSBO_Conn,UpdateLog_BO,
TSGTCMNREPROCESS_SERVICE_01.00.0000.iar.yaml,"TSGTCMNREPROCESS_SERVICE
01.00.0000",TSGTCMNREPROCESS_SERVICE,TSGTCmnReprocess_Service,01.00.0000,getInstanceCount(i2),Adapter_Invoke,,,,/Logger/{Logger_Id}/action/getInstanceCount,TSGTRESTVBCSBO_CONN,TSGTRestVBCSBO_Conn,getInstanceCount,
TSGTCMNREPUBLISH_SERVICE_01.00.0000.iar.yaml,"TSGTCMNREPUBLISH_SERVICE
01.00.0000",TSGTCMNREPUBLISH_SERVICE,TSGTCmnRepublish_Service,01.00.0000,invokeErrNotification(i9),IntegrationAction,CIF_UTIL_CMN_NOTIFI_SERVIC,01.00.0000,,/notification,PRESEEDED_COLLOCATED_CONN_1741,OIC Integration,invokeErrNotification,
TSGTCMNREPUBLISH_SERVICE_01.00.0000.iar.yaml,"TSGTCMNREPUBLISH_SERVICE
01.00.0000",TSGTCMNREPUBLISH_SERVICE,TSGTCmnRepublish_Service,01.00.0000,InvokeCMNDispatcher(i1),IntegrationAction,TSGTCMNERPSFTPDISPOBFWK_SERVICE,01.00.0000,TSGTCmnErpSftpDispatcherObFwk_Service,/dispatcher,PRESEEDED_COLLOCATED_CONN_1741,OIC Integration,InvokeCMNDispatcher,
TSGTCMNREPUBLISH_SERVICE_01.00.0000.iar.yaml,"TSGTCMNREPUBLISH_SERVICE
01.00.0000",TSGTCMNREPUBLISH_SERVICE,TSGTCmnRepublish_Service,01.00.0000,UpdateInsances(i14),IntegrationAction,TSGTCMNUPSERTINS_SERVICE,01.00.0000,TSGTCmnUpsertInstanceTransaction_Service,/UpsertInstanceTransaction,PRESEEDED_COLLOCATED_CONN_1741,OIC Integration,UpdateInsances,
TSGTCMNREPUBLISH_SERVICE_01.00.0000.iar.yaml,"TSGTCMNREPUBLISH_SERVICE
01.00.0000",TSGTCMNREPUBLISH_SERVICE,TSGTCmnRepublish_Service,01.00.0000,UpdateTransaction(i11),IntegrationAction,TSGTCMNUPSERTINS_SERVICE,01.00.0000,TSGTCmnUpsertInstanceTransaction_Service,/UpsertInstanceTransaction,PRESEEDED_COLLOCATED_CONN_1741,OIC Integration,UpdateTransaction,
TSGTCMNREPUBLISH_SERVICE_01.00.0000.iar.yaml,"TSGTCMNREPUBLISH_SERVICE
01.00.0000",TSGTCMNREPUBLISH_SERVICE,TSGTCmnRepublish_Service,01.00.0000,UpdateTransactions(i13),IntegrationAction,TSGTCMNUPSERTINS_SERVICE,01.00.0000,TSGTCmnUpsertInstanceTransaction_Service,/UpsertInstanceTransaction,PRESEEDED_COLLOCATED_CONN_1741,OIC Integration,UpdateTransactions,
TSGTCMNREPUBLISH_SERVICE_01.00.0000.iar.yaml,"TSGTCMNREPUBLISH_SERVICE
01.00.0000",TSGTCMNREPUBLISH_SERVICE,TSGTCmnRepublish_Service,01.00.0000,invokeErrNotification_1(i12),IntegrationAction,UTIL_CMN_NOTIFICATION_SERVICE,01.00.0000,,/notification,PRESEEDED_COLLOCATED_CONN_1741,OIC Integration,invokeErrNotification_1,
TSGTCMNREPUBLISH_SERVICE_01.00.0000.iar.yaml,"TSGTCMNREPUBLISH_SERVICE
01.00.0000",TSGTCMNREPUBLISH_SERVICE,TSGTCmnRepublish_Service,01.00.0000,GetOutboundMetadata(i7),Adapter_Invoke,,,,/FWKOUTBOUNDINTGMETADATA,TSGTRESTVBCSBO_CONN,TSGTRestVBCSBO_Conn,GetOutboundMetadata,
TSGTCMNREPUBLISH_SERVICE_01.00.0000.iar.yaml,"TSGTCMNREPUBLISH_SERVICE
01.00.0000",TSGTCMNREPUBLISH_SERVICE,TSGTCmnRepublish_Service,01.00.0000,GetTransactionTypeId(i0),Adapter_Invoke,,,,/Transactions,TSGTRESTVBCSBO_CONN,TSGTRestVBCSBO_Conn,GetTransactionTypeId,
TSGTCMNREPUBLISH_SERVICE_01.00.0000.iar.yaml,"TSGTCMNREPUBLISH_SERVICE
01.00.0000",TSGTCMNREPUBLISH_SERVICE,TSGTCmnRepublish_Service,01.00.0000,UpdateLog_BO(i3),Adapter_Invoke,,,,/Logger/{Logger_Id}/action/reprocessInstanceLog,TSGTRESTVBCSBO_CONN,TSGTRestVBCSBO_Conn,UpdateLog_BO,
TSGTCMNREPUBLISH_SERVICE_01.00.0000.iar.yaml,"TSGTCMNREPUBLISH_SERVICE
01.00.0000",TSGTCMNREPUBLISH_SERVICE,TSGTCmnRepublish_Service,01.00.0000,UpdateTransactionBO(i10),Adapter_Invoke,,,,/Logger/{Logger_Id}/action/updateTransaction,TSGTRESTVBCSBO_CONN,TSGTRestVBCSBO_Conn,UpdateTransactionBO,
TSGTCMNREPUBLISH_SERVICE_01.00.0000.iar.yaml,"TSGTCMNREPUBLISH_SERVICE
01.00.0000",TSGTCMNREPUBLISH_SERVICE,TSGTCmnRepublish_Service,01.00.0000,getInstanceBOCount(i5),Adapter_Invoke,,,,/Logger/{Logger_Id}/action/getInstanceCount,TSGTRESTVBCSBO_CONN,TSGTRestVBCSBO_Conn,getInstanceBOCount,
TSGTCMNREPUBLISH_SERVICE_01.00.0000.iar.yaml,"TSGTCMNREPUBLISH_SERVICE
01.00.0000",TSGTCMNREPUBLISH_SERVICE,TSGTCmnRepublish_Service,01.00.0000,getInstanceCount(i2),Adapter_Invoke,,,,/Logger/{Logger_Id}/action/getInstanceCount,TSGTRESTVBCSBO_CONN,TSGTRestVBCSBO_Conn,getInstanceCount,
TSGTCMNREPUBLISH_SERVICE_01.00.0000.iar.yaml,"TSGTCMNREPUBLISH_SERVICE
01.00.0000",TSGTCMNREPUBLISH_SERVICE,TSGTCmnRepublish_Service,01.00.0000,getTransactionBo(i6),Adapter_Invoke,,,,/Logger/{Logger_Id}/action/updateTransaction,TSGTRESTVBCSBO_CONN,TSGTRestVBCSBO_Conn,getTransactionBo,
TSGTCMNREPUBLISH_SERVICE_01.00.0000.iar.yaml,"TSGTCMNREPUBLISH_SERVICE
01.00.0000",TSGTCMNREPUBLISH_SERVICE,TSGTCmnRepublish_Service,01.00.0000,gettransactionTypeId_1(i8),Adapter_Invoke,,,,/Transactions,TSGTRESTVBCSBO_CONN,TSGTRestVBCSBO_Conn,gettransactionTypeId_1,
TSGTCMNRESENDPRO_SERVICE_01.00.0000.iar.yaml,"TSGTCMNRESENDPRO_SERVICE
01.00.0000",TSGTCMNRESENDPRO_SERVICE,TSGTCmnResendProcessingResults_Service,01.00.0000,InvokeCmnNotificationService(i0),IntegrationAction,TSGTCMNNOTIFICAT_SERVICE,01.00.0000,TSGTCmnNotificationFwk_Service,/Notify,PRESEEDED_COLLOCATED_CONN_1741,OIC Integration,InvokeCmnNotificationService,
TSGTCMNRESENDPRO_SERVICE_01.00.0000.iar.yaml,"TSGTCMNRESENDPRO_SERVICE
01.00.0000",TSGTCMNRESENDPRO_SERVICE,TSGTCmnResendProcessingResults_Service,01.00.0000,InvokeDownloadObjStrFileService(i4),IntegrationAction,TSGTCMNOBJSTRGFI_SERVICE,01.00.0000,TSGTCmnObjStrgFileDownload_Service,/downloadFileFromObjStorage,PRESEEDED_COLLOCATED_CONN_1741,OIC Integration,InvokeDownloadObjStrFileService,
TSGTCMNRESENDPRO_SERVICE_01.00.0000.iar.yaml,"TSGTCMNRESENDPRO_SERVICE
01.00.0000",TSGTCMNRESENDPRO_SERVICE,TSGTCmnResendProcessingResults_Service,01.00.0000,GetInstanceDetails(i3),Adapter_Invoke,,,,/Instances,TSGTRESTVBCSBO_CONN,TSGTRestVBCSBO_Conn,GetInstanceDetails,
TSGTCMNRESENDPRO_SERVICE_01.00.0000.iar.yaml,"TSGTCMNRESENDPRO_SERVICE
01.00.0000",TSGTCMNRESENDPRO_SERVICE,TSGTCmnResendProcessingResults_Service,01.00.0000,GetMetadataInfo(i1),Adapter_Invoke,,,,/FWKINBOUNDINTGMETADATA,TSGTRESTVBCSBO_CONN,TSGTRestVBCSBO_Conn,GetMetadataInfo,
TSGTCMNRESENDPRO_SERVICE_01.00.0000.iar.yaml,"TSGTCMNRESENDPRO_SERVICE
01.00.0000",TSGTCMNRESENDPRO_SERVICE,TSGTCmnResendProcessingResults_Service,01.00.0000,GetOutboundMetadata(i5),Adapter_Invoke,,,,/FWKOUTBOUNDINTGMETADATA,TSGTRESTVBCSBO_CONN,TSGTRestVBCSBO_Conn,GetOutboundMetadata,
TSGTCMNRESENDPRO_SERVICE_01.00.0000.iar.yaml,"TSGTCMNRESENDPRO_SERVICE
01.00.0000",TSGTCMNRESENDPRO_SERVICE,TSGTCmnResendProcessingResults_Service,01.00.0000,GetTransactionInfo(i2),Adapter_Invoke,,,,/Transactions,TSGTRESTVBCSBO_CONN,TSGTRestVBCSBO_Conn,GetTransactionInfo,
TSGTCMNSENDESSLOGOUTPUTEMAIL_01.00.0000.iar.yaml,"TSGTCMNSENDESSLOGOUTPUTEMAIL
01.00.0000",TSGTCMNSENDESSLOGOUTPUTEMAIL,TSGTCmnSendESSLogOutputEmail,01.00.0000,SendEmailESS(i6),IntegrationAction,TSGTCMNNOTIFICAT_SERVICE,01.00.0000,TSGTCmnNotificationFwk_Service,/Notify,PRESEEDED_COLLOCATED_CONN_1741,OIC Integration,SendEmailESS,
TSGTCMNSENDESSLOGOUTPUTEMAIL_01.00.0000.iar.yaml,"TSGTCMNSENDESSLOGOUTPUTEMAIL
01.00.0000",TSGTCMNSENDESSLOGOUTPUTEMAIL,TSGTCmnSendESSLogOutputEmail,01.00.0000,DownloadESSJobDetails(i1),Adapter_Invoke,,,,,TSGTERPCLOUD_CONN,TSGTErpCloud_Conn,DownloadESSJobDetails,
TSGTCMNSENDESSLOGOUTPUTEMAIL_01.00.0000.iar.yaml,"TSGTCMNSENDESSLOGOUTPUTEMAIL
01.00.0000",TSGTCMNSENDESSLOGOUTPUTEMAIL,TSGTCmnSendESSLogOutputEmail,01.00.0000,GetDocumentData(i4),Adapter_Invoke,,,,,TSGTSOAPSCHEDSER_CONN,TSGTSoapSchedServc_Conn,GetDocumentData,
TSGTCMNSENDESSLOGOUTPUTEMAIL_01.00.0000.iar.yaml,"TSGTCMNSENDESSLOGOUTPUTEMAIL
01.00.0000",TSGTCMNSENDESSLOGOUTPUTEMAIL,TSGTCmnSendESSLogOutputEmail,01.00.0000,GetESSJobName(i0),Adapter_Invoke,,,,,TSGTERPCLOUD_CONN,TSGTErpCloud_Conn,GetESSJobName,
TSGTCMNSENDESSLOGOUTPUTEMAIL_01.00.0000.iar.yaml,"TSGTCMNSENDESSLOGOUTPUTEMAIL
01.00.0000",TSGTCMNSENDESSLOGOUTPUTEMAIL,TSGTCmnSendESSLogOutputEmail,01.00.0000,GetEssJobInstanceId(i2),Adapter_Invoke,,,,,TSGTSOAPERPBIP_CONN,TSGTSoapErpBip_Conn,GetEssJobInstanceId,
TSGTCMNSENDESSLOGOUTPUTEMAIL_01.00.0000.iar.yaml,"TSGTCMNSENDESSLOGOUTPUTEMAIL
01.00.0000",TSGTCMNSENDESSLOGOUTPUTEMAIL,TSGTCmnSendESSLogOutputEmail,01.00.0000,GetJobOutputId(i3),Adapter_Invoke,,,,,TSGTSOAPSCHEDSER_CONN,TSGTSoapSchedServc_Conn,GetJobOutputId,
TSGTCMNSFTPFILEO_SERVICE_01.00.0000.iar.yaml,"TSGTCMNSFTPFILEO_SERVICE
01.00.0000",TSGTCMNSFTPFILEO_SERVICE,TSGTCmnSFTPFileOperation_Service,01.00.0000,DeleteFile(i0),Adapter_Invoke,,,,,TSGTFTP_CONN,TSGTFtp_Conn,DeleteFile,
TSGTCMNSFTPFILEO_SERVICE_01.00.0000.iar.yaml,"TSGTCMNSFTPFILEO_SERVICE
01.00.0000",TSGTCMNSFTPFILEO_SERVICE,TSGTCmnSFTPFileOperation_Service,01.00.0000,MoveFile(i1),Adapter_Invoke,,,,,TSGTFTP_CONN,TSGTFtp_Conn,MoveFile,
TSGTCMNSFTPPURGE_SERVICE_01.00.0000.iar.yaml,"TSGTCMNSFTPPURGE_SERVICE
01.00.0000",TSGTCMNSFTPPURGE_SERVICE,TSGTCmnSFTPPurge_Service,01.00.0000,InvokeNotificationService(i5),IntegrationAction,TSGTCMNNOTIFICAT_SERVICE,01.00.0000,TSGTCmnNotificationFwk_Service,/Notify,PRESEEDED_COLLOCATED_CONN_1741,OIC Integration,InvokeNotificationService,
TSGTCMNSFTPPURGE_SERVICE_01.00.0000.iar.yaml,"TSGTCMNSFTPPURGE_SERVICE
01.00.0000",TSGTCMNSFTPPURGE_SERVICE,TSGTCmnSFTPPurge_Service,01.00.0000,InvokeFileRetentionCheck(i3),IntegrationAction,TSGTFILERETENTIONCHECK,01.00.0000,TSGTFileRetentionCheck,/,PRESEEDED_COLLOCATED_CONN_1741,OIC Integration,InvokeFileRetentionCheck,
TSGTCMNSFTPPURGE_SERVICE_01.00.0000.iar.yaml,"TSGTCMNSFTPPURGE_SERVICE
01.00.0000",TSGTCMNSFTPPURGE_SERVICE,TSGTCmnSFTPPurge_Service,01.00.0000,DeleteFile(i4),Adapter_Invoke,,,,,TSGTFTP_CONN,TSGTFtp_Conn,DeleteFile,
TSGTCMNSFTPPURGE_SERVICE_01.00.0000.iar.yaml,"TSGTCMNSFTPPURGE_SERVICE
01.00.0000",TSGTCMNSFTPPURGE_SERVICE,TSGTCmnSFTPPurge_Service,01.00.0000,GetInboundMetadata(i0),Adapter_Invoke,,,,/FWKINBOUNDINTGMETADATA,TSGTRESTVBCSBO_CONN,TSGTRestVBCSBO_Conn,GetInboundMetadata,
TSGTCMNSFTPPURGE_SERVICE_01.00.0000.iar.yaml,"TSGTCMNSFTPPURGE_SERVICE
01.00.0000",TSGTCMNSFTPPURGE_SERVICE,TSGTCmnSFTPPurge_Service,01.00.0000,GetOutboundMetadata(i1),Adapter_Invoke,,,,/FWKOUTBOUNDINTGMETADATA,TSGTRESTVBCSBO_CONN,TSGTRestVBCSBO_Conn,GetOutboundMetadata,
TSGTCMNSFTPPURGE_SERVICE_01.00.0000.iar.yaml,"TSGTCMNSFTPPURGE_SERVICE
01.00.0000",TSGTCMNSFTPPURGE_SERVICE,TSGTCmnSFTPPurge_Service,01.00.0000,ListFiles(i2),Adapter_Invoke,,,,,TSGTFTP_CONN,TSGTFtp_Conn,ListFiles,
TSGTCMNSFTPTOOBJSTORAGEMOV_SERVI_01.00.0000.iar.yaml,"TSGTCMNSFTPTOOBJSTORAGEMOV_SERVI
01.00.0000",TSGTCMNSFTPTOOBJSTORAGEMOV_SERVI,TSGTCmnSFTPtoObjectStorageMove_Service,01.00.0000,GetSourceFileFromSFTP(i2),Adapter_Invoke,,,,,TSGTFTP_CONN,TSGTFtp_Conn,GetSourceFileFromSFTP,
TSGTCMNSFTPTOOBJSTORAGEMOV_SERVI_01.00.0000.iar.yaml,"TSGTCMNSFTPTOOBJSTORAGEMOV_SERVI
01.00.0000",TSGTCMNSFTPTOOBJSTORAGEMOV_SERVI,TSGTCmnSFTPtoObjectStorageMove_Service,01.00.0000,MoveFileToBucket(i0),Adapter_Invoke,,,,/n/{namespaceName}/b/{bucketName}/o/{objectName},TSGTOBJECTSTORAG_CONN,TSGTObjectStorage_Conn,MoveFileToBucket,
TSGTCMNSRCOBJSTOTGTOBJSMO_SERVIC_01.00.0000.iar.yaml,"TSGTCMNSRCOBJSTOTGTOBJSMO_SERVIC
01.00.0000",TSGTCMNSRCOBJSTOTGTOBJSMO_SERVIC,TSGTCmnSrcObjStorageToTgtObjStorageMove_Service,01.00.0000,DeleteFileFromObjectStorage(i2),Adapter_Invoke,,,,/n/{namespacename}/b/{bucketName}/o/{objectName},TSGTOBJECTSTORAG_CONN,TSGTObjectStorage_Conn,DeleteFileFromObjectStorage,
TSGTCMNSRCOBJSTOTGTOBJSMO_SERVIC_01.00.0000.iar.yaml,"TSGTCMNSRCOBJSTOTGTOBJSMO_SERVIC
01.00.0000",TSGTCMNSRCOBJSTOTGTOBJSMO_SERVIC,TSGTCmnSrcObjStorageToTgtObjStorageMove_Service,01.00.0000,GetFileFromSourceBucket(i0),Adapter_Invoke,,,,/n/{namespace}/b/{bucketName}/o/{objectName},TSGTOBJECTSTORAG_CONN,TSGTObjectStorage_Conn,GetFileFromSourceBucket,
TSGTCMNSRCOBJSTOTGTOBJSMO_SERVIC_01.00.0000.iar.yaml,"TSGTCMNSRCOBJSTOTGTOBJSMO_SERVIC
01.00.0000",TSGTCMNSRCOBJSTOTGTOBJSMO_SERVIC,TSGTCmnSrcObjStorageToTgtObjStorageMove_Service,01.00.0000,MoveFileToBucket(i1),Adapter_Invoke,,,,/n/{namespace}/b/{bucketName}/o/{objectName},TSGTOBJECTSTORAG_CONN,TSGTObjectStorage_Conn,MoveFileToBucket,
TSGTCMNUPSERTINS_SERVICE_01.00.0002.iar.yaml,"TSGTCMNUPSERTINS_SERVICE
01.00.0002",TSGTCMNUPSERTINS_SERVICE,TSGTCmnUpsertInstanceTransaction_Service,01.00.0002,UpdateInstanceBO(i0),Adapter_Invoke,,,,/Logger/{Logger_Id}/action/updateLog,TSGTRESTVBCSBO_CONN,TSGTRestVBCSBO_Conn,UpdateInstanceBO,
TSGTCMNUPSERTINS_SERVICE_01.00.0002.iar.yaml,"TSGTCMNUPSERTINS_SERVICE
01.00.0002",TSGTCMNUPSERTINS_SERVICE,TSGTCmnUpsertInstanceTransaction_Service,01.00.0002,UpdateTransactionBoStatus(i1),Adapter_Invoke,,,,/Logger/{Logger_Id}/action/updateTransaction,TSGTRESTVBCSBO_CONN,TSGTRestVBCSBO_Conn,UpdateTransactionBoStatus,
TSGTCMNWITHPARAM_SERVICE_01.00.0000.iar.yaml,"TSGTCMNWITHPARAM_SERVICE
01.00.0000",TSGTCMNWITHPARAM_SERVICE,TSGTCmnWithParamIntg_Service,01.00.0000,InvokeCommonLauncherService(i0),IntegrationAction,TSGTCMNLAUNCHERF_SERVICE,01.00.0000,TSGTCmnLauncherFwk_Service,/invokeLauncher,PRESEEDED_COLLOCATED_CONN_1741,OIC Integration,InvokeCommonLauncherService,
TSGTCMNWITHPARAM_SERVICE_01.00.0000.iar.yaml,"TSGTCMNWITHPARAM_SERVICE
01.00.0000",TSGTCMNWITHPARAM_SERVICE,TSGTCmnWithParamIntg_Service,01.00.0000,SendNotification(i2),IntegrationAction,TSGTCMNNOTIFICAT_SERVICE,01.00.0000,TSGTCmnNotificationFwk_Service,/Notify,PRESEEDED_COLLOCATED_CONN_1741,OIC Integration,SendNotification,
TSGTCMNXRE_INTGSERVIC_OB_01.00.0000.iar.yaml,"TSGTCMNXRE_INTGSERVIC_OB
01.00.0000",TSGTCMNXRE_INTGSERVIC_OB,TSGTCmnXrefExtract_IntgService_OB,01.00.0000,InvokeLauncherService(i1),IntegrationAction,TSGTCMNLAUNCHERF_SERVICE,01.00.0000,TSGTCmnLauncherFwk_Service,/invokeLauncher,PRESEEDED_COLLOCATED_CONN_1741,OIC Integration,InvokeLauncherService,
TSGTCMNXRE_INTGSERVIC_OB_01.00.0000.iar.yaml,"TSGTCMNXRE_INTGSERVIC_OB
01.00.0000",TSGTCMNXRE_INTGSERVIC_OB,TSGTCmnXrefExtract_IntgService_OB,01.00.0000,InvokeGlobalErrorHandler(i4),IntegrationAction,TSGTCMNNOTIFICAT_SERVICE,01.00.0000,TSGTCmnNotificationFwk_Service,/Notify,PRESEEDED_COLLOCATED_CONN_1741,OIC Integration,InvokeGlobalErrorHandler,
TSGTCMNXRE_INTGSERVIC_OB_01.00.0000.iar.yaml,"TSGTCMNXRE_INTGSERVIC_OB
01.00.0000",TSGTCMNXRE_INTGSERVIC_OB,TSGTCmnXrefExtract_IntgService_OB,01.00.0000,InvokeNotification(i2),IntegrationAction,TSGTCMNNOTIFICAT_SERVICE,01.00.0000,TSGTCmnNotificationFwk_Service,/Notify,PRESEEDED_COLLOCATED_CONN_1741,OIC Integration,InvokeNotification,
TSGTCMNXRE_INTGSERVIC_OB_01.00.0000.iar.yaml,"TSGTCMNXRE_INTGSERVIC_OB
01.00.0000",TSGTCMNXRE_INTGSERVIC_OB,TSGTCmnXrefExtract_IntgService_OB,01.00.0000,GetOutboundMetadata(i5),Adapter_Invoke,,,,/FWKOUTBOUNDINTGMETADATA,TSGTRESTVBCSBO_CONN,TSGTRestVBCSBO_Conn,GetOutboundMetadata,
TSGTFAASSET_INTGSERVIC_OB_01.00.0000.iar.yaml,"TSGTFAASSET_INTGSERVIC_OB
01.00.0000",TSGTFAASSET_INTGSERVIC_OB,TSGTFAAssetNumberUpdatetoWACS_IntgService_OB,01.00.0000,InvokeCommonLauncher(i0),IntegrationAction,TSGTCMNLAUNCHERF_SERVICE,01.00.0000,TSGTCmnLauncherFwk_Service,/invokeLauncher,PRESEEDED_COLLOCATED_CONN_1741,OIC Integration,InvokeCommonLauncher,
TSGTFAASSET_INTGSERVIC_OB_01.00.0000.iar.yaml,"TSGTFAASSET_INTGSERVIC_OB
01.00.0000",TSGTFAASSET_INTGSERVIC_OB,TSGTFAAssetNumberUpdatetoWACS_IntgService_OB,01.00.0000,SendNotification(i1),IntegrationAction,TSGTCMNNOTIFICAT_SERVICE,01.00.0000,TSGTCmnNotificationFwk_Service,/Notify,PRESEEDED_COLLOCATED_CONN_1741,OIC Integration,SendNotification,
TSGTFAASSET_INTGSERVIC_OB_01.00.0000.iar.yaml,"TSGTFAASSET_INTGSERVIC_OB
01.00.0000",TSGTFAASSET_INTGSERVIC_OB,TSGTFAAssetNumberUpdatetoWACS_IntgService_OB,01.00.0000,GetMetadataFromBO(i3),Adapter_Invoke,,,,/FWKOUTBOUNDINTGMETADATA,TSGTRESTVBCSBO_CONN,TSGTRestVBCSBO_Conn,GetMetadataFromBO,
TSGTFANUMBERUPDA_SERVICE_01.00.0000.iar.yaml,"TSGTFANUMBERUPDA_SERVICE
01.00.0000",TSGTFANUMBERUPDA_SERVICE,TSGTFANumberUpdatetoWACSDispatcher_Service,01.00.0000,InvokeUploadSummaryFileToObjStg(i11),IntegrationAction,TSGTCMNFILEREFER_SERVICE,01.00.0000,TSGTCmnFileReferencetoObjectStorage_Service,/getFileFromObjectStorage,PRESEEDED_COLLOCATED_CONN_1741,OIC Integration,InvokeUploadSummaryFileToObjStg,
TSGTFANUMBERUPDA_SERVICE_01.00.0000.iar.yaml,"TSGTFANUMBERUPDA_SERVICE
01.00.0000",TSGTFANUMBERUPDA_SERVICE,TSGTFANumberUpdatetoWACSDispatcher_Service,01.00.0000,InvokeNotificationService(i13),IntegrationAction,TSGTCMNNOTIFICAT_SERVICE,01.00.0000,TSGTCmnNotificationFwk_Service,/Notify,PRESEEDED_COLLOCATED_CONN_1741,OIC Integration,InvokeNotificationService,
TSGTFANUMBERUPDA_SERVICE_01.00.0000.iar.yaml,"TSGTFANUMBERUPDA_SERVICE
01.00.0000",TSGTFANUMBERUPDA_SERVICE,TSGTFANumberUpdatetoWACSDispatcher_Service,01.00.0000,UpdInstanceBOStat(i12),IntegrationAction,TSGTCMNUPSERTINS_SERVICE,01.00.0000,TSGTCmnUpsertInstanceTransaction_Service,/UpsertInstanceTransaction,PRESEEDED_COLLOCATED_CONN_1741,OIC Integration,UpdInstanceBOStat,
TSGTFANUMBERUPDA_SERVICE_01.00.0000.iar.yaml,"TSGTFANUMBERUPDA_SERVICE
01.00.0000",TSGTFANUMBERUPDA_SERVICE,TSGTFANumberUpdatetoWACSDispatcher_Service,01.00.0000,UpdateInitLog(i2),IntegrationAction,TSGTCMNUPSERTINS_SERVICE,01.00.0000,TSGTCmnUpsertInstanceTransaction_Service,/UpsertInstanceTransaction,PRESEEDED_COLLOCATED_CONN_1741,OIC Integration,UpdateInitLog,
TSGTFANUMBERUPDA_SERVICE_01.00.0000.iar.yaml,"TSGTFANUMBERUPDA_SERVICE
01.00.0000",TSGTFANUMBERUPDA_SERVICE,TSGTFANumberUpdatetoWACSDispatcher_Service,01.00.0000,UpdateInstanceBOStatus(i7),IntegrationAction,TSGTCMNUPSERTINS_SERVICE,01.00.0000,TSGTCmnUpsertInstanceTransaction_Service,/UpsertInstanceTransaction,PRESEEDED_COLLOCATED_CONN_1741,OIC Integration,UpdateInstanceBOStatus,
TSGTFANUMBERUPDA_SERVICE_01.00.0000.iar.yaml,"TSGTFANUMBERUPDA_SERVICE
01.00.0000",TSGTFANUMBERUPDA_SERVICE,TSGTFANumberUpdatetoWACSDispatcher_Service,01.00.0000,UpdateTransactionAndInstanceLog(i4),IntegrationAction,TSGTCMNUPSERTINS_SERVICE,01.00.0000,TSGTCmnUpsertInstanceTransaction_Service,/UpsertInstanceTransaction,PRESEEDED_COLLOCATED_CONN_1741,OIC Integration,UpdateTransactionAndInstanceLog,
TSGTFANUMBERUPDA_SERVICE_01.00.0000.iar.yaml,"TSGTFANUMBERUPDA_SERVICE
01.00.0000",TSGTFANUMBERUPDA_SERVICE,TSGTFANumberUpdatetoWACSDispatcher_Service,01.00.0000,GetFileFromBucket(i14),Adapter_Invoke,,,,/n/{nameSpaceName}/b/{bucketName}/o/{objectName},TSGTOBJECTSTORAG_CONN,TSGTObjectStorage_Conn,GetFileFromBucket,
TSGTFANUMBERUPDA_SERVICE_01.00.0000.iar.yaml,"TSGTFANUMBERUPDA_SERVICE
01.00.0000",TSGTFANUMBERUPDA_SERVICE,TSGTFANumberUpdatetoWACSDispatcher_Service,01.00.0000,GetInstanceCount(i9),Adapter_Invoke,,,,/Logger/{Logger_Id}/action/getInstanceCount,TSGTRESTVBCSBO_CONN,TSGTRestVBCSBO_Conn,GetInstanceCount,
TSGTFANUMBERUPDA_SERVICE_01.00.0000.iar.yaml,"TSGTFANUMBERUPDA_SERVICE
01.00.0000",TSGTFANUMBERUPDA_SERVICE,TSGTFANumberUpdatetoWACSDispatcher_Service,01.00.0000,GetInstanceDetails(i6),Adapter_Invoke,,,,/Instances,TSGTRESTVBCSBO_CONN,TSGTRestVBCSBO_Conn,GetInstanceDetails,
TSGTFANUMBERUPDA_SERVICE_01.00.0000.iar.yaml,"TSGTFANUMBERUPDA_SERVICE
01.00.0000",TSGTFANUMBERUPDA_SERVICE,TSGTFANumberUpdatetoWACSDispatcher_Service,01.00.0000,GetInstanceDetailsForReprocess(i10),Adapter_Invoke,,,,/Instances,TSGTRESTVBCSBO_CONN,TSGTRestVBCSBO_Conn,GetInstanceDetailsForReprocess,
TSGTFANUMBERUPDA_SERVICE_01.00.0000.iar.yaml,"TSGTFANUMBERUPDA_SERVICE
01.00.0000",TSGTFANUMBERUPDA_SERVICE,TSGTFANumberUpdatetoWACSDispatcher_Service,01.00.0000,GetInstanceDtls(i8),Adapter_Invoke,,,,/Instances,TSGTRESTVBCSBO_CONN,TSGTRestVBCSBO_Conn,GetInstanceDtls,
TSGTFANUMBERUPDA_SERVICE_01.00.0000.iar.yaml,"TSGTFANUMBERUPDA_SERVICE
01.00.0000",TSGTFANUMBERUPDA_SERVICE,TSGTFANumberUpdatetoWACSDispatcher_Service,01.00.0000,GetLastRunDateBIP(i0),Adapter_Invoke,,,,,TSGTSOAPERPBIP_CONN,TSGTSoapErpBip_Conn,GetLastRunDateBIP,
TSGTFANUMBERUPDA_SERVICE_01.00.0000.iar.yaml,"TSGTFANUMBERUPDA_SERVICE
01.00.0000",TSGTFANUMBERUPDA_SERVICE,TSGTFANumberUpdatetoWACSDispatcher_Service,01.00.0000,GetMetaDatafromBO(i16),Adapter_Invoke,,,,/FWKOUTBOUNDINTGMETADATA,TSGTRESTVBCSBO_CONN,TSGTRestVBCSBO_Conn,GetMetaDatafromBO,
TSGTFANUMBERUPDA_SERVICE_01.00.0000.iar.yaml,"TSGTFANUMBERUPDA_SERVICE
01.00.0000",TSGTFANUMBERUPDA_SERVICE,TSGTFANumberUpdatetoWACSDispatcher_Service,01.00.0000,GetTransactionDetails(i1),Adapter_Invoke,,,,/Transactions,TSGTRESTVBCSBO_CONN,TSGTRestVBCSBO_Conn,GetTransactionDetails,
TSGTFANUMBERUPDA_SERVICE_01.00.0000.iar.yaml,"TSGTFANUMBERUPDA_SERVICE
01.00.0000",TSGTFANUMBERUPDA_SERVICE,TSGTFANumberUpdatetoWACSDispatcher_Service,01.00.0000,UpdateDFFInFA(i15),Adapter_Invoke,,,,,TSGTERPCLOUD_CONN,TSGTErpCloud_Conn,UpdateDFFInFA,
TSGTFANUMBERUPDA_SERVICE_01.00.0000.iar.yaml,"TSGTFANUMBERUPDA_SERVICE
01.00.0000",TSGTFANUMBERUPDA_SERVICE,TSGTFANumberUpdatetoWACSDispatcher_Service,01.00.0000,UpdateFAAssetNumber(i3),Adapter_Invoke,,,,https://us-phoenix-1.utilities-cloud.oracleindustry.com:443/c2g65p/prod/wac/rest/apis/cm/asset/asset/,OUTL-BRT-REST-WACS_WACSERPPIM,Oracle Utilities REST WACS for WACS-ERPPIM,UpdateFAAssetNumber,
TSGTFANUMBERUPDA_SERVICE_01.00.0000.iar.yaml,"TSGTFANUMBERUPDA_SERVICE
01.00.0000",TSGTFANUMBERUPDA_SERVICE,TSGTFANumberUpdatetoWACSDispatcher_Service,01.00.0000,UpdateLastrunDateinBO(i5),Adapter_Invoke,,,,/FWKOUTBOUNDINTGMETADATA/{Id},TSGTRESTVBCSBO_CONN,TSGTRestVBCSBO_Conn,UpdateLastrunDateinBO,
TSGTFLIGHT_INTGSERVIC_IB_01.00.0000.iar.yaml,"TSGTFLIGHT_INTGSERVIC_IB
01.00.0000",TSGTFLIGHT_INTGSERVIC_IB,TSGTFlightMiscCostImport_IntgService_IB,01.00.0000,InvokeCommonLauncher(i0),IntegrationAction,TSGTCMNLAUNCHERF_SERVICE,01.00.0000,TSGTCmnLauncherFwk_Service,/invokeLauncher,PRESEEDED_COLLOCATED_CONN_1741,OIC Integration,InvokeCommonLauncher,
TSGTFLIGHT_INTGSERVIC_IB_01.00.0000.iar.yaml,"TSGTFLIGHT_INTGSERVIC_IB
01.00.0000",TSGTFLIGHT_INTGSERVIC_IB,TSGTFlightMiscCostImport_IntgService_IB,01.00.0000,SendNotification(i1),IntegrationAction,TSGTCMNNOTIFICAT_SERVICE,01.00.0000,TSGTCmnNotificationFwk_Service,/Notify,PRESEEDED_COLLOCATED_CONN_1741,OIC Integration,SendNotification,
TSGTFLIGHT_INTGSERVIC_IB_01.00.0000.iar.yaml,"TSGTFLIGHT_INTGSERVIC_IB
01.00.0000",TSGTFLIGHT_INTGSERVIC_IB,TSGTFlightMiscCostImport_IntgService_IB,01.00.0000,GetMetadataFromBO(i3),Adapter_Invoke,,,,/FWKINBOUNDINTGMETADATA,TSGTRESTVBCSBO_CONN,TSGTRestVBCSBO_Conn,GetMetadataFromBO,
TSGTHAZARDITEMEXTR_INTGSERVIC_OB_01.00.0000.iar.yaml,"TSGTHAZARDITEMEXTR_INTGSERVIC_OB
01.00.0000",TSGTHAZARDITEMEXTR_INTGSERVIC_OB,TSGTHazardousItemExtract_IntgService_OB,01.00.0000,InvokeCommonLauncher(i0),IntegrationAction,TSGTCMNLAUNCHERF_SERVICE,01.00.0000,TSGTCmnLauncherFwk_Service,/invokeLauncher,PRESEEDED_COLLOCATED_CONN_1741,OIC Integration,InvokeCommonLauncher,
TSGTHAZARDITEMEXTR_INTGSERVIC_OB_01.00.0000.iar.yaml,"TSGTHAZARDITEMEXTR_INTGSERVIC_OB
01.00.0000",TSGTHAZARDITEMEXTR_INTGSERVIC_OB,TSGTHazardousItemExtract_IntgService_OB,01.00.0000,SendNotification(i1),IntegrationAction,TSGTCMNNOTIFICAT_SERVICE,01.00.0000,TSGTCmnNotificationFwk_Service,/Notify,PRESEEDED_COLLOCATED_CONN_1741,OIC Integration,SendNotification,
TSGTHAZARDITEMEXTR_INTGSERVIC_OB_01.00.0000.iar.yaml,"TSGTHAZARDITEMEXTR_INTGSERVIC_OB
01.00.0000",TSGTHAZARDITEMEXTR_INTGSERVIC_OB,TSGTHazardousItemExtract_IntgService_OB,01.00.0000,GetMetadataFromBO(i3),Adapter_Invoke,,,,/FWKOUTBOUNDINTGMETADATA,TSGTRESTVBCSBO_CONN,TSGTRestVBCSBO_Conn,GetMetadataFromBO,
TSGTHCMOTLSNAP_SERVICE_01.00.0001.iar.yaml,"TSGTHCMOTLSNAP_SERVICE
01.00.0001",TSGTHCMOTLSNAP_SERVICE,TSGTHcmOTLSnap_Service,01.00.0001,GetDatabanks(i0),Adapter_Invoke,,,,/Api/V2/DataBanks,TSGTSNAPREST_CONN,TsgtSnapRest_Conn,GetDatabanks,
TSGTHCMOTLSNAP_SERVICE_01.00.0001.iar.yaml,"TSGTHCMOTLSNAP_SERVICE
01.00.0001",TSGTHCMOTLSNAP_SERVICE,TSGTHcmOTLSnap_Service,01.00.0001,GetEmployees(i1),Adapter_Invoke,,,,/Api/V2/DataBanks/{DatabankId}/Employees,TSGTSNAPREST_CONN,TsgtSnapRest_Conn,GetEmployees,
TSGTHCMOTLSNAP_SERVICE_01.00.0001.iar.yaml,"TSGTHCMOTLSNAP_SERVICE
01.00.0001",TSGTHCMOTLSNAP_SERVICE,TSGTHcmOTLSnap_Service,01.00.0001,createTransaction(i2),Adapter_Invoke,,,,/Api/V2/DataBanks/{DataBankId}/Employees/{EmployeeId}/Transactions,TSGTSNAPREST_CONN,TsgtSnapRest_Conn,createTransaction,
TSGTHCMOTLSNAP_SERVICE_01.00.0001.iar.yaml,"TSGTHCMOTLSNAP_SERVICE
01.00.0001",TSGTHCMOTLSNAP_SERVICE,TSGTHcmOTLSnap_Service,01.00.0001,getSourceFilefromObjectStorage(i4),Adapter_Invoke,,,,/n/{nameSpaceName}/b/{bucketName}/o/{objectName},TSGTOBJECTSTORAG_CONN,TSGTObjectStorage_Conn,getSourceFilefromObjectStorage,
TSGTHCMOTLSNAP_SERVICE_01.00.0001.iar.yaml,"TSGTHCMOTLSNAP_SERVICE
01.00.0001",TSGTHCMOTLSNAP_SERVICE,TSGTHcmOTLSnap_Service,01.00.0001,insertNewInstance(i5),Adapter_Invoke,,,,/Logger/{Logger_Id}/action/insertLog ,TSGTRESTVBCSBO_CONN,TSGTRestVBCSBO_Conn,insertNewInstance,
TSGTHCMOTLSNAP_SERVICE_01.00.0001.iar.yaml,"TSGTHCMOTLSNAP_SERVICE
01.00.0001",TSGTHCMOTLSNAP_SERVICE,TSGTHcmOTLSnap_Service,01.00.0001,uploadStatusFileToObjectStorage(i3),Adapter_Invoke,,,,/n/{nameSpaceName}/b/{bucketName}/o/{objectName} ,TSGTOBJECTSTORAG_CONN,TSGTObjectStorage_Conn,uploadStatusFileToObjectStorage,
TSGTHCMSAASTRANS_SERVICE_01.01.0000.iar.yaml,"TSGTHCMSAASTRANS_SERVICE
01.01.0000",TSGTHCMSAASTRANS_SERVICE,TSGTHcmSaasTransformation_Service,01.01.0000,InvokeErrorNotification(i25),IntegrationAction,TSGTCMNHCMNOTIFI_SERVICE,01.01.0002,TSGTCmnHcmNotification_Service,/notification,PRESEEDED_COLLOCATED_CONN_1741,OIC Integration,InvokeErrorNotification,
TSGTHCMSAASTRANS_SERVICE_01.01.0000.iar.yaml,"TSGTHCMSAASTRANS_SERVICE
01.01.0000",TSGTHCMSAASTRANS_SERVICE,TSGTHcmSaasTransformation_Service,01.01.0000,InvokeNotification(i15),IntegrationAction,TSGTCMNHCMNOTIFI_SERVICE,01.01.0002,TSGTCmnHcmNotification_Service,/notification,PRESEEDED_COLLOCATED_CONN_1741,OIC Integration,InvokeNotification,
TSGTHCMSAASTRANS_SERVICE_01.01.0000.iar.yaml,"TSGTHCMSAASTRANS_SERVICE
01.01.0000",TSGTHCMSAASTRANS_SERVICE,TSGTHcmSaasTransformation_Service,01.01.0000,InvokeObjectStorageErrorNotifications(i39),IntegrationAction,TSGTCMNHCMNOTIFI_SERVICE,01.01.0002,TSGTCmnHcmNotification_Service,/notification,PRESEEDED_COLLOCATED_CONN_1741,OIC Integration,InvokeObjectStorageErrorNotifications,
TSGTHCMSAASTRANS_SERVICE_01.01.0000.iar.yaml,"TSGTHCMSAASTRANS_SERVICE
01.01.0000",TSGTHCMSAASTRANS_SERVICE,TSGTHcmSaasTransformation_Service,01.01.0000,InvokeSuccessNotification(i7),IntegrationAction,TSGTCMNHCMNOTIFI_SERVICE,01.01.0002,TSGTCmnHcmNotification_Service,/notification,PRESEEDED_COLLOCATED_CONN_1741,OIC Integration,InvokeSuccessNotification,
TSGTHCMSAASTRANS_SERVICE_01.01.0000.iar.yaml,"TSGTHCMSAASTRANS_SERVICE
01.01.0000",TSGTHCMSAASTRANS_SERVICE,TSGTHcmSaasTransformation_Service,01.01.0000,InvokeUpdateErrorNotification(i33),IntegrationAction,TSGTCMNHCMNOTIFI_SERVICE,01.01.0002,TSGTCmnHcmNotification_Service,/notification,PRESEEDED_COLLOCATED_CONN_1741,OIC Integration,InvokeUpdateErrorNotification,
TSGTHCMSAASTRANS_SERVICE_01.01.0000.iar.yaml,"TSGTHCMSAASTRANS_SERVICE
01.01.0000",TSGTHCMSAASTRANS_SERVICE,TSGTHcmSaasTransformation_Service,01.01.0000,DeleteFileFromRAWBucket(i6),Adapter_Invoke,,,,/n/{nameSpaceName}/b/{bucketName}/o/{objectName},TSGTOBJECTSTORAG_CONN,TSGTObjectStorage_Conn,DeleteFileFromRAWBucket,
TSGTHCMSAASTRANS_SERVICE_01.01.0000.iar.yaml,"TSGTHCMSAASTRANS_SERVICE
01.01.0000",TSGTHCMSAASTRANS_SERVICE,TSGTHcmSaasTransformation_Service,01.01.0000,DeleteRawFile(i30),Adapter_Invoke,,,,/n/{namespaceName}/b/{bucketName}/o/{objectName},TSGTOBJECTSTORAG_CONN,TSGTObjectStorage_Conn,DeleteRawFile,
TSGTHCMSAASTRANS_SERVICE_01.01.0000.iar.yaml,"TSGTHCMSAASTRANS_SERVICE
01.01.0000",TSGTHCMSAASTRANS_SERVICE,TSGTHcmSaasTransformation_Service,01.01.0000,DeleteStagedFile(i24),Adapter_Invoke,,,,/n/{nameSpaceName}/b/{bucketName}/o/{objectName},TSGTOBJECTSTORAG_CONN,TSGTObjectStorage_Conn,DeleteStagedFile,
TSGTHCMSAASTRANS_SERVICE_01.01.0000.iar.yaml,"TSGTHCMSAASTRANS_SERVICE
01.01.0000",TSGTHCMSAASTRANS_SERVICE,TSGTHcmSaasTransformation_Service,01.01.0000,GetAllInstaces(i34),Adapter_Invoke,,,,/Instances,TSGTRESTVBCSBO_CONN,TSGTRestVBCSBO_Conn,GetAllInstaces,
TSGTHCMSAASTRANS_SERVICE_01.01.0000.iar.yaml,"TSGTHCMSAASTRANS_SERVICE
01.01.0000",TSGTHCMSAASTRANS_SERVICE,TSGTHcmSaasTransformation_Service,01.01.0000,GetFileFromEnriched(i20),Adapter_Invoke,,,,/n/{nameSpaceName}/b/{bucketName}/o/{objectName},TSGTOBJECTSTORAG_CONN,TSGTObjectStorage_Conn,GetFileFromEnriched,
TSGTHCMSAASTRANS_SERVICE_01.01.0000.iar.yaml,"TSGTHCMSAASTRANS_SERVICE
01.01.0000",TSGTHCMSAASTRANS_SERVICE,TSGTHcmSaasTransformation_Service,01.01.0000,GetHCMPayrollReport(i0),Adapter_Invoke,,,,,TSGTSOAPHCMBIP_CONN,TSGTSoapHcmBip_Conn,GetHCMPayrollReport,
TSGTHCMSAASTRANS_SERVICE_01.01.0000.iar.yaml,"TSGTHCMSAASTRANS_SERVICE
01.01.0000",TSGTHCMSAASTRANS_SERVICE,TSGTHcmSaasTransformation_Service,01.01.0000,GetInboundMetadataFromBO(i14),Adapter_Invoke,,,,/FWKINBOUNDINTGMETADATA,TSGTRESTVBCSBO_CONN,TSGTRestVBCSBO_Conn,GetInboundMetadataFromBO,
TSGTHCMSAASTRANS_SERVICE_01.01.0000.iar.yaml,"TSGTHCMSAASTRANS_SERVICE
01.01.0000",TSGTHCMSAASTRANS_SERVICE,TSGTHcmSaasTransformation_Service,01.01.0000,GetRawFile(i21),Adapter_Invoke,,,,/n/{namespaceName}/b/{bucketName}/o/{objectName},TSGTOBJECTSTORAG_CONN,TSGTObjectStorage_Conn,GetRawFile,
TSGTHCMSAASTRANS_SERVICE_01.01.0000.iar.yaml,"TSGTHCMSAASTRANS_SERVICE
01.01.0000",TSGTHCMSAASTRANS_SERVICE,TSGTHcmSaasTransformation_Service,01.01.0000,HCMDataLoad(i1),Adapter_Invoke,,,,,TSGTADAPTERHCM_CONN,TSGTAdapterHcm_Conn,HCMDataLoad,
TSGTHCMSAASTRANS_SERVICE_01.01.0000.iar.yaml,"TSGTHCMSAASTRANS_SERVICE
01.01.0000",TSGTHCMSAASTRANS_SERVICE,TSGTHcmSaasTransformation_Service,01.01.0000,InvokeHCMPayrollFlow(i8),Adapter_Invoke,,,,,TSGTADAPTERHCM_CONN,TSGTAdapterHcm_Conn,InvokeHCMPayrollFlow,
TSGTHCMSAASTRANS_SERVICE_01.01.0000.iar.yaml,"TSGTHCMSAASTRANS_SERVICE
01.01.0000",TSGTHCMSAASTRANS_SERVICE,TSGTHcmSaasTransformation_Service,01.01.0000,InvokeHDLSummaryReport(i13),Adapter_Invoke,,,,,TSGTSOAPHCMBIP_CONN,TSGTSoapHcmBip_Conn,InvokeHDLSummaryReport,
TSGTHCMSAASTRANS_SERVICE_01.01.0000.iar.yaml,"TSGTHCMSAASTRANS_SERVICE
01.01.0000",TSGTHCMSAASTRANS_SERVICE,TSGTHcmSaasTransformation_Service,01.01.0000,MoveFileError(i26),Adapter_Invoke,,,,/n/{namespaceName}/b/{bucketName}/o/{objectName},TSGTOBJECTSTORAG_CONN,TSGTObjectStorage_Conn,MoveFileError,
TSGTHCMSAASTRANS_SERVICE_01.01.0000.iar.yaml,"TSGTHCMSAASTRANS_SERVICE
01.01.0000",TSGTHCMSAASTRANS_SERVICE,TSGTHcmSaasTransformation_Service,01.01.0000,MoveFileToError(i29),Adapter_Invoke,,,,/n/{nameSpaceName}/b/{bucketName}/o/{objectName},TSGTOBJECTSTORAG_CONN,TSGTObjectStorage_Conn,MoveFileToError,
TSGTHCMSAASTRANS_SERVICE_01.01.0000.iar.yaml,"TSGTHCMSAASTRANS_SERVICE
01.01.0000",TSGTHCMSAASTRANS_SERVICE,TSGTHcmSaasTransformation_Service,01.01.0000,MovePartialFileToError(i11),Adapter_Invoke,,,,/n/{nameSpaceName}/b/{bucketName}/o/{objectName},TSGTOBJECTSTORAG_CONN,TSGTObjectStorage_Conn,MovePartialFileToError,
TSGTHCMSAASTRANS_SERVICE_01.01.0000.iar.yaml,"TSGTHCMSAASTRANS_SERVICE
01.01.0000",TSGTHCMSAASTRANS_SERVICE,TSGTHcmSaasTransformation_Service,01.01.0000,ObjStrGetSourceFile(i9),Adapter_Invoke,,,,/n/{nameSpaceName}/b/{bucketName}/o/{objectName},TSGTOBJECTSTORAG_CONN,TSGTObjectStorage_Conn,ObjStrGetSourceFile,
TSGTHCMSAASTRANS_SERVICE_01.01.0000.iar.yaml,"TSGTHCMSAASTRANS_SERVICE
01.01.0000",TSGTHCMSAASTRANS_SERVICE,TSGTHcmSaasTransformation_Service,01.01.0000,UpdateContentID(i35),Adapter_Invoke,,,,/Logger/{Logger_Id}/action/updateLog,TSGTRESTVBCSBO_CONN,TSGTRestVBCSBO_Conn,UpdateContentID,
TSGTHCMSAASTRANS_SERVICE_01.01.0000.iar.yaml,"TSGTHCMSAASTRANS_SERVICE
01.01.0000",TSGTHCMSAASTRANS_SERVICE,TSGTHcmSaasTransformation_Service,01.01.0000,UpdateContentIDTrnx(i37),Adapter_Invoke,,,,/Logger/{Logger_Id}/action/updateTransaction,TSGTRESTVBCSBO_CONN,TSGTRestVBCSBO_Conn,UpdateContentIDTrnx,
TSGTHCMSAASTRANS_SERVICE_01.01.0000.iar.yaml,"TSGTHCMSAASTRANS_SERVICE
01.01.0000",TSGTHCMSAASTRANS_SERVICE,TSGTHcmSaasTransformation_Service,01.01.0000,UpdateContentIDlog(i36),Adapter_Invoke,,,,/Logger/{Logger_Id}/action/updateLog,TSGTRESTVBCSBO_CONN,TSGTRestVBCSBO_Conn,UpdateContentIDlog,
TSGTHCMSAASTRANS_SERVICE_01.01.0000.iar.yaml,"TSGTHCMSAASTRANS_SERVICE
01.01.0000",TSGTHCMSAASTRANS_SERVICE,TSGTHcmSaasTransformation_Service,01.01.0000,UpdateInstanceErrorFilename(i28),Adapter_Invoke,,,,/Logger/{Logger_Id}/action/updateInstanceErrorFilenames,TSGTRESTVBCSBO_CONN,TSGTRestVBCSBO_Conn,UpdateInstanceErrorFilename,
TSGTHCMSAASTRANS_SERVICE_01.01.0000.iar.yaml,"TSGTHCMSAASTRANS_SERVICE
01.01.0000",TSGTHCMSAASTRANS_SERVICE,TSGTHcmSaasTransformation_Service,01.01.0000,UpdateInstanceLogError(i23),Adapter_Invoke,,,,/Logger/{Logger_Id}/action/updateLog,TSGTRESTVBCSBO_CONN,TSGTRestVBCSBO_Conn,UpdateInstanceLogError,
TSGTHCMSAASTRANS_SERVICE_01.01.0000.iar.yaml,"TSGTHCMSAASTRANS_SERVICE
01.01.0000",TSGTHCMSAASTRANS_SERVICE,TSGTHcmSaasTransformation_Service,01.01.0000,UpdateInstancePStatus(i31),Adapter_Invoke,,,,/Logger/{Logger_Id}/action/updateLog,TSGTRESTVBCSBO_CONN,TSGTRestVBCSBO_Conn,UpdateInstancePStatus,
TSGTHCMSAASTRANS_SERVICE_01.01.0000.iar.yaml,"TSGTHCMSAASTRANS_SERVICE
01.01.0000",TSGTHCMSAASTRANS_SERVICE,TSGTHcmSaasTransformation_Service,01.01.0000,UpdateInstancePStatusSuccess(i17),Adapter_Invoke,,,,/Logger/{Logger_Id}/action/updateLog,TSGTRESTVBCSBO_CONN,TSGTRestVBCSBO_Conn,UpdateInstancePStatusSuccess,
TSGTHCMSAASTRANS_SERVICE_01.01.0000.iar.yaml,"TSGTHCMSAASTRANS_SERVICE
01.01.0000",TSGTHCMSAASTRANS_SERVICE,TSGTHcmSaasTransformation_Service,01.01.0000,UpdateLog(i4),Adapter_Invoke,,,,/Logger/{Logger_Id}/action/updateLog,TSGTRESTVBCSBO_CONN,TSGTRestVBCSBO_Conn,UpdateLog,
TSGTHCMSAASTRANS_SERVICE_01.01.0000.iar.yaml,"TSGTHCMSAASTRANS_SERVICE
01.01.0000",TSGTHCMSAASTRANS_SERVICE,TSGTHcmSaasTransformation_Service,01.01.0000,UpdateParamsinBO(i41),Adapter_Invoke,,,,/Logger/{Logger_Id}/action/updateLog,TSGTRESTVBCSBO_CONN,TSGTRestVBCSBO_Conn,UpdateParamsinBO,
TSGTHCMSAASTRANS_SERVICE_01.01.0000.iar.yaml,"TSGTHCMSAASTRANS_SERVICE
01.01.0000",TSGTHCMSAASTRANS_SERVICE,TSGTHcmSaasTransformation_Service,01.01.0000,UpdateTransactionCompletedError(i27),Adapter_Invoke,,,,/Logger/{Logger_Id}/action/updateTransaction,TSGTRESTVBCSBO_CONN,TSGTRestVBCSBO_Conn,UpdateTransactionCompletedError,
TSGTHCMSAASTRANS_SERVICE_01.01.0000.iar.yaml,"TSGTHCMSAASTRANS_SERVICE
01.01.0000",TSGTHCMSAASTRANS_SERVICE,TSGTHcmSaasTransformation_Service,01.01.0000,UpdateTransactionError(i2),Adapter_Invoke,,,,/Logger/{Logger_Id}/action/updateTransaction,TSGTRESTVBCSBO_CONN,TSGTRestVBCSBO_Conn,UpdateTransactionError,
TSGTHCMSAASTRANS_SERVICE_01.01.0000.iar.yaml,"TSGTHCMSAASTRANS_SERVICE
01.01.0000",TSGTHCMSAASTRANS_SERVICE,TSGTHcmSaasTransformation_Service,01.01.0000,UpdateTransactionFowError(i22),Adapter_Invoke,,,,/Logger/{Logger_Id}/action/updateTransaction,TSGTRESTVBCSBO_CONN,TSGTRestVBCSBO_Conn,UpdateTransactionFowError,
TSGTHCMSAASTRANS_SERVICE_01.01.0000.iar.yaml,"TSGTHCMSAASTRANS_SERVICE
01.01.0000",TSGTHCMSAASTRANS_SERVICE,TSGTHcmSaasTransformation_Service,01.01.0000,UpdateTransactionPartial(i32),Adapter_Invoke,,,,/Logger/{Logger_Id}/action/updateTransaction,TSGTRESTVBCSBO_CONN,TSGTRestVBCSBO_Conn,UpdateTransactionPartial,
TSGTHCMSAASTRANS_SERVICE_01.01.0000.iar.yaml,"TSGTHCMSAASTRANS_SERVICE
01.01.0000",TSGTHCMSAASTRANS_SERVICE,TSGTHcmSaasTransformation_Service,01.01.0000,UpdateTransactionStatus(i5),Adapter_Invoke,,,,/Logger/{Logger_Id}/action/updateTransaction,TSGTRESTVBCSBO_CONN,TSGTRestVBCSBO_Conn,UpdateTransactionStatus,
TSGTHCMSAASTRANS_SERVICE_01.01.0000.iar.yaml,"TSGTHCMSAASTRANS_SERVICE
01.01.0000",TSGTHCMSAASTRANS_SERVICE,TSGTHcmSaasTransformation_Service,01.01.0000,UpdateTransactionSuccess(i18),Adapter_Invoke,,,,/Logger/{Logger_Id}/action/updateTransaction,TSGTRESTVBCSBO_CONN,TSGTRestVBCSBO_Conn,UpdateTransactionSuccess,
TSGTHCMSAASTRANS_SERVICE_01.01.0000.iar.yaml,"TSGTHCMSAASTRANS_SERVICE
01.01.0000",TSGTHCMSAASTRANS_SERVICE,TSGTHcmSaasTransformation_Service,01.01.0000,UpdatelogFlowName(i38),Adapter_Invoke,,,,/Logger/{Logger_Id}/action/updateLog,TSGTRESTVBCSBO_CONN,TSGTRestVBCSBO_Conn,UpdatelogFlowName,
TSGTHCMSAASTRANS_SERVICE_01.01.0000.iar.yaml,"TSGTHCMSAASTRANS_SERVICE
01.01.0000",TSGTHCMSAASTRANS_SERVICE,TSGTHcmSaasTransformation_Service,01.01.0000,UploadFileToError(i16),Adapter_Invoke,,,,/n/{nameSpaceName}/b/{bucketName}/o/{objectName},TSGTOBJECTSTORAG_CONN,TSGTObjectStorage_Conn,UploadFileToError,
TSGTHCMSAASTRANS_SERVICE_01.01.0000.iar.yaml,"TSGTHCMSAASTRANS_SERVICE
01.01.0000",TSGTHCMSAASTRANS_SERVICE,TSGTHcmSaasTransformation_Service,01.01.0000,UploadFileToSuccess(i19),Adapter_Invoke,,,,/n/{nameSpaceName}/b/{bucketName}/o/{objectName},TSGTOBJECTSTORAG_CONN,TSGTObjectStorage_Conn,UploadFileToSuccess,
TSGTHCMSAASTRANS_SERVICE_01.01.0000.iar.yaml,"TSGTHCMSAASTRANS_SERVICE
01.01.0000",TSGTHCMSAASTRANS_SERVICE,TSGTHcmSaasTransformation_Service,01.01.0000,UploadFileToUCM(i12),Adapter_Invoke,,,,,TSGTADAPTERHCM_CONN,TSGTAdapterHcm_Conn,UploadFileToUCM,
TSGTHCMSAASTRANS_SERVICE_01.01.0000.iar.yaml,"TSGTHCMSAASTRANS_SERVICE
01.01.0000",TSGTHCMSAASTRANS_SERVICE,TSGTHcmSaasTransformation_Service,01.01.0000,UploadHDLSummaryToArchive(i3),Adapter_Invoke,,,,/n/{nameSpaceName}/b/{bucketName}/o/{objectName},TSGTOBJECTSTORAG_CONN,TSGTObjectStorage_Conn,UploadHDLSummaryToArchive,
TSGTHCMSAASTRANS_SERVICE_01.01.0000.iar.yaml,"TSGTHCMSAASTRANS_SERVICE
01.01.0000",TSGTHCMSAASTRANS_SERVICE,TSGTHcmSaasTransformation_Service,01.01.0000,uploadFileToObjectStorage(i10),Adapter_Invoke,,,,/n/{nameSpaceName}/b/{bucketName}/o/{objectName},TSGTOBJECTSTORAG_CONN,TSGTObjectStorage_Conn,uploadFileToObjectStorage,
TSGTINVERPONHAND_SERVICE_01.00.0000.iar.yaml,"TSGTINVERPONHAND_SERVICE
01.00.0000",TSGTINVERPONHAND_SERVICE,TSGTInvErpOnHandDataSyncDispatcherObFwk_Service,01.00.0000,InvokeNotificationService(i13),IntegrationAction,TSGTCMNNOTIFICAT_SERVICE,01.00.0000,TSGTCmnNotificationFwk_Service,/Notify,PRESEEDED_COLLOCATED_CONN_1741,OIC Integration,InvokeNotificationService,
TSGTINVERPONHAND_SERVICE_01.00.0000.iar.yaml,"TSGTINVERPONHAND_SERVICE
01.00.0000",TSGTINVERPONHAND_SERVICE,TSGTInvErpOnHandDataSyncDispatcherObFwk_Service,01.00.0000,UpdInstanceBOStat(i12),IntegrationAction,TSGTCMNUPSERTINS_SERVICE,01.00.0000,TSGTCmnUpsertInstanceTransaction_Service,/UpsertInstanceTransaction,PRESEEDED_COLLOCATED_CONN_1741,OIC Integration,UpdInstanceBOStat,
TSGTINVERPONHAND_SERVICE_01.00.0000.iar.yaml,"TSGTINVERPONHAND_SERVICE
01.00.0000",TSGTINVERPONHAND_SERVICE,TSGTInvErpOnHandDataSyncDispatcherObFwk_Service,01.00.0000,UpdateInitLog(i2),IntegrationAction,TSGTCMNUPSERTINS_SERVICE,01.00.0000,TSGTCmnUpsertInstanceTransaction_Service,/UpsertInstanceTransaction,PRESEEDED_COLLOCATED_CONN_1741,OIC Integration,UpdateInitLog,
TSGTINVERPONHAND_SERVICE_01.00.0000.iar.yaml,"TSGTINVERPONHAND_SERVICE
01.00.0000",TSGTINVERPONHAND_SERVICE,TSGTInvErpOnHandDataSyncDispatcherObFwk_Service,01.00.0000,UpdateInstanceBOStatus(i7),IntegrationAction,TSGTCMNUPSERTINS_SERVICE,01.00.0000,TSGTCmnUpsertInstanceTransaction_Service,/UpsertInstanceTransaction,PRESEEDED_COLLOCATED_CONN_1741,OIC Integration,UpdateInstanceBOStatus,
TSGTINVERPONHAND_SERVICE_01.00.0000.iar.yaml,"TSGTINVERPONHAND_SERVICE
01.00.0000",TSGTINVERPONHAND_SERVICE,TSGTInvErpOnHandDataSyncDispatcherObFwk_Service,01.00.0000,UpdateTransactionAndInstanceLog(i4),IntegrationAction,TSGTCMNUPSERTINS_SERVICE,01.00.0000,TSGTCmnUpsertInstanceTransaction_Service,/UpsertInstanceTransaction,PRESEEDED_COLLOCATED_CONN_1741,OIC Integration,UpdateTransactionAndInstanceLog,
TSGTINVERPONHAND_SERVICE_01.00.0000.iar.yaml,"TSGTINVERPONHAND_SERVICE
01.00.0000",TSGTINVERPONHAND_SERVICE,TSGTInvErpOnHandDataSyncDispatcherObFwk_Service,01.00.0000,ErrorHandler(i11),IntegrationAction,UIC_CMN_ERRORHAN_SERVICE,01.00.0001,,https://prod-axeufspbztar-px.integration.ocp.oraclecloud.com:443/ic/api/integration/v1/flows/rest/UIC_CMN_ERRORHAN_SERVICE/1.0/ErrorHandler,PRESEEDED_COLLOCATED_CONN_1741,OIC Integration,ErrorHandler,
TSGTINVERPONHAND_SERVICE_01.00.0000.iar.yaml,"TSGTINVERPONHAND_SERVICE
01.00.0000",TSGTINVERPONHAND_SERVICE,TSGTInvErpOnHandDataSyncDispatcherObFwk_Service,01.00.0000,GetFileFromBucket(i14),Adapter_Invoke,,,,/n/{nameSpaceName}/b/{bucketName}/o/{objectName},TSGTOBJECTSTORAG_CONN,TSGTObjectStorage_Conn,GetFileFromBucket,
TSGTINVERPONHAND_SERVICE_01.00.0000.iar.yaml,"TSGTINVERPONHAND_SERVICE
01.00.0000",TSGTINVERPONHAND_SERVICE,TSGTInvErpOnHandDataSyncDispatcherObFwk_Service,01.00.0000,GetInstanceCount(i9),Adapter_Invoke,,,,/Logger/{Logger_Id}/action/getInstanceCount,TSGTRESTVBCSBO_CONN,TSGTRestVBCSBO_Conn,GetInstanceCount,
TSGTINVERPONHAND_SERVICE_01.00.0000.iar.yaml,"TSGTINVERPONHAND_SERVICE
01.00.0000",TSGTINVERPONHAND_SERVICE,TSGTInvErpOnHandDataSyncDispatcherObFwk_Service,01.00.0000,GetInstanceDetails(i6),Adapter_Invoke,,,,/Instances,TSGTRESTVBCSBO_CONN,TSGTRestVBCSBO_Conn,GetInstanceDetails,
TSGTINVERPONHAND_SERVICE_01.00.0000.iar.yaml,"TSGTINVERPONHAND_SERVICE
01.00.0000",TSGTINVERPONHAND_SERVICE,TSGTInvErpOnHandDataSyncDispatcherObFwk_Service,01.00.0000,GetInstanceDetailsForReprocess(i10),Adapter_Invoke,,,,/Instances,TSGTRESTVBCSBO_CONN,TSGTRestVBCSBO_Conn,GetInstanceDetailsForReprocess,
TSGTINVERPONHAND_SERVICE_01.00.0000.iar.yaml,"TSGTINVERPONHAND_SERVICE
01.00.0000",TSGTINVERPONHAND_SERVICE,TSGTInvErpOnHandDataSyncDispatcherObFwk_Service,01.00.0000,GetInstanceDtls(i8),Adapter_Invoke,,,,/Instances,TSGTRESTVBCSBO_CONN,TSGTRestVBCSBO_Conn,GetInstanceDtls,
TSGTINVERPONHAND_SERVICE_01.00.0000.iar.yaml,"TSGTINVERPONHAND_SERVICE
01.00.0000",TSGTINVERPONHAND_SERVICE,TSGTInvErpOnHandDataSyncDispatcherObFwk_Service,01.00.0000,GetLastRunDateBIP(i0),Adapter_Invoke,,,,,TSGTSOAPERPBIP_CONN,TSGTSoapErpBip_Conn,GetLastRunDateBIP,
TSGTINVERPONHAND_SERVICE_01.00.0000.iar.yaml,"TSGTINVERPONHAND_SERVICE
01.00.0000",TSGTINVERPONHAND_SERVICE,TSGTInvErpOnHandDataSyncDispatcherObFwk_Service,01.00.0000,GetMetaDatafromBO(i16),Adapter_Invoke,,,,/FWKOUTBOUNDINTGMETADATA,TSGTRESTVBCSBO_CONN,TSGTRestVBCSBO_Conn,GetMetaDatafromBO,
TSGTINVERPONHAND_SERVICE_01.00.0000.iar.yaml,"TSGTINVERPONHAND_SERVICE
01.00.0000",TSGTINVERPONHAND_SERVICE,TSGTInvErpOnHandDataSyncDispatcherObFwk_Service,01.00.0000,GetTransactionDetails(i1),Adapter_Invoke,,,,/Transactions,TSGTRESTVBCSBO_CONN,TSGTRestVBCSBO_Conn,GetTransactionDetails,
TSGTINVERPONHAND_SERVICE_01.00.0000.iar.yaml,"TSGTINVERPONHAND_SERVICE
01.00.0000",TSGTINVERPONHAND_SERVICE,TSGTInvErpOnHandDataSyncDispatcherObFwk_Service,01.00.0000,InsertIntoObStageTbl(i17),Adapter_Invoke,,,,,TSGTATPCLOUDDB_CONN,TSGTAtpCloudDB_Conn,InsertIntoObStageTbl,
TSGTINVERPONHAND_SERVICE_01.00.0000.iar.yaml,"TSGTINVERPONHAND_SERVICE
01.00.0000",TSGTINVERPONHAND_SERVICE,TSGTInvErpOnHandDataSyncDispatcherObFwk_Service,01.00.0000,SyncStagetabletoXref(i3),Adapter_Invoke,,,,,TSGTATPCLOUDDB_CONN,TSGTAtpCloudDB_Conn,SyncStagetabletoXref,
TSGTINVERPONHAND_SERVICE_01.00.0000.iar.yaml,"TSGTINVERPONHAND_SERVICE
01.00.0000",TSGTINVERPONHAND_SERVICE,TSGTInvErpOnHandDataSyncDispatcherObFwk_Service,01.00.0000,UpdateLastrunDateinBO(i5),Adapter_Invoke,,,,/FWKOUTBOUNDINTGMETADATA/{Id},TSGTRESTVBCSBO_CONN,TSGTRestVBCSBO_Conn,UpdateLastrunDateinBO,
TSGTINVERP_INTGSERVIC_IB_01.00.0000.iar.yaml,"TSGTINVERP_INTGSERVIC_IB
01.00.0000",TSGTINVERP_INTGSERVIC_IB,TSGTInvErpWACSOnHandRecon_IntgService_IB,01.00.0000,InvokeCommonLauncher(i0),IntegrationAction,TSGTCMNLAUNCHERF_SERVICE,01.00.0000,TSGTCmnLauncherFwk_Service,/invokeLauncher,PRESEEDED_COLLOCATED_CONN_1741,OIC Integration,InvokeCommonLauncher,
TSGTINVERP_INTGSERVIC_IB_01.00.0000.iar.yaml,"TSGTINVERP_INTGSERVIC_IB
01.00.0000",TSGTINVERP_INTGSERVIC_IB,TSGTInvErpWACSOnHandRecon_IntgService_IB,01.00.0000,SendNotification(i1),IntegrationAction,TSGTCMNNOTIFICAT_SERVICE,01.00.0000,TSGTCmnNotificationFwk_Service,/Notify,PRESEEDED_COLLOCATED_CONN_1741,OIC Integration,SendNotification,
TSGTINVERP_INTGSERVIC_IB_01.00.0000.iar.yaml,"TSGTINVERP_INTGSERVIC_IB
01.00.0000",TSGTINVERP_INTGSERVIC_IB,TSGTInvErpWACSOnHandRecon_IntgService_IB,01.00.0000,GetMetadataFromBO(i3),Adapter_Invoke,,,,/FWKOUTBOUNDINTGMETADATA,TSGTRESTVBCSBO_CONN,TSGTRestVBCSBO_Conn,GetMetadataFromBO,
TSGTINVOIC_INTGSERVIC_OB_01.00.0000.iar.yaml,"TSGTINVOIC_INTGSERVIC_OB
01.00.0000",TSGTINVOIC_INTGSERVIC_OB,TSGTInvoicePaymentExtract_IntgService_OB,01.00.0000,InvokeCommonLauncher(i0),IntegrationAction,TSGTCMNLAUNCHERF_SERVICE,01.00.0000,TSGTCmnLauncherFwk_Service,/invokeLauncher,PRESEEDED_COLLOCATED_CONN_1741,OIC Integration,InvokeCommonLauncher,
TSGTINVOIC_INTGSERVIC_OB_01.00.0000.iar.yaml,"TSGTINVOIC_INTGSERVIC_OB
01.00.0000",TSGTINVOIC_INTGSERVIC_OB,TSGTInvoicePaymentExtract_IntgService_OB,01.00.0000,SendNotification(i1),IntegrationAction,TSGTCMNNOTIFICAT_SERVICE,01.00.0000,TSGTCmnNotificationFwk_Service,/Notify,PRESEEDED_COLLOCATED_CONN_1741,OIC Integration,SendNotification,
TSGTINVOIC_INTGSERVIC_OB_01.00.0000.iar.yaml,"TSGTINVOIC_INTGSERVIC_OB
01.00.0000",TSGTINVOIC_INTGSERVIC_OB,TSGTInvoicePaymentExtract_IntgService_OB,01.00.0000,GetMetadataFromBO(i3),Adapter_Invoke,,,,/FWKOUTBOUNDINTGMETADATA,TSGTRESTVBCSBO_CONN,TSGTRestVBCSBO_Conn,GetMetadataFromBO,
TSGTINVONHANDREC_SERVICE_01.00.0000.iar.yaml,"TSGTINVONHANDREC_SERVICE
01.00.0000",TSGTINVONHANDREC_SERVICE,TSGTInvOnHandReconOrchestratorIbFwk_Service,01.00.0000,InvokeErrorHandlerService(i14),IntegrationAction,HC_CMN_NOTIFICA_SERVICE,01.00.0000,,/Notify,PRESEEDED_COLLOCATED_CONN_1741,OIC Integration,InvokeErrorHandlerService,
TSGTINVONHANDREC_SERVICE_01.00.0000.iar.yaml,"TSGTINVONHANDREC_SERVICE
01.00.0000",TSGTINVONHANDREC_SERVICE,TSGTInvOnHandReconOrchestratorIbFwk_Service,01.00.0000,InvokeUploadResultFiletoObjectStorage(i4),IntegrationAction,TSGTCMNFILEREFER_SERVICE,01.00.0000,TSGTCmnFileReferencetoObjectStorage_Service,/getFileFromObjectStorage,PRESEEDED_COLLOCATED_CONN_1741,OIC Integration,InvokeUploadResultFiletoObjectStorage,
TSGTINVONHANDREC_SERVICE_01.00.0000.iar.yaml,"TSGTINVONHANDREC_SERVICE
01.00.0000",TSGTINVONHANDREC_SERVICE,TSGTInvOnHandReconOrchestratorIbFwk_Service,01.00.0000,SendFailedEmailNotification(i11),IntegrationAction,TSGTCMNNOTIFICAT_SERVICE,01.00.0000,TSGTCmnNotificationFwk_Service,/Notify,PRESEEDED_COLLOCATED_CONN_1741,OIC Integration,SendFailedEmailNotification,
TSGTINVONHANDREC_SERVICE_01.00.0000.iar.yaml,"TSGTINVONHANDREC_SERVICE
01.00.0000",TSGTINVONHANDREC_SERVICE,TSGTInvOnHandReconOrchestratorIbFwk_Service,01.00.0000,SendNotification(i15),IntegrationAction,TSGTCMNNOTIFICAT_SERVICE,01.00.0000,TSGTCmnNotificationFwk_Service,/Notify,PRESEEDED_COLLOCATED_CONN_1741,OIC Integration,SendNotification,
TSGTINVONHANDREC_SERVICE_01.00.0000.iar.yaml,"TSGTINVONHANDREC_SERVICE
01.00.0000",TSGTINVONHANDREC_SERVICE,TSGTInvOnHandReconOrchestratorIbFwk_Service,01.00.0000,MoveFileToArchiveBucket(i6),IntegrationAction,TSGTCMNSRCOBJSTOTGTOBJSMO_SERVIC,01.00.0000,TSGTCmnSrcObjStorageToTgtObjStorageMove_Service,/getFileFromObjectStorage,PRESEEDED_COLLOCATED_CONN_1741,OIC Integration,MoveFileToArchiveBucket,
TSGTINVONHANDREC_SERVICE_01.00.0000.iar.yaml,"TSGTINVONHANDREC_SERVICE
01.00.0000",TSGTINVONHANDREC_SERVICE,TSGTInvOnHandReconOrchestratorIbFwk_Service,01.00.0000,MoveFileToErrorBucket(i5),IntegrationAction,TSGTCMNSRCOBJSTOTGTOBJSMO_SERVIC,01.00.0000,TSGTCmnSrcObjStorageToTgtObjStorageMove_Service,/getFileFromObjectStorage,PRESEEDED_COLLOCATED_CONN_1741,OIC Integration,MoveFileToErrorBucket,
TSGTINVONHANDREC_SERVICE_01.00.0000.iar.yaml,"TSGTINVONHANDREC_SERVICE
01.00.0000",TSGTINVONHANDREC_SERVICE,TSGTInvOnHandReconOrchestratorIbFwk_Service,01.00.0000,InvokeLoggerService-Initiation(i7),IntegrationAction,TSGTCMNUPSERTINS_SERVICE,01.00.0000,TSGTCmnUpsertInstanceTransaction_Service,/UpsertInstanceTransaction,PRESEEDED_COLLOCATED_CONN_1741,OIC Integration,InvokeLoggerService-Initiation,
TSGTINVONHANDREC_SERVICE_01.00.0000.iar.yaml,"TSGTINVONHANDREC_SERVICE
01.00.0000",TSGTINVONHANDREC_SERVICE,TSGTInvOnHandReconOrchestratorIbFwk_Service,01.00.0000,UpddateTransactionAndInstanceStatus(i10),IntegrationAction,TSGTCMNUPSERTINS_SERVICE,01.00.0000,TSGTCmnUpsertInstanceTransaction_Service,/UpsertInstanceTransaction,PRESEEDED_COLLOCATED_CONN_1741,OIC Integration,UpddateTransactionAndInstanceStatus,
TSGTINVONHANDREC_SERVICE_01.00.0000.iar.yaml,"TSGTINVONHANDREC_SERVICE
01.00.0000",TSGTINVONHANDREC_SERVICE,TSGTInvOnHandReconOrchestratorIbFwk_Service,01.00.0000,GetErpWacsReconData(i2),Adapter_Invoke,,,,,TSGTATPCLOUDDB_CONN,TSGTAtpCloudDB_Conn,GetErpWacsReconData,
TSGTINVONHANDREC_SERVICE_01.00.0000.iar.yaml,"TSGTINVONHANDREC_SERVICE
01.00.0000",TSGTINVONHANDREC_SERVICE,TSGTInvOnHandReconOrchestratorIbFwk_Service,01.00.0000,GetInstanceDtls(i13),Adapter_Invoke,,,,/Instances,TSGTRESTVBCSBO_CONN,TSGTRestVBCSBO_Conn,GetInstanceDtls,
TSGTINVONHANDREC_SERVICE_01.00.0000.iar.yaml,"TSGTINVONHANDREC_SERVICE
01.00.0000",TSGTINVONHANDREC_SERVICE,TSGTInvOnHandReconOrchestratorIbFwk_Service,01.00.0000,GetMetadataInfo(i1),Adapter_Invoke,,,,/FWKINBOUNDINTGMETADATA,TSGTRESTVBCSBO_CONN,TSGTRestVBCSBO_Conn,GetMetadataInfo,
TSGTINVONHANDREC_SERVICE_01.00.0000.iar.yaml,"TSGTINVONHANDREC_SERVICE
01.00.0000",TSGTINVONHANDREC_SERVICE,TSGTInvOnHandReconOrchestratorIbFwk_Service,01.00.0000,InvokeErpWACSOnHandReconRptPrc(i0),Adapter_Invoke,,,,,TSGTATPCLOUDDB_CONN,TSGTAtpCloudDB_Conn,InvokeErpWACSOnHandReconRptPrc,
TSGTINVONHANDREC_SERVICE_01.00.0000.iar.yaml,"TSGTINVONHANDREC_SERVICE
01.00.0000",TSGTINVONHANDREC_SERVICE,TSGTInvOnHandReconOrchestratorIbFwk_Service,01.00.0000,InvokeStatsProc(i3),Adapter_Invoke,,,,,TSGTATPCLOUDDB_CONN,TSGTAtpCloudDB_Conn,InvokeStatsProc,
TSGTINVWACSONHAN_SERVICE_01.00.0000.iar.yaml,"TSGTINVWACSONHAN_SERVICE
01.00.0000",TSGTINVWACSONHAN_SERVICE,TSGTInvWacsOnHandMediatorDataInsertIbFwk_Service,01.00.0000,UpdateDataInsertStatusToInstance(i3),IntegrationAction,TSGTCMNUPSERTINS_SERVICE,01.00.0000,TSGTCmnUpsertInstanceTransaction_Service,/UpsertInstanceTransaction,PRESEEDED_COLLOCATED_CONN_1741,OIC Integration,UpdateDataInsertStatusToInstance,
TSGTINVWACSONHAN_SERVICE_01.00.0000.iar.yaml,"TSGTINVWACSONHAN_SERVICE
01.00.0000",TSGTINVWACSONHAN_SERVICE,TSGTInvWacsOnHandMediatorDataInsertIbFwk_Service,01.00.0000,DownloadFileFromBucket(i0),Adapter_Invoke,,,,/n/{nameSpaceName}/b/{bucketName}/o/{objectName},TSGTOBJECTSTORAG_CONN,TSGTObjectStorage_Conn,DownloadFileFromBucket,
TSGTINVWACSONHAN_SERVICE_01.00.0000.iar.yaml,"TSGTINVWACSONHAN_SERVICE
01.00.0000",TSGTINVWACSONHAN_SERVICE,TSGTInvWacsOnHandMediatorDataInsertIbFwk_Service,01.00.0000,InsertIntoIbStageTbl(i1),Adapter_Invoke,,,,,TSGTATPCLOUDDB_CONN,TSGTAtpCloudDB_Conn,InsertIntoIbStageTbl,
TSGTLEADTIMEERPU_SERVICE_01.00.0000.iar.yaml,"TSGTLEADTIMEERPU_SERVICE
01.00.0000",TSGTLEADTIMEERPU_SERVICE,TSGTLeadTimeERPUpdateDispatcher_Service,01.00.0000,InvokeNotificationService(i13),IntegrationAction,TSGTCMNNOTIFICAT_SERVICE,01.00.0000,TSGTCmnNotificationFwk_Service,/Notify,PRESEEDED_COLLOCATED_CONN_1741,OIC Integration,InvokeNotificationService,
TSGTLEADTIMEERPU_SERVICE_01.00.0000.iar.yaml,"TSGTLEADTIMEERPU_SERVICE
01.00.0000",TSGTLEADTIMEERPU_SERVICE,TSGTLeadTimeERPUpdateDispatcher_Service,01.00.0000,UpdInstanceBOStat(i12),IntegrationAction,TSGTCMNUPSERTINS_SERVICE,01.00.0000,TSGTCmnUpsertInstanceTransaction_Service,/UpsertInstanceTransaction,PRESEEDED_COLLOCATED_CONN_1741,OIC Integration,UpdInstanceBOStat,
TSGTLEADTIMEERPU_SERVICE_01.00.0000.iar.yaml,"TSGTLEADTIMEERPU_SERVICE
01.00.0000",TSGTLEADTIMEERPU_SERVICE,TSGTLeadTimeERPUpdateDispatcher_Service,01.00.0000,UpdateInitLog(i2),IntegrationAction,TSGTCMNUPSERTINS_SERVICE,01.00.0000,TSGTCmnUpsertInstanceTransaction_Service,/UpsertInstanceTransaction,PRESEEDED_COLLOCATED_CONN_1741,OIC Integration,UpdateInitLog,
TSGTLEADTIMEERPU_SERVICE_01.00.0000.iar.yaml,"TSGTLEADTIMEERPU_SERVICE
01.00.0000",TSGTLEADTIMEERPU_SERVICE,TSGTLeadTimeERPUpdateDispatcher_Service,01.00.0000,UpdateInstanceBOStatus(i7),IntegrationAction,TSGTCMNUPSERTINS_SERVICE,01.00.0000,TSGTCmnUpsertInstanceTransaction_Service,/UpsertInstanceTransaction,PRESEEDED_COLLOCATED_CONN_1741,OIC Integration,UpdateInstanceBOStatus,
TSGTLEADTIMEERPU_SERVICE_01.00.0000.iar.yaml,"TSGTLEADTIMEERPU_SERVICE
01.00.0000",TSGTLEADTIMEERPU_SERVICE,TSGTLeadTimeERPUpdateDispatcher_Service,01.00.0000,UpdateTransactionAndInstanceLog(i4),IntegrationAction,TSGTCMNUPSERTINS_SERVICE,01.00.0000,TSGTCmnUpsertInstanceTransaction_Service,/UpsertInstanceTransaction,PRESEEDED_COLLOCATED_CONN_1741,OIC Integration,UpdateTransactionAndInstanceLog,
TSGTLEADTIMEERPU_SERVICE_01.00.0000.iar.yaml,"TSGTLEADTIMEERPU_SERVICE
01.00.0000",TSGTLEADTIMEERPU_SERVICE,TSGTLeadTimeERPUpdateDispatcher_Service,01.00.0000,ErrorHandler(i11),IntegrationAction,UIC_CMN_ERRORHAN_SERVICE,01.00.0001,,https://prod-axeufspbztar-px.integration.ocp.oraclecloud.com:443/ic/api/integration/v1/flows/rest/UIC_CMN_ERRORHAN_SERVICE/1.0/ErrorHandler,PRESEEDED_COLLOCATED_CONN_1741,OIC Integration,ErrorHandler,
TSGTLEADTIMEERPU_SERVICE_01.00.0000.iar.yaml,"TSGTLEADTIMEERPU_SERVICE
01.00.0000",TSGTLEADTIMEERPU_SERVICE,TSGTLeadTimeERPUpdateDispatcher_Service,01.00.0000,GetFileFromBucket(i14),Adapter_Invoke,,,,/n/{nameSpaceName}/b/{bucketName}/o/{objectName},TSGTOBJECTSTORAG_CONN,TSGTObjectStorage_Conn,GetFileFromBucket,
TSGTLEADTIMEERPU_SERVICE_01.00.0000.iar.yaml,"TSGTLEADTIMEERPU_SERVICE
01.00.0000",TSGTLEADTIMEERPU_SERVICE,TSGTLeadTimeERPUpdateDispatcher_Service,01.00.0000,GetInstanceCount(i9),Adapter_Invoke,,,,/Logger/{Logger_Id}/action/getInstanceCount,TSGTRESTVBCSBO_CONN,TSGTRestVBCSBO_Conn,GetInstanceCount,
TSGTLEADTIMEERPU_SERVICE_01.00.0000.iar.yaml,"TSGTLEADTIMEERPU_SERVICE
01.00.0000",TSGTLEADTIMEERPU_SERVICE,TSGTLeadTimeERPUpdateDispatcher_Service,01.00.0000,GetInstanceDetails(i6),Adapter_Invoke,,,,/Instances,TSGTRESTVBCSBO_CONN,TSGTRestVBCSBO_Conn,GetInstanceDetails,
TSGTLEADTIMEERPU_SERVICE_01.00.0000.iar.yaml,"TSGTLEADTIMEERPU_SERVICE
01.00.0000",TSGTLEADTIMEERPU_SERVICE,TSGTLeadTimeERPUpdateDispatcher_Service,01.00.0000,GetInstanceDetailsForReprocess(i10),Adapter_Invoke,,,,/Instances,TSGTRESTVBCSBO_CONN,TSGTRestVBCSBO_Conn,GetInstanceDetailsForReprocess,
TSGTLEADTIMEERPU_SERVICE_01.00.0000.iar.yaml,"TSGTLEADTIMEERPU_SERVICE
01.00.0000",TSGTLEADTIMEERPU_SERVICE,TSGTLeadTimeERPUpdateDispatcher_Service,01.00.0000,GetInstanceDtls(i8),Adapter_Invoke,,,,/Instances,TSGTRESTVBCSBO_CONN,TSGTRestVBCSBO_Conn,GetInstanceDtls,
TSGTLEADTIMEERPU_SERVICE_01.00.0000.iar.yaml,"TSGTLEADTIMEERPU_SERVICE
01.00.0000",TSGTLEADTIMEERPU_SERVICE,TSGTLeadTimeERPUpdateDispatcher_Service,01.00.0000,GetItemDetails(i17),Adapter_Invoke,,,,,TSGTERPCLOUD_CONN,TSGTErpCloud_Conn,GetItemDetails,
TSGTLEADTIMEERPU_SERVICE_01.00.0000.iar.yaml,"TSGTLEADTIMEERPU_SERVICE
01.00.0000",TSGTLEADTIMEERPU_SERVICE,TSGTLeadTimeERPUpdateDispatcher_Service,01.00.0000,GetLastRunDateBIP(i0),Adapter_Invoke,,,,,TSGTSOAPERPBIP_CONN,TSGTSoapErpBip_Conn,GetLastRunDateBIP,
TSGTLEADTIMEERPU_SERVICE_01.00.0000.iar.yaml,"TSGTLEADTIMEERPU_SERVICE
01.00.0000",TSGTLEADTIMEERPU_SERVICE,TSGTLeadTimeERPUpdateDispatcher_Service,01.00.0000,GetMetaDatafromBO(i16),Adapter_Invoke,,,,/FWKOUTBOUNDINTGMETADATA,TSGTRESTVBCSBO_CONN,TSGTRestVBCSBO_Conn,GetMetaDatafromBO,
TSGTLEADTIMEERPU_SERVICE_01.00.0000.iar.yaml,"TSGTLEADTIMEERPU_SERVICE
01.00.0000",TSGTLEADTIMEERPU_SERVICE,TSGTLeadTimeERPUpdateDispatcher_Service,01.00.0000,GetTransactionDetails(i1),Adapter_Invoke,,,,/Transactions,TSGTRESTVBCSBO_CONN,TSGTRestVBCSBO_Conn,GetTransactionDetails,
TSGTLEADTIMEERPU_SERVICE_01.00.0000.iar.yaml,"TSGTLEADTIMEERPU_SERVICE
01.00.0000",TSGTLEADTIMEERPU_SERVICE,TSGTLeadTimeERPUpdateDispatcher_Service,01.00.0000,UpdateItem(i18),Adapter_Invoke,,,,,TSGTERPCLOUD_CONN,TSGTErpCloud_Conn,UpdateItem,
TSGTLEADTIMEERPU_SERVICE_01.00.0000.iar.yaml,"TSGTLEADTIMEERPU_SERVICE
01.00.0000",TSGTLEADTIMEERPU_SERVICE,TSGTLeadTimeERPUpdateDispatcher_Service,01.00.0000,UpdateLastrunDateinBO(i5),Adapter_Invoke,,,,/FWKOUTBOUNDINTGMETADATA/{Id},TSGTRESTVBCSBO_CONN,TSGTRestVBCSBO_Conn,UpdateLastrunDateinBO,
TSGTLEADTI_INTGSERVIC_OB_01.00.0000.iar.yaml,"TSGTLEADTI_INTGSERVIC_OB
01.00.0000",TSGTLEADTI_INTGSERVIC_OB,TSGTLeadTimeUpdate_IntgService_OB,01.00.0000,InvokeCommonLauncher(i0),IntegrationAction,TSGTCMNLAUNCHERF_SERVICE,01.00.0000,TSGTCmnLauncherFwk_Service,/invokeLauncher,PRESEEDED_COLLOCATED_CONN_1741,OIC Integration,InvokeCommonLauncher,
TSGTLEADTI_INTGSERVIC_OB_01.00.0000.iar.yaml,"TSGTLEADTI_INTGSERVIC_OB
01.00.0000",TSGTLEADTI_INTGSERVIC_OB,TSGTLeadTimeUpdate_IntgService_OB,01.00.0000,SendNotification(i1),IntegrationAction,TSGTCMNNOTIFICAT_SERVICE,01.00.0000,TSGTCmnNotificationFwk_Service,/Notify,PRESEEDED_COLLOCATED_CONN_1741,OIC Integration,SendNotification,
TSGTLEADTI_INTGSERVIC_OB_01.00.0000.iar.yaml,"TSGTLEADTI_INTGSERVIC_OB
01.00.0000",TSGTLEADTI_INTGSERVIC_OB,TSGTLeadTimeUpdate_IntgService_OB,01.00.0000,GetMetadataFromBO(i3),Adapter_Invoke,,,,/FWKOUTBOUNDINTGMETADATA,TSGTRESTVBCSBO_CONN,TSGTRestVBCSBO_Conn,GetMetadataFromBO,
TSGTLISTPRICEERP_SERVICE_01.00.0000.iar.yaml,"TSGTLISTPRICEERP_SERVICE
01.00.0000",TSGTLISTPRICEERP_SERVICE,TSGTListPriceERPUpdateDispatcher_Service,01.00.0000,InvokeNotificationService(i13),IntegrationAction,TSGTCMNNOTIFICAT_SERVICE,01.00.0000,TSGTCmnNotificationFwk_Service,/Notify,PRESEEDED_COLLOCATED_CONN_1741,OIC Integration,InvokeNotificationService,
TSGTLISTPRICEERP_SERVICE_01.00.0000.iar.yaml,"TSGTLISTPRICEERP_SERVICE
01.00.0000",TSGTLISTPRICEERP_SERVICE,TSGTListPriceERPUpdateDispatcher_Service,01.00.0000,UpdInstanceBOStat(i12),IntegrationAction,TSGTCMNUPSERTINS_SERVICE,01.00.0000,TSGTCmnUpsertInstanceTransaction_Service,/UpsertInstanceTransaction,PRESEEDED_COLLOCATED_CONN_1741,OIC Integration,UpdInstanceBOStat,
TSGTLISTPRICEERP_SERVICE_01.00.0000.iar.yaml,"TSGTLISTPRICEERP_SERVICE
01.00.0000",TSGTLISTPRICEERP_SERVICE,TSGTListPriceERPUpdateDispatcher_Service,01.00.0000,UpdateInitLog(i2),IntegrationAction,TSGTCMNUPSERTINS_SERVICE,01.00.0000,TSGTCmnUpsertInstanceTransaction_Service,/UpsertInstanceTransaction,PRESEEDED_COLLOCATED_CONN_1741,OIC Integration,UpdateInitLog,
TSGTLISTPRICEERP_SERVICE_01.00.0000.iar.yaml,"TSGTLISTPRICEERP_SERVICE
01.00.0000",TSGTLISTPRICEERP_SERVICE,TSGTListPriceERPUpdateDispatcher_Service,01.00.0000,UpdateInstanceBOStatus(i7),IntegrationAction,TSGTCMNUPSERTINS_SERVICE,01.00.0000,TSGTCmnUpsertInstanceTransaction_Service,/UpsertInstanceTransaction,PRESEEDED_COLLOCATED_CONN_1741,OIC Integration,UpdateInstanceBOStatus,
TSGTLISTPRICEERP_SERVICE_01.00.0000.iar.yaml,"TSGTLISTPRICEERP_SERVICE
01.00.0000",TSGTLISTPRICEERP_SERVICE,TSGTListPriceERPUpdateDispatcher_Service,01.00.0000,UpdateTransactionAndInstanceLog(i4),IntegrationAction,TSGTCMNUPSERTINS_SERVICE,01.00.0000,TSGTCmnUpsertInstanceTransaction_Service,/UpsertInstanceTransaction,PRESEEDED_COLLOCATED_CONN_1741,OIC Integration,UpdateTransactionAndInstanceLog,
TSGTLISTPRICEERP_SERVICE_01.00.0000.iar.yaml,"TSGTLISTPRICEERP_SERVICE
01.00.0000",TSGTLISTPRICEERP_SERVICE,TSGTListPriceERPUpdateDispatcher_Service,01.00.0000,ErrorHandler(i11),IntegrationAction,UIC_CMN_ERRORHAN_SERVICE,01.00.0001,,https://prod-axeufspbztar-px.integration.ocp.oraclecloud.com:443/ic/api/integration/v1/flows/rest/UIC_CMN_ERRORHAN_SERVICE/1.0/ErrorHandler,PRESEEDED_COLLOCATED_CONN_1741,OIC Integration,ErrorHandler,
TSGTLISTPRICEERP_SERVICE_01.00.0000.iar.yaml,"TSGTLISTPRICEERP_SERVICE
01.00.0000",TSGTLISTPRICEERP_SERVICE,TSGTListPriceERPUpdateDispatcher_Service,01.00.0000,GetFileFromBucket(i14),Adapter_Invoke,,,,/n/{nameSpaceName}/b/{bucketName}/o/{objectName},TSGTOBJECTSTORAG_CONN,TSGTObjectStorage_Conn,GetFileFromBucket,
TSGTLISTPRICEERP_SERVICE_01.00.0000.iar.yaml,"TSGTLISTPRICEERP_SERVICE
01.00.0000",TSGTLISTPRICEERP_SERVICE,TSGTListPriceERPUpdateDispatcher_Service,01.00.0000,GetInstanceCount(i9),Adapter_Invoke,,,,/Logger/{Logger_Id}/action/getInstanceCount,TSGTRESTVBCSBO_CONN,TSGTRestVBCSBO_Conn,GetInstanceCount,
TSGTLISTPRICEERP_SERVICE_01.00.0000.iar.yaml,"TSGTLISTPRICEERP_SERVICE
01.00.0000",TSGTLISTPRICEERP_SERVICE,TSGTListPriceERPUpdateDispatcher_Service,01.00.0000,GetInstanceDetails(i6),Adapter_Invoke,,,,/Instances,TSGTRESTVBCSBO_CONN,TSGTRestVBCSBO_Conn,GetInstanceDetails,
TSGTLISTPRICEERP_SERVICE_01.00.0000.iar.yaml,"TSGTLISTPRICEERP_SERVICE
01.00.0000",TSGTLISTPRICEERP_SERVICE,TSGTListPriceERPUpdateDispatcher_Service,01.00.0000,GetInstanceDetailsForReprocess(i10),Adapter_Invoke,,,,/Instances,TSGTRESTVBCSBO_CONN,TSGTRestVBCSBO_Conn,GetInstanceDetailsForReprocess,
TSGTLISTPRICEERP_SERVICE_01.00.0000.iar.yaml,"TSGTLISTPRICEERP_SERVICE
01.00.0000",TSGTLISTPRICEERP_SERVICE,TSGTListPriceERPUpdateDispatcher_Service,01.00.0000,GetInstanceDtls(i8),Adapter_Invoke,,,,/Instances,TSGTRESTVBCSBO_CONN,TSGTRestVBCSBO_Conn,GetInstanceDtls,
TSGTLISTPRICEERP_SERVICE_01.00.0000.iar.yaml,"TSGTLISTPRICEERP_SERVICE
01.00.0000",TSGTLISTPRICEERP_SERVICE,TSGTListPriceERPUpdateDispatcher_Service,01.00.0000,GetItemDetails(i17),Adapter_Invoke,,,,,TSGTERPCLOUD_CONN,TSGTErpCloud_Conn,GetItemDetails,
TSGTLISTPRICEERP_SERVICE_01.00.0000.iar.yaml,"TSGTLISTPRICEERP_SERVICE
01.00.0000",TSGTLISTPRICEERP_SERVICE,TSGTListPriceERPUpdateDispatcher_Service,01.00.0000,GetLastRunDateBIP(i0),Adapter_Invoke,,,,,TSGTSOAPERPBIP_CONN,TSGTSoapErpBip_Conn,GetLastRunDateBIP,
TSGTLISTPRICEERP_SERVICE_01.00.0000.iar.yaml,"TSGTLISTPRICEERP_SERVICE
01.00.0000",TSGTLISTPRICEERP_SERVICE,TSGTListPriceERPUpdateDispatcher_Service,01.00.0000,GetMetaDatafromBO(i16),Adapter_Invoke,,,,/FWKOUTBOUNDINTGMETADATA,TSGTRESTVBCSBO_CONN,TSGTRestVBCSBO_Conn,GetMetaDatafromBO,
TSGTLISTPRICEERP_SERVICE_01.00.0000.iar.yaml,"TSGTLISTPRICEERP_SERVICE
01.00.0000",TSGTLISTPRICEERP_SERVICE,TSGTListPriceERPUpdateDispatcher_Service,01.00.0000,GetTransactionDetails(i1),Adapter_Invoke,,,,/Transactions,TSGTRESTVBCSBO_CONN,TSGTRestVBCSBO_Conn,GetTransactionDetails,
TSGTLISTPRICEERP_SERVICE_01.00.0000.iar.yaml,"TSGTLISTPRICEERP_SERVICE
01.00.0000",TSGTLISTPRICEERP_SERVICE,TSGTListPriceERPUpdateDispatcher_Service,01.00.0000,UpdateItem(i18),Adapter_Invoke,,,,,TSGTERPCLOUD_CONN,TSGTErpCloud_Conn,UpdateItem,
TSGTLISTPRICEERP_SERVICE_01.00.0000.iar.yaml,"TSGTLISTPRICEERP_SERVICE
01.00.0000",TSGTLISTPRICEERP_SERVICE,TSGTListPriceERPUpdateDispatcher_Service,01.00.0000,UpdateLastrunDateinBO(i5),Adapter_Invoke,,,,/FWKOUTBOUNDINTGMETADATA/{Id},TSGTRESTVBCSBO_CONN,TSGTRestVBCSBO_Conn,UpdateLastrunDateinBO,
TSGTLISTPR_INTGSERVIC_OB_01.00.0000.iar.yaml,"TSGTLISTPR_INTGSERVIC_OB
01.00.0000",TSGTLISTPR_INTGSERVIC_OB,TSGTListPriceUpdate_IntgService_OB,01.00.0000,InvokeCommonLauncher(i0),IntegrationAction,TSGTCMNLAUNCHERF_SERVICE,01.00.0000,TSGTCmnLauncherFwk_Service,/invokeLauncher,PRESEEDED_COLLOCATED_CONN_1741,OIC Integration,InvokeCommonLauncher,
TSGTLISTPR_INTGSERVIC_OB_01.00.0000.iar.yaml,"TSGTLISTPR_INTGSERVIC_OB
01.00.0000",TSGTLISTPR_INTGSERVIC_OB,TSGTListPriceUpdate_IntgService_OB,01.00.0000,SendNotification(i1),IntegrationAction,TSGTCMNNOTIFICAT_SERVICE,01.00.0000,TSGTCmnNotificationFwk_Service,/Notify,PRESEEDED_COLLOCATED_CONN_1741,OIC Integration,SendNotification,
TSGTLISTPR_INTGSERVIC_OB_01.00.0000.iar.yaml,"TSGTLISTPR_INTGSERVIC_OB
01.00.0000",TSGTLISTPR_INTGSERVIC_OB,TSGTListPriceUpdate_IntgService_OB,01.00.0000,GetMetadataFromBO(i3),Adapter_Invoke,,,,/FWKOUTBOUNDINTGMETADATA,TSGTRESTVBCSBO_CONN,TSGTRestVBCSBO_Conn,GetMetadataFromBO,
TSGTMINGENERPIBI_SERVICE_01.00.0000.iar.yaml,"TSGTMINGENERPIBI_SERVICE
01.00.0000",TSGTMINGENERPIBI_SERVICE,TSGTMingenErpIbInit_Service,01.00.0000,UpdateSummaryStatus(i11),IntegrationAction,TSGTCMNAPPCOMPOS_SERVICE,01.00.0000,TSGTCmnAppComposerObjUpdate_Service,/RestAPIUpdate/,PRESEEDED_COLLOCATED_CONN_1741,OIC Integration,UpdateSummaryStatus,
TSGTMINGENERPIBI_SERVICE_01.00.0000.iar.yaml,"TSGTMINGENERPIBI_SERVICE
01.00.0000",TSGTMINGENERPIBI_SERVICE,TSGTMingenErpIbInit_Service,01.00.0000,InvokeCmnIntegrationLauncher(i4),IntegrationAction,TSGTCMNLAUNCHERF_SERVICE,01.00.0000,TSGTCmnLauncherFwk_Service,/invokeLauncher,PRESEEDED_COLLOCATED_CONN_1741,OIC Integration,InvokeCmnIntegrationLauncher,
TSGTMINGENERPIBI_SERVICE_01.00.0000.iar.yaml,"TSGTMINGENERPIBI_SERVICE
01.00.0000",TSGTMINGENERPIBI_SERVICE,TSGTMingenErpIbInit_Service,01.00.0000,SendNotification(i3),IntegrationAction,TSGTCMNNOTIFICAT_SERVICE,01.00.0000,TSGTCmnNotificationFwk_Service,/Notify,PRESEEDED_COLLOCATED_CONN_1741,OIC Integration,SendNotification,
TSGTMINGENERPIBI_SERVICE_01.00.0000.iar.yaml,"TSGTMINGENERPIBI_SERVICE
01.00.0000",TSGTMINGENERPIBI_SERVICE,TSGTMingenErpIbInit_Service,01.00.0000,InvokeGeneartereport(i9),IntegrationAction,TSGTMINGENERPIBR_SERVICE,01.00.0000,TSGTMingenErpIbReport_Service,/GenerateMingenReport,PRESEEDED_COLLOCATED_CONN_1741,OIC Integration,InvokeGeneartereport,
TSGTMINGENERPIBI_SERVICE_01.00.0000.iar.yaml,"TSGTMINGENERPIBI_SERVICE
01.00.0000",TSGTMINGENERPIBI_SERVICE,TSGTMingenErpIbInit_Service,01.00.0000,CheckIfFileExist(i2),Adapter_Invoke,,,,,TSGTFTP_CONN,TSGTFtp_Conn,CheckIfFileExist,
TSGTMINGENERPIBI_SERVICE_01.00.0000.iar.yaml,"TSGTMINGENERPIBI_SERVICE
01.00.0000",TSGTMINGENERPIBI_SERVICE,TSGTMingenErpIbInit_Service,01.00.0000,CheckLockFlagStatus(i0),Adapter_Invoke,,,,,TSGTATPCLOUDDB_CONN,TSGTAtpCloudDB_Conn,CheckLockFlagStatus,
TSGTMINGENERPIBI_SERVICE_01.00.0000.iar.yaml,"TSGTMINGENERPIBI_SERVICE
01.00.0000",TSGTMINGENERPIBI_SERVICE,TSGTMingenErpIbInit_Service,01.00.0000,GetLoadOrReportStatus(i10),Adapter_Invoke,,,,,TSGTATPCLOUDDB_CONN,TSGTAtpCloudDB_Conn,GetLoadOrReportStatus,
TSGTMINGENERPIBI_SERVICE_01.00.0000.iar.yaml,"TSGTMINGENERPIBI_SERVICE
01.00.0000",TSGTMINGENERPIBI_SERVICE,TSGTMingenErpIbInit_Service,01.00.0000,GetMetadataFromBO(i6),Adapter_Invoke,,,,/FWKINBOUNDINTGMETADATA,TSGTRESTVBCSBO_CONN,TSGTRestVBCSBO_Conn,GetMetadataFromBO,
TSGTMINGENERPIBI_SERVICE_01.00.0000.iar.yaml,"TSGTMINGENERPIBI_SERVICE
01.00.0000",TSGTMINGENERPIBI_SERVICE,TSGTMingenErpIbInit_Service,01.00.0000,InsertRecintoTransactionId(i8),Adapter_Invoke,,,,/Logger/{Logger_Id}/action/insertLog,TSGTRESTVBCSBO_CONN,TSGTRestVBCSBO_Conn,InsertRecintoTransactionId,
TSGTMINGENERPIBI_SERVICE_01.00.0000.iar.yaml,"TSGTMINGENERPIBI_SERVICE
01.00.0000",TSGTMINGENERPIBI_SERVICE,TSGTMingenErpIbInit_Service,01.00.0000,ReleaseLock(i5),Adapter_Invoke,,,,,TSGTATPCLOUDDB_CONN,TSGTAtpCloudDB_Conn,ReleaseLock,
TSGTMINGENERPIBI_SERVICE_01.00.0000.iar.yaml,"TSGTMINGENERPIBI_SERVICE
01.00.0000",TSGTMINGENERPIBI_SERVICE,TSGTMingenErpIbInit_Service,01.00.0000,UpdateTransactionId(i7),Adapter_Invoke,,,,,TSGTATPCLOUDDB_CONN,TSGTAtpCloudDB_Conn,UpdateTransactionId,
TSGTMINGENERPIBI_SERVICE_01.00.0000.iar.yaml,"TSGTMINGENERPIBI_SERVICE
01.00.0000",TSGTMINGENERPIBI_SERVICE,TSGTMingenErpIbInit_Service,01.00.0000,UpsertLock(i1),Adapter_Invoke,,,,,TSGTATPCLOUDDB_CONN,TSGTAtpCloudDB_Conn,UpsertLock,
TSGTMINGENERPIBR_SERVICE_01.00.0000.iar.yaml,"TSGTMINGENERPIBR_SERVICE
01.00.0000",TSGTMINGENERPIBR_SERVICE,TSGTMingenErpIbReport_Service,01.00.0000,UpdateCustomSummary(i19),IntegrationAction,TSGTCMNAPPCOMPOS_SERVICE,01.00.0000,TSGTCmnAppComposerObjUpdate_Service,/RestAPIUpdate/,PRESEEDED_COLLOCATED_CONN_1741,OIC Integration,UpdateCustomSummary,
TSGTMINGENERPIBR_SERVICE_01.00.0000.iar.yaml,"TSGTMINGENERPIBR_SERVICE
01.00.0000",TSGTMINGENERPIBR_SERVICE,TSGTMingenErpIbReport_Service,01.00.0000,UpdateResultFileReport(i20),IntegrationAction,TSGTCMNFILEREFER_SERVICE,01.00.0000,TSGTCmnFileReferencetoObjectStorage_Service,/getFileFromObjectStorage,PRESEEDED_COLLOCATED_CONN_1741,OIC Integration,UpdateResultFileReport,
TSGTMINGENERPIBR_SERVICE_01.00.0000.iar.yaml,"TSGTMINGENERPIBR_SERVICE
01.00.0000",TSGTMINGENERPIBR_SERVICE,TSGTMingenErpIbReport_Service,01.00.0000,InvokeSyncXref(i6),IntegrationAction,TSGTCMNLAUNCHERF_SERVICE,01.00.0000,TSGTCmnLauncherFwk_Service,/invokeLauncher,PRESEEDED_COLLOCATED_CONN_1741,OIC Integration,InvokeSyncXref,
TSGTMINGENERPIBR_SERVICE_01.00.0000.iar.yaml,"TSGTMINGENERPIBR_SERVICE
01.00.0000",TSGTMINGENERPIBR_SERVICE,TSGTMingenErpIbReport_Service,01.00.0000,SendEmail(i3),IntegrationAction,TSGTCMNNOTIFICAT_SERVICE,01.00.0000,TSGTCmnNotificationFwk_Service,/Notify,PRESEEDED_COLLOCATED_CONN_1741,OIC Integration,SendEmail,
TSGTMINGENERPIBR_SERVICE_01.00.0000.iar.yaml,"TSGTMINGENERPIBR_SERVICE
01.00.0000",TSGTMINGENERPIBR_SERVICE,TSGTMingenErpIbReport_Service,01.00.0000,SendErrorNotification(i12),IntegrationAction,TSGTCMNNOTIFICAT_SERVICE,01.00.0000,TSGTCmnNotificationFwk_Service,/Notify,PRESEEDED_COLLOCATED_CONN_1741,OIC Integration,SendErrorNotification,
TSGTMINGENERPIBR_SERVICE_01.00.0000.iar.yaml,"TSGTMINGENERPIBR_SERVICE
01.00.0000",TSGTMINGENERPIBR_SERVICE,TSGTMingenErpIbReport_Service,01.00.0000,UpdateInsatnceDetails(i11),IntegrationAction,TSGTCMNUPSERTINS_SERVICE,01.00.0000,TSGTCmnUpsertInstanceTransaction_Service,/UpsertInstanceTransaction,PRESEEDED_COLLOCATED_CONN_1741,OIC Integration,UpdateInsatnceDetails,
TSGTMINGENERPIBR_SERVICE_01.00.0000.iar.yaml,"TSGTMINGENERPIBR_SERVICE
01.00.0000",TSGTMINGENERPIBR_SERVICE,TSGTMingenErpIbReport_Service,01.00.0000,UpdateTransactionAndInstanceLog(i18),IntegrationAction,TSGTCMNUPSERTINS_SERVICE,01.00.0000,TSGTCmnUpsertInstanceTransaction_Service,/UpsertInstanceTransaction,PRESEEDED_COLLOCATED_CONN_1741,OIC Integration,UpdateTransactionAndInstanceLog,
TSGTMINGENERPIBR_SERVICE_01.00.0000.iar.yaml,"TSGTMINGENERPIBR_SERVICE
01.00.0000",TSGTMINGENERPIBR_SERVICE,TSGTMingenErpIbReport_Service,01.00.0000,CheckIfDataExist(i17),Adapter_Invoke,,,,,TSGTATPCLOUDDB_CONN,TSGTAtpCloudDB_Conn,CheckIfDataExist,
TSGTMINGENERPIBR_SERVICE_01.00.0000.iar.yaml,"TSGTMINGENERPIBR_SERVICE
01.00.0000",TSGTMINGENERPIBR_SERVICE,TSGTMingenErpIbReport_Service,01.00.0000,CreateMingenReport(i2),Adapter_Invoke,,,,,TSGTSOAPERPBIP_CONN,TSGTSoapErpBip_Conn,CreateMingenReport,
TSGTMINGENERPIBR_SERVICE_01.00.0000.iar.yaml,"TSGTMINGENERPIBR_SERVICE
01.00.0000",TSGTMINGENERPIBR_SERVICE,TSGTMingenErpIbReport_Service,01.00.0000,CreatePreMingenReport(i5),Adapter_Invoke,,,,,TSGTSOAPERPBIP_CONN,TSGTSoapErpBip_Conn,CreatePreMingenReport,
TSGTMINGENERPIBR_SERVICE_01.00.0000.iar.yaml,"TSGTMINGENERPIBR_SERVICE
01.00.0000",TSGTMINGENERPIBR_SERVICE,TSGTMingenErpIbReport_Service,01.00.0000,GetMetadataFromBO(i4),Adapter_Invoke,,,,/FWKINBOUNDINTGMETADATA,TSGTRESTVBCSBO_CONN,TSGTRestVBCSBO_Conn,GetMetadataFromBO,
TSGTMINGENERPIBR_SERVICE_01.00.0000.iar.yaml,"TSGTMINGENERPIBR_SERVICE
01.00.0000",TSGTMINGENERPIBR_SERVICE,TSGTMingenErpIbReport_Service,01.00.0000,GetXrefIndentifiers(i15),Adapter_Invoke,,,,/FWKINBOUNDINTGMETADATA,TSGTRESTVBCSBO_CONN,TSGTRestVBCSBO_Conn,GetXrefIndentifiers,
TSGTMINGENERPIBR_SERVICE_01.00.0000.iar.yaml,"TSGTMINGENERPIBR_SERVICE
01.00.0000",TSGTMINGENERPIBR_SERVICE,TSGTMingenErpIbReport_Service,01.00.0000,GetXrefTransStatus(i21),Adapter_Invoke,,,,/Transactions,TSGTRESTVBCSBO_CONN,TSGTRestVBCSBO_Conn,GetXrefTransStatus,
TSGTMINGENERPIBR_SERVICE_01.00.0000.iar.yaml,"TSGTMINGENERPIBR_SERVICE
01.00.0000",TSGTMINGENERPIBR_SERVICE,TSGTMingenErpIbReport_Service,01.00.0000,PlaceActualMingenReportinSFTP(i8),Adapter_Invoke,,,,,TSGTFTP_CONN,TSGTFtp_Conn,PlaceActualMingenReportinSFTP,
TSGTMINGENERPIBR_SERVICE_01.00.0000.iar.yaml,"TSGTMINGENERPIBR_SERVICE
01.00.0000",TSGTMINGENERPIBR_SERVICE,TSGTMingenErpIbReport_Service,01.00.0000,PlacePreMingenReportinSFTP(i9),Adapter_Invoke,,,,,TSGTFTP_CONN,TSGTFtp_Conn,PlacePreMingenReportinSFTP,
TSGTMINGENERPIBR_SERVICE_01.00.0000.iar.yaml,"TSGTMINGENERPIBR_SERVICE
01.00.0000",TSGTMINGENERPIBR_SERVICE,TSGTMingenErpIbReport_Service,01.00.0000,PreMinGenReportProcessing(i1),Adapter_Invoke,,,,,TSGTATPCLOUDDB_CONN,TSGTAtpCloudDB_Conn,PreMinGenReportProcessing,
TSGTMINGENERPIBR_SERVICE_01.00.0000.iar.yaml,"TSGTMINGENERPIBR_SERVICE
01.00.0000",TSGTMINGENERPIBR_SERVICE,TSGTMingenErpIbReport_Service,01.00.0000,ProcessMingenReport(i0),Adapter_Invoke,,,,,TSGTATPCLOUDDB_CONN,TSGTAtpCloudDB_Conn,ProcessMingenReport,
TSGTMINGENERPIBR_SERVICE_01.00.0000.iar.yaml,"TSGTMINGENERPIBR_SERVICE
01.00.0000",TSGTMINGENERPIBR_SERVICE,TSGTMingenErpIbReport_Service,01.00.0000,PutActualMingenReport(i13),Adapter_Invoke,,,,/n/{namespaceName}/b/{bucketName}/o/{ObjectName},TSGTOBJECTSTORAG_CONN,TSGTObjectStorage_Conn,PutActualMingenReport,
TSGTMINGENERPIBR_SERVICE_01.00.0000.iar.yaml,"TSGTMINGENERPIBR_SERVICE
01.00.0000",TSGTMINGENERPIBR_SERVICE,TSGTMingenErpIbReport_Service,01.00.0000,PutPreMingenReport(i14),Adapter_Invoke,,,,/n/{namespaceName}/b/{bucketName}/o/{ObjectName},TSGTOBJECTSTORAG_CONN,TSGTObjectStorage_Conn,PutPreMingenReport,
TSGTMINGENERPIBR_SERVICE_01.00.0000.iar.yaml,"TSGTMINGENERPIBR_SERVICE
01.00.0000",TSGTMINGENERPIBR_SERVICE,TSGTMingenErpIbReport_Service,01.00.0000,ReleaseLock(i10),Adapter_Invoke,,,,,TSGTATPCLOUDDB_CONN,TSGTAtpCloudDB_Conn,ReleaseLock,
TSGTMINGENERPIBR_SERVICE_01.00.0000.iar.yaml,"TSGTMINGENERPIBR_SERVICE
01.00.0000",TSGTMINGENERPIBR_SERVICE,TSGTMingenErpIbReport_Service,01.00.0000,ReleaseLockWhileError(i16),Adapter_Invoke,,,,,TSGTATPCLOUDDB_CONN,TSGTAtpCloudDB_Conn,ReleaseLockWhileError,
TSGTMINGENERPMEDIAIB_SERVICE_01.00.0000.iar.yaml,"TSGTMINGENERPMEDIAIB_SERVICE
01.00.0000",TSGTMINGENERPMEDIAIB_SERVICE,TSGTMingenErpMediatorIb_Service,01.00.0000,UpdateObjectSummaryStatus(i17),IntegrationAction,TSGTCMNAPPCOMPOS_SERVICE,01.00.0000,TSGTCmnAppComposerObjUpdate_Service,/RestAPIUpdate/,PRESEEDED_COLLOCATED_CONN_1741,OIC Integration,UpdateObjectSummaryStatus,
TSGTMINGENERPMEDIAIB_SERVICE_01.00.0000.iar.yaml,"TSGTMINGENERPMEDIAIB_SERVICE
01.00.0000",TSGTMINGENERPMEDIAIB_SERVICE,TSGTMingenErpMediatorIb_Service,01.00.0000,InvokeInsertStaggingService(i8),IntegrationAction,TSGTCMNERPMEDIATDATAINSER_SERVIC,01.00.0000,TSGTCmnErpMediatorDataInsertIbFwk_Service,/insertStage,PRESEEDED_COLLOCATED_CONN_1741,OIC Integration,InvokeInsertStaggingService,
TSGTMINGENERPMEDIAIB_SERVICE_01.00.0000.iar.yaml,"TSGTMINGENERPMEDIAIB_SERVICE
01.00.0000",TSGTMINGENERPMEDIAIB_SERVICE,TSGTMingenErpMediatorIb_Service,01.00.0000,InvokeSyncXref(i13),IntegrationAction,TSGTCMNLAUNCHERF_SERVICE,01.00.0000,TSGTCmnLauncherFwk_Service,/invokeLauncher,PRESEEDED_COLLOCATED_CONN_1741,OIC Integration,InvokeSyncXref,
TSGTMINGENERPMEDIAIB_SERVICE_01.00.0000.iar.yaml,"TSGTMINGENERPMEDIAIB_SERVICE
01.00.0000",TSGTMINGENERPMEDIAIB_SERVICE,TSGTMingenErpMediatorIb_Service,01.00.0000,SendEmailNotification(i7),IntegrationAction,TSGTCMNNOTIFICAT_SERVICE,01.00.0000,TSGTCmnNotificationFwk_Service,/Notify,PRESEEDED_COLLOCATED_CONN_1741,OIC Integration,SendEmailNotification,
TSGTMINGENERPMEDIAIB_SERVICE_01.00.0000.iar.yaml,"TSGTMINGENERPMEDIAIB_SERVICE
01.00.0000",TSGTMINGENERPMEDIAIB_SERVICE,TSGTMingenErpMediatorIb_Service,01.00.0000,MoveFileToErrorBucket(i10),IntegrationAction,TSGTCMNSRCOBJSTOTGTOBJSMO_SERVIC,01.00.0000,TSGTCmnSrcObjStorageToTgtObjStorageMove_Service,/getFileFromObjectStorage,PRESEEDED_COLLOCATED_CONN_1741,OIC Integration,MoveFileToErrorBucket,
TSGTMINGENERPMEDIAIB_SERVICE_01.00.0000.iar.yaml,"TSGTMINGENERPMEDIAIB_SERVICE
01.00.0000",TSGTMINGENERPMEDIAIB_SERVICE,TSGTMingenErpMediatorIb_Service,01.00.0000,UpdateInitTransactionAndInstanceLog(i2),IntegrationAction,TSGTCMNUPSERTINS_SERVICE,01.00.0000,TSGTCmnUpsertInstanceTransaction_Service,/UpsertInstanceTransaction,PRESEEDED_COLLOCATED_CONN_1741,OIC Integration,UpdateInitTransactionAndInstanceLog,
TSGTMINGENERPMEDIAIB_SERVICE_01.00.0000.iar.yaml,"TSGTMINGENERPMEDIAIB_SERVICE
01.00.0000",TSGTMINGENERPMEDIAIB_SERVICE,TSGTMingenErpMediatorIb_Service,01.00.0000,UpdateTransactionAndInstanceLog(i1),IntegrationAction,TSGTCMNUPSERTINS_SERVICE,01.00.0000,TSGTCmnUpsertInstanceTransaction_Service,/UpsertInstanceTransaction,PRESEEDED_COLLOCATED_CONN_1741,OIC Integration,UpdateTransactionAndInstanceLog,
TSGTMINGENERPMEDIAIB_SERVICE_01.00.0000.iar.yaml,"TSGTMINGENERPMEDIAIB_SERVICE
01.00.0000",TSGTMINGENERPMEDIAIB_SERVICE,TSGTMingenErpMediatorIb_Service,01.00.0000,InvokeOrchestratorService(i4),IntegrationAction,TSGTMINGENERPORCHIB_SERVICE,01.00.0000,TSGTMingenErpOrchestratorIb_Service,/InputRestOrchCall/,PRESEEDED_COLLOCATED_CONN_1741,OIC Integration,InvokeOrchestratorService,
TSGTMINGENERPMEDIAIB_SERVICE_01.00.0000.iar.yaml,"TSGTMINGENERPMEDIAIB_SERVICE
01.00.0000",TSGTMINGENERPMEDIAIB_SERVICE,TSGTMingenErpMediatorIb_Service,01.00.0000,GetBatchMode(i16),Adapter_Invoke,,,,,TSGTATPCLOUDDB_CONN,TSGTAtpCloudDB_Conn,GetBatchMode,
TSGTMINGENERPMEDIAIB_SERVICE_01.00.0000.iar.yaml,"TSGTMINGENERPMEDIAIB_SERVICE
01.00.0000",TSGTMINGENERPMEDIAIB_SERVICE,TSGTMingenErpMediatorIb_Service,01.00.0000,GetErrorRecords(i11),Adapter_Invoke,,,,,TSGTATPCLOUDDB_CONN,TSGTAtpCloudDB_Conn,GetErrorRecords,
TSGTMINGENERPMEDIAIB_SERVICE_01.00.0000.iar.yaml,"TSGTMINGENERPMEDIAIB_SERVICE
01.00.0000",TSGTMINGENERPMEDIAIB_SERVICE,TSGTMingenErpMediatorIb_Service,01.00.0000,GetInboundMetadataFromBO(i6),Adapter_Invoke,,,,/FWKINBOUNDINTGMETADATA,TSGTRESTVBCSBO_CONN,TSGTRestVBCSBO_Conn,GetInboundMetadataFromBO,
TSGTMINGENERPMEDIAIB_SERVICE_01.00.0000.iar.yaml,"TSGTMINGENERPMEDIAIB_SERVICE
01.00.0000",TSGTMINGENERPMEDIAIB_SERVICE,TSGTMingenErpMediatorIb_Service,01.00.0000,GetInstanceDtls(i3),Adapter_Invoke,,,,/Instances,TSGTRESTVBCSBO_CONN,TSGTRestVBCSBO_Conn,GetInstanceDtls,
TSGTMINGENERPMEDIAIB_SERVICE_01.00.0000.iar.yaml,"TSGTMINGENERPMEDIAIB_SERVICE
01.00.0000",TSGTMINGENERPMEDIAIB_SERVICE,TSGTMingenErpMediatorIb_Service,01.00.0000,GetInstanceStatus(i9),Adapter_Invoke,,,,/Instances,TSGTRESTVBCSBO_CONN,TSGTRestVBCSBO_Conn,GetInstanceStatus,
TSGTMINGENERPMEDIAIB_SERVICE_01.00.0000.iar.yaml,"TSGTMINGENERPMEDIAIB_SERVICE
01.00.0000",TSGTMINGENERPMEDIAIB_SERVICE,TSGTMingenErpMediatorIb_Service,01.00.0000,GetRecordName(i18),Adapter_Invoke,,,,,TSGTATPCLOUDDB_CONN,TSGTAtpCloudDB_Conn,GetRecordName,
TSGTMINGENERPMEDIAIB_SERVICE_01.00.0000.iar.yaml,"TSGTMINGENERPMEDIAIB_SERVICE
01.00.0000",TSGTMINGENERPMEDIAIB_SERVICE,TSGTMingenErpMediatorIb_Service,01.00.0000,GetTransactionDetails(i5),Adapter_Invoke,,,,/TransactionTypes,TSGTRESTVBCSBO_CONN,TSGTRestVBCSBO_Conn,GetTransactionDetails,
TSGTMINGENERPMEDIAIB_SERVICE_01.00.0000.iar.yaml,"TSGTMINGENERPMEDIAIB_SERVICE
01.00.0000",TSGTMINGENERPMEDIAIB_SERVICE,TSGTMingenErpMediatorIb_Service,01.00.0000,GetXrefData(i12),Adapter_Invoke,,,,/FWKINBOUNDINTGMETADATA,TSGTRESTVBCSBO_CONN,TSGTRestVBCSBO_Conn,GetXrefData,
TSGTMINGENERPMEDIAIB_SERVICE_01.00.0000.iar.yaml,"TSGTMINGENERPMEDIAIB_SERVICE
01.00.0000",TSGTMINGENERPMEDIAIB_SERVICE,TSGTMingenErpMediatorIb_Service,01.00.0000,GetXrefStatus(i14),Adapter_Invoke,,,,/Instances,TSGTRESTVBCSBO_CONN,TSGTRestVBCSBO_Conn,GetXrefStatus,
TSGTMINGENERPMEDIAIB_SERVICE_01.00.0000.iar.yaml,"TSGTMINGENERPMEDIAIB_SERVICE
01.00.0000",TSGTMINGENERPMEDIAIB_SERVICE,TSGTMingenErpMediatorIb_Service,01.00.0000,GetXrefTransStatus(i19),Adapter_Invoke,,,,/Transactions,TSGTRESTVBCSBO_CONN,TSGTRestVBCSBO_Conn,GetXrefTransStatus,
TSGTMINGENERPMEDIAIB_SERVICE_01.00.0000.iar.yaml,"TSGTMINGENERPMEDIAIB_SERVICE
01.00.0000",TSGTMINGENERPMEDIAIB_SERVICE,TSGTMingenErpMediatorIb_Service,01.00.0000,ReleaseLockFromATP(i15),Adapter_Invoke,,,,,TSGTATPCLOUDDB_CONN,TSGTAtpCloudDB_Conn,ReleaseLockFromATP,
TSGTMINGENERPMEDIAIB_SERVICE_01.00.0000.iar.yaml,"TSGTMINGENERPMEDIAIB_SERVICE
01.00.0000",TSGTMINGENERPMEDIAIB_SERVICE,TSGTMingenErpMediatorIb_Service,01.00.0000,TransformStageToFBDIPrc(i0),Adapter_Invoke,,,,,TSGTATPCLOUDDB_CONN,TSGTAtpCloudDB_Conn,TransformStageToFBDIPrc,
TSGTMINGENERPORCHIB_SERVICE_01.00.0000.iar.yaml,"TSGTMINGENERPORCHIB_SERVICE
01.00.0000",TSGTMINGENERPORCHIB_SERVICE,TSGTMingenErpOrchestratorIb_Service,01.00.0000,InvokeErrorHandlerService(i14),IntegrationAction,HC_CMN_NOTIFICA_SERVICE,01.00.0000,,/Notify,PRESEEDED_COLLOCATED_CONN_1741,OIC Integration,InvokeErrorHandlerService,
TSGTMINGENERPORCHIB_SERVICE_01.00.0000.iar.yaml,"TSGTMINGENERPORCHIB_SERVICE
01.00.0000",TSGTMINGENERPORCHIB_SERVICE,TSGTMingenErpOrchestratorIb_Service,01.00.0000,SendFailedEmailNotification(i11),IntegrationAction,TSGTCMNNOTIFICAT_SERVICE,01.00.0000,TSGTCmnNotificationFwk_Service,/Notify,PRESEEDED_COLLOCATED_CONN_1741,OIC Integration,SendFailedEmailNotification,
TSGTMINGENERPORCHIB_SERVICE_01.00.0000.iar.yaml,"TSGTMINGENERPORCHIB_SERVICE
01.00.0000",TSGTMINGENERPORCHIB_SERVICE,TSGTMingenErpOrchestratorIb_Service,01.00.0000,SendNotification(i15),IntegrationAction,TSGTCMNNOTIFICAT_SERVICE,01.00.0000,TSGTCmnNotificationFwk_Service,/Notify,PRESEEDED_COLLOCATED_CONN_1741,OIC Integration,SendNotification,
TSGTMINGENERPORCHIB_SERVICE_01.00.0000.iar.yaml,"TSGTMINGENERPORCHIB_SERVICE
01.00.0000",TSGTMINGENERPORCHIB_SERVICE,TSGTMingenErpOrchestratorIb_Service,01.00.0000,MoveFileToArchiveBucket(i18),IntegrationAction,TSGTCMNSRCOBJSTOTGTOBJSMO_SERVIC,01.00.0000,TSGTCmnSrcObjStorageToTgtObjStorageMove_Service,/getFileFromObjectStorage,PRESEEDED_COLLOCATED_CONN_1741,OIC Integration,MoveFileToArchiveBucket,
TSGTMINGENERPORCHIB_SERVICE_01.00.0000.iar.yaml,"TSGTMINGENERPORCHIB_SERVICE
01.00.0000",TSGTMINGENERPORCHIB_SERVICE,TSGTMingenErpOrchestratorIb_Service,01.00.0000,MoveFileToErrorBucket(i17),IntegrationAction,TSGTCMNSRCOBJSTOTGTOBJSMO_SERVIC,01.00.0000,TSGTCmnSrcObjStorageToTgtObjStorageMove_Service,/getFileFromObjectStorage,PRESEEDED_COLLOCATED_CONN_1741,OIC Integration,MoveFileToErrorBucket,
TSGTMINGENERPORCHIB_SERVICE_01.00.0000.iar.yaml,"TSGTMINGENERPORCHIB_SERVICE
01.00.0000",TSGTMINGENERPORCHIB_SERVICE,TSGTMingenErpOrchestratorIb_Service,01.00.0000,InvokeLoggerService-Initiation(i7),IntegrationAction,TSGTCMNUPSERTINS_SERVICE,01.00.0000,TSGTCmnUpsertInstanceTransaction_Service,/UpsertInstanceTransaction,PRESEEDED_COLLOCATED_CONN_1741,OIC Integration,InvokeLoggerService-Initiation,
TSGTMINGENERPORCHIB_SERVICE_01.00.0000.iar.yaml,"TSGTMINGENERPORCHIB_SERVICE
01.00.0000",TSGTMINGENERPORCHIB_SERVICE,TSGTMingenErpOrchestratorIb_Service,01.00.0000,UpddateTransactionAndInstanceStatus(i10),IntegrationAction,TSGTCMNUPSERTINS_SERVICE,01.00.0000,TSGTCmnUpsertInstanceTransaction_Service,/UpsertInstanceTransaction,PRESEEDED_COLLOCATED_CONN_1741,OIC Integration,UpddateTransactionAndInstanceStatus,
TSGTMINGENERPORCHIB_SERVICE_01.00.0000.iar.yaml,"TSGTMINGENERPORCHIB_SERVICE
01.00.0000",TSGTMINGENERPORCHIB_SERVICE,TSGTMingenErpOrchestratorIb_Service,01.00.0000,InvokeMingenReportServ(i0),IntegrationAction,TSGTMINGENERPIBR_SERVICE,01.00.0000,TSGTMingenErpIbReport_Service,/GenerateMingenReport,PRESEEDED_COLLOCATED_CONN_1741,OIC Integration,InvokeMingenReportServ,
TSGTMINGENERPORCHIB_SERVICE_01.00.0000.iar.yaml,"TSGTMINGENERPORCHIB_SERVICE
01.00.0000",TSGTMINGENERPORCHIB_SERVICE,TSGTMingenErpOrchestratorIb_Service,01.00.0000,GetBatchMode(i5),Adapter_Invoke,,,,,TSGTATPCLOUDDB_CONN,TSGTAtpCloudDB_Conn,GetBatchMode,
TSGTMINGENERPORCHIB_SERVICE_01.00.0000.iar.yaml,"TSGTMINGENERPORCHIB_SERVICE
01.00.0000",TSGTMINGENERPORCHIB_SERVICE,TSGTMingenErpOrchestratorIb_Service,01.00.0000,GetCompletionStatus(i2),Adapter_Invoke,,,,/Instances,TSGTRESTVBCSBO_CONN,TSGTRestVBCSBO_Conn,GetCompletionStatus,
TSGTMINGENERPORCHIB_SERVICE_01.00.0000.iar.yaml,"TSGTMINGENERPORCHIB_SERVICE
01.00.0000",TSGTMINGENERPORCHIB_SERVICE,TSGTMingenErpOrchestratorIb_Service,01.00.0000,GetInstanceDtls(i13),Adapter_Invoke,,,,/Instances,TSGTRESTVBCSBO_CONN,TSGTRestVBCSBO_Conn,GetInstanceDtls,
TSGTMINGENERPORCHIB_SERVICE_01.00.0000.iar.yaml,"TSGTMINGENERPORCHIB_SERVICE
01.00.0000",TSGTMINGENERPORCHIB_SERVICE,TSGTMingenErpOrchestratorIb_Service,01.00.0000,GetMetadataInfo(i1),Adapter_Invoke,,,,/FWKINBOUNDINTGMETADATA,TSGTRESTVBCSBO_CONN,TSGTRestVBCSBO_Conn,GetMetadataInfo,
TSGTMINGENERPORCHIB_SERVICE_01.00.0000.iar.yaml,"TSGTMINGENERPORCHIB_SERVICE
01.00.0000",TSGTMINGENERPORCHIB_SERVICE,TSGTMingenErpOrchestratorIb_Service,01.00.0000,GetPeriodFromInfoGen(i4),Adapter_Invoke,,,,,TSGTATPCLOUDDB_CONN,TSGTAtpCloudDB_Conn,GetPeriodFromInfoGen,
TSGTMINGENERPORCHIB_SERVICE_01.00.0000.iar.yaml,"TSGTMINGENERPORCHIB_SERVICE
01.00.0000",TSGTMINGENERPORCHIB_SERVICE,TSGTMingenErpOrchestratorIb_Service,01.00.0000,SetReportStat(i3),Adapter_Invoke,,,,,TSGTATPCLOUDDB_CONN,TSGTAtpCloudDB_Conn,SetReportStat,
TSGTMINGENERPORCHIB_SERVICE_01.00.0000.iar.yaml,"TSGTMINGENERPORCHIB_SERVICE
01.00.0000",TSGTMINGENERPORCHIB_SERVICE,TSGTMingenErpOrchestratorIb_Service,01.00.0000,SetReportStatusLoadSync(i6),Adapter_Invoke,,,,,TSGTATPCLOUDDB_CONN,TSGTAtpCloudDB_Conn,SetReportStatusLoadSync,
TSGTMINGENERPRPT_INTGSERVIC_IB_01.00.0000.iar.yaml,"TSGTMINGENERPRPT_INTGSERVIC_IB
01.00.0000",TSGTMINGENERPRPT_INTGSERVIC_IB,TSGTMingenErpReport_IntgService_IB,01.00.0000,SendNotification(i1),IntegrationAction,TSGTCMNNOTIFICAT_SERVICE,01.00.0000,TSGTCmnNotificationFwk_Service,/Notify,PRESEEDED_COLLOCATED_CONN_1741,OIC Integration,SendNotification,
TSGTMINGENERPRPT_INTGSERVIC_IB_01.00.0000.iar.yaml,"TSGTMINGENERPRPT_INTGSERVIC_IB
01.00.0000",TSGTMINGENERPRPT_INTGSERVIC_IB,TSGTMingenErpReport_IntgService_IB,01.00.0000,InvokeMingenInitService(i0),IntegrationAction,TSGTMINGENERPIBI_SERVICE,01.00.0000,TSGTMingenErpIbInit_Service,/InitService,PRESEEDED_COLLOCATED_CONN_1741,OIC Integration,InvokeMingenInitService,
TSGTMINGENERPRPT_INTGSERVIC_IB_01.00.0000.iar.yaml,"TSGTMINGENERPRPT_INTGSERVIC_IB
01.00.0000",TSGTMINGENERPRPT_INTGSERVIC_IB,TSGTMingenErpReport_IntgService_IB,01.00.0000,GetMetadataFromBO(i3),Adapter_Invoke,,,,/FWKOUTBOUNDINTGMETADATA,TSGTRESTVBCSBO_CONN,TSGTRestVBCSBO_Conn,GetMetadataFromBO,
TSGTMISCCOSTERPO_SERVICE_01.00.0000.iar.yaml,"TSGTMISCCOSTERPO_SERVICE
01.00.0000",TSGTMISCCOSTERPO_SERVICE,TSGTMiscCostErpOrchestratorIbFwk_Service,01.00.0000,InvokeErrorHandlerService(i14),IntegrationAction,HC_CMN_NOTIFICA_SERVICE,01.00.0000,,/Notify,PRESEEDED_COLLOCATED_CONN_1741,OIC Integration,InvokeErrorHandlerService,
TSGTMISCCOSTERPO_SERVICE_01.00.0000.iar.yaml,"TSGTMISCCOSTERPO_SERVICE
01.00.0000",TSGTMISCCOSTERPO_SERVICE,TSGTMiscCostErpOrchestratorIbFwk_Service,01.00.0000,InvokeUploadResultFiletoObjectStorage(i20),IntegrationAction,TSGTCMNFILEREFER_SERVICE,01.00.0000,TSGTCmnFileReferencetoObjectStorage_Service,/getFileFromObjectStorage,PRESEEDED_COLLOCATED_CONN_1741,OIC Integration,InvokeUploadResultFiletoObjectStorage,
TSGTMISCCOSTERPO_SERVICE_01.00.0000.iar.yaml,"TSGTMISCCOSTERPO_SERVICE
01.00.0000",TSGTMISCCOSTERPO_SERVICE,TSGTMiscCostErpOrchestratorIbFwk_Service,01.00.0000,SendFailedEmailNotification(i11),IntegrationAction,TSGTCMNNOTIFICAT_SERVICE,01.00.0000,TSGTCmnNotificationFwk_Service,/Notify,PRESEEDED_COLLOCATED_CONN_1741,OIC Integration,SendFailedEmailNotification,
TSGTMISCCOSTERPO_SERVICE_01.00.0000.iar.yaml,"TSGTMISCCOSTERPO_SERVICE
01.00.0000",TSGTMISCCOSTERPO_SERVICE,TSGTMiscCostErpOrchestratorIbFwk_Service,01.00.0000,SendNotification(i15),IntegrationAction,TSGTCMNNOTIFICAT_SERVICE,01.00.0000,TSGTCmnNotificationFwk_Service,/Notify,PRESEEDED_COLLOCATED_CONN_1741,OIC Integration,SendNotification,
TSGTMISCCOSTERPO_SERVICE_01.00.0000.iar.yaml,"TSGTMISCCOSTERPO_SERVICE
01.00.0000",TSGTMISCCOSTERPO_SERVICE,TSGTMiscCostErpOrchestratorIbFwk_Service,01.00.0000,InvokeEssLogOutput(i12),IntegrationAction,TSGTCMNSENDESSLOGOUTPUTEMAIL,01.00.0000,TSGTCmnSendESSLogOutputEmail,/getDocumentforESSJobId,PRESEEDED_COLLOCATED_CONN_1741,OIC Integration,InvokeEssLogOutput,
TSGTMISCCOSTERPO_SERVICE_01.00.0000.iar.yaml,"TSGTMISCCOSTERPO_SERVICE
01.00.0000",TSGTMISCCOSTERPO_SERVICE,TSGTMiscCostErpOrchestratorIbFwk_Service,01.00.0000,MoveFileToArchiveBucket(i18),IntegrationAction,TSGTCMNSRCOBJSTOTGTOBJSMO_SERVIC,01.00.0000,TSGTCmnSrcObjStorageToTgtObjStorageMove_Service,/getFileFromObjectStorage,PRESEEDED_COLLOCATED_CONN_1741,OIC Integration,MoveFileToArchiveBucket,
TSGTMISCCOSTERPO_SERVICE_01.00.0000.iar.yaml,"TSGTMISCCOSTERPO_SERVICE
01.00.0000",TSGTMISCCOSTERPO_SERVICE,TSGTMiscCostErpOrchestratorIbFwk_Service,01.00.0000,MoveFileToErrorBucket(i17),IntegrationAction,TSGTCMNSRCOBJSTOTGTOBJSMO_SERVIC,01.00.0000,TSGTCmnSrcObjStorageToTgtObjStorageMove_Service,/getFileFromObjectStorage,PRESEEDED_COLLOCATED_CONN_1741,OIC Integration,MoveFileToErrorBucket,
TSGTMISCCOSTERPO_SERVICE_01.00.0000.iar.yaml,"TSGTMISCCOSTERPO_SERVICE
01.00.0000",TSGTMISCCOSTERPO_SERVICE,TSGTMiscCostErpOrchestratorIbFwk_Service,01.00.0000,InvokeLoggerService-Initiation(i7),IntegrationAction,TSGTCMNUPSERTINS_SERVICE,01.00.0000,TSGTCmnUpsertInstanceTransaction_Service,/UpsertInstanceTransaction,PRESEEDED_COLLOCATED_CONN_1741,OIC Integration,InvokeLoggerService-Initiation,
TSGTMISCCOSTERPO_SERVICE_01.00.0000.iar.yaml,"TSGTMISCCOSTERPO_SERVICE
01.00.0000",TSGTMISCCOSTERPO_SERVICE,TSGTMiscCostErpOrchestratorIbFwk_Service,01.00.0000,UpdateESSJobId(i0),IntegrationAction,TSGTCMNUPSERTINS_SERVICE,01.00.0000,TSGTCmnUpsertInstanceTransaction_Service,/UpsertInstanceTransaction,PRESEEDED_COLLOCATED_CONN_1741,OIC Integration,UpdateESSJobId,
TSGTMISCCOSTERPO_SERVICE_01.00.0000.iar.yaml,"TSGTMISCCOSTERPO_SERVICE
01.00.0000",TSGTMISCCOSTERPO_SERVICE,TSGTMiscCostErpOrchestratorIbFwk_Service,01.00.0000,UpddateTransactionAndInstanceStatus(i10),IntegrationAction,TSGTCMNUPSERTINS_SERVICE,01.00.0000,TSGTCmnUpsertInstanceTransaction_Service,/UpsertInstanceTransaction,PRESEEDED_COLLOCATED_CONN_1741,OIC Integration,UpddateTransactionAndInstanceStatus,
TSGTMISCCOSTERPO_SERVICE_01.00.0000.iar.yaml,"TSGTMISCCOSTERPO_SERVICE
01.00.0000",TSGTMISCCOSTERPO_SERVICE,TSGTMiscCostErpOrchestratorIbFwk_Service,01.00.0000,GetCallbackStatus(i3),Adapter_Invoke,,,,/Logger/{Logger_Id}/action/getESSJobStatus,TSGTRESTVBCSBO_CONN,TSGTRestVBCSBO_Conn,GetCallbackStatus,
TSGTMISCCOSTERPO_SERVICE_01.00.0000.iar.yaml,"TSGTMISCCOSTERPO_SERVICE
01.00.0000",TSGTMISCCOSTERPO_SERVICE,TSGTMiscCostErpOrchestratorIbFwk_Service,01.00.0000,GetEssOutputReportIdFromInstance(i8),Adapter_Invoke,,,,/Instances,TSGTRESTVBCSBO_CONN,TSGTRestVBCSBO_Conn,GetEssOutputReportIdFromInstance,
TSGTMISCCOSTERPO_SERVICE_01.00.0000.iar.yaml,"TSGTMISCCOSTERPO_SERVICE
01.00.0000",TSGTMISCCOSTERPO_SERVICE,TSGTMiscCostErpOrchestratorIbFwk_Service,01.00.0000,GetInputFileRecordCount(i5),Adapter_Invoke,,,,,TSGTATPCLOUDDB_CONN,TSGTAtpCloudDB_Conn,GetInputFileRecordCount,
TSGTMISCCOSTERPO_SERVICE_01.00.0000.iar.yaml,"TSGTMISCCOSTERPO_SERVICE
01.00.0000",TSGTMISCCOSTERPO_SERVICE,TSGTMiscCostErpOrchestratorIbFwk_Service,01.00.0000,GetInstanceDtls(i13),Adapter_Invoke,,,,/Instances,TSGTRESTVBCSBO_CONN,TSGTRestVBCSBO_Conn,GetInstanceDtls,
TSGTMISCCOSTERPO_SERVICE_01.00.0000.iar.yaml,"TSGTMISCCOSTERPO_SERVICE
01.00.0000",TSGTMISCCOSTERPO_SERVICE,TSGTMiscCostErpOrchestratorIbFwk_Service,01.00.0000,GetJobDetails(i9),Adapter_Invoke,,,,/Instances,TSGTRESTVBCSBO_CONN,TSGTRestVBCSBO_Conn,GetJobDetails,
TSGTMISCCOSTERPO_SERVICE_01.00.0000.iar.yaml,"TSGTMISCCOSTERPO_SERVICE
01.00.0000",TSGTMISCCOSTERPO_SERVICE,TSGTMiscCostErpOrchestratorIbFwk_Service,01.00.0000,GetMetadataInfo(i1),Adapter_Invoke,,,,/FWKINBOUNDINTGMETADATA,TSGTRESTVBCSBO_CONN,TSGTRestVBCSBO_Conn,GetMetadataInfo,
TSGTMISCCOSTERPO_SERVICE_01.00.0000.iar.yaml,"TSGTMISCCOSTERPO_SERVICE
01.00.0000",TSGTMISCCOSTERPO_SERVICE,TSGTMiscCostErpOrchestratorIbFwk_Service,01.00.0000,GetPJCInterfaceData(i19),Adapter_Invoke,,,,,TSGTATPCLOUDDB_CONN,TSGTAtpCloudDB_Conn,GetPJCInterfaceData,
TSGTMISCCOSTERPO_SERVICE_01.00.0000.iar.yaml,"TSGTMISCCOSTERPO_SERVICE
01.00.0000",TSGTMISCCOSTERPO_SERVICE,TSGTMiscCostErpOrchestratorIbFwk_Service,01.00.0000,ImportCostBulkData(i2),Adapter_Invoke,,,,,TSGTERPCLOUD_CONN,TSGTErpCloud_Conn,ImportCostBulkData,
TSGTMISCCOSTERPO_SERVICE_01.00.0000.iar.yaml,"TSGTMISCCOSTERPO_SERVICE
01.00.0000",TSGTMISCCOSTERPO_SERVICE,TSGTMiscCostErpOrchestratorIbFwk_Service,01.00.0000,InvokePJCSuccessRecordCount(i4),Adapter_Invoke,,,,,TSGTSOAPERPBIP_CONN,TSGTSoapErpBip_Conn,InvokePJCSuccessRecordCount,
TSGTMISCCOSTERPO_SERVICE_01.00.0000.iar.yaml,"TSGTMISCCOSTERPO_SERVICE
01.00.0000",TSGTMISCCOSTERPO_SERVICE,TSGTMiscCostErpOrchestratorIbFwk_Service,01.00.0000,InvokePJCSuccessRecordsReport(i6),Adapter_Invoke,,,,,TSGTSOAPERPBIP_CONN,TSGTSoapErpBip_Conn,InvokePJCSuccessRecordsReport,
TSGTMISCCOSTERPO_SERVICE_01.00.0000.iar.yaml,"TSGTMISCCOSTERPO_SERVICE
01.00.0000",TSGTMISCCOSTERPO_SERVICE,TSGTMiscCostErpOrchestratorIbFwk_Service,01.00.0000,MoveFBDIZipFileToEnrichedBucket(i16),Adapter_Invoke,,,,/n/{namespace}/b/{bucketName}/o/{objectName},TSGTOBJECTSTORAG_CONN,TSGTObjectStorage_Conn,MoveFBDIZipFileToEnrichedBucket,
TSGTOATIAR_INTGSERVIC_IB_01.00.0000.iar.yaml,"TSGTOATIAR_INTGSERVIC_IB
01.00.0000",TSGTOATIAR_INTGSERVIC_IB,TSGTOATIARInvoice_IntgService_IB,01.00.0000,InvokeCommonLauncher(i0),IntegrationAction,TSGTCMNLAUNCHERF_SERVICE,01.00.0000,TSGTCmnLauncherFwk_Service,/invokeLauncher,PRESEEDED_COLLOCATED_CONN_1741,OIC Integration,InvokeCommonLauncher,
TSGTOATIAR_INTGSERVIC_IB_01.00.0000.iar.yaml,"TSGTOATIAR_INTGSERVIC_IB
01.00.0000",TSGTOATIAR_INTGSERVIC_IB,TSGTOATIARInvoice_IntgService_IB,01.00.0000,SendNotification(i1),IntegrationAction,TSGTCMNNOTIFICAT_SERVICE,01.00.0000,TSGTCmnNotificationFwk_Service,/Notify,PRESEEDED_COLLOCATED_CONN_1741,OIC Integration,SendNotification,
TSGTOATIAR_INTGSERVIC_IB_01.00.0000.iar.yaml,"TSGTOATIAR_INTGSERVIC_IB
01.00.0000",TSGTOATIAR_INTGSERVIC_IB,TSGTOATIARInvoice_IntgService_IB,01.00.0000,GetMetadataFromBO(i3),Adapter_Invoke,,,,/FWKOUTBOUNDINTGMETADATA,TSGTRESTVBCSBO_CONN,TSGTRestVBCSBO_Conn,GetMetadataFromBO,
TSGTPROJECTASKEXTR_INTGSERVIC_OB_01.00.0000.iar.yaml,"TSGTPROJECTASKEXTR_INTGSERVIC_OB
01.00.0000",TSGTPROJECTASKEXTR_INTGSERVIC_OB,TSGTProjectTaskExtract_IntgService_OB,01.00.0000,InvokeCommonLauncher(i0),IntegrationAction,TSGTCMNLAUNCHERF_SERVICE,01.00.0000,TSGTCmnLauncherFwk_Service,/invokeLauncher,PRESEEDED_COLLOCATED_CONN_1741,OIC Integration,InvokeCommonLauncher,
TSGTPROJECTASKEXTR_INTGSERVIC_OB_01.00.0000.iar.yaml,"TSGTPROJECTASKEXTR_INTGSERVIC_OB
01.00.0000",TSGTPROJECTASKEXTR_INTGSERVIC_OB,TSGTProjectTaskExtract_IntgService_OB,01.00.0000,SendNotification(i1),IntegrationAction,TSGTCMNNOTIFICAT_SERVICE,01.00.0000,TSGTCmnNotificationFwk_Service,/Notify,PRESEEDED_COLLOCATED_CONN_1741,OIC Integration,SendNotification,
TSGTPROJECTASKEXTR_INTGSERVIC_OB_01.00.0000.iar.yaml,"TSGTPROJECTASKEXTR_INTGSERVIC_OB
01.00.0000",TSGTPROJECTASKEXTR_INTGSERVIC_OB,TSGTProjectTaskExtract_IntgService_OB,01.00.0000,GetMetadataFromBO(i3),Adapter_Invoke,,,,/FWKOUTBOUNDINTGMETADATA,TSGTRESTVBCSBO_CONN,TSGTRestVBCSBO_Conn,GetMetadataFromBO,
TSGTPROJLABORCOST_INTGSERVIC_OB_01.00.0000.iar.yaml,"TSGTPROJLABORCOST_INTGSERVIC_OB
01.00.0000",TSGTPROJLABORCOST_INTGSERVIC_OB,TSGTProjectLaborCostExtract_IntgService_OB,01.00.0000,InvokeCommonLauncher(i0),IntegrationAction,TSGTCMNLAUNCHERF_SERVICE,01.00.0000,TSGTCmnLauncherFwk_Service,/invokeLauncher,PRESEEDED_COLLOCATED_CONN_1741,OIC Integration,InvokeCommonLauncher,
TSGTPROJLABORCOST_INTGSERVIC_OB_01.00.0000.iar.yaml,"TSGTPROJLABORCOST_INTGSERVIC_OB
01.00.0000",TSGTPROJLABORCOST_INTGSERVIC_OB,TSGTProjectLaborCostExtract_IntgService_OB,01.00.0000,SendNotification(i1),IntegrationAction,TSGTCMNNOTIFICAT_SERVICE,01.00.0000,TSGTCmnNotificationFwk_Service,/Notify,PRESEEDED_COLLOCATED_CONN_1741,OIC Integration,SendNotification,
TSGTPROJLABORCOST_INTGSERVIC_OB_01.00.0000.iar.yaml,"TSGTPROJLABORCOST_INTGSERVIC_OB
01.00.0000",TSGTPROJLABORCOST_INTGSERVIC_OB,TSGTProjectLaborCostExtract_IntgService_OB,01.00.0000,GetMetadataFromBO(i3),Adapter_Invoke,,,,/FWKOUTBOUNDINTGMETADATA,TSGTRESTVBCSBO_CONN,TSGTRestVBCSBO_Conn,GetMetadataFromBO,
TSGTRAPIDI_INTGSERVIC_OB_01.00.0000.iar.yaml,"TSGTRAPIDI_INTGSERVIC_OB
01.00.0000",TSGTRAPIDI_INTGSERVIC_OB,TSGTRapidItemExtract_IntgService_OB,01.00.0000,InvokeCommonLauncher(i0),IntegrationAction,TSGTCMNLAUNCHERF_SERVICE,01.00.0000,TSGTCmnLauncherFwk_Service,/invokeLauncher,PRESEEDED_COLLOCATED_CONN_1741,OIC Integration,InvokeCommonLauncher,
TSGTRAPIDI_INTGSERVIC_OB_01.00.0000.iar.yaml,"TSGTRAPIDI_INTGSERVIC_OB
01.00.0000",TSGTRAPIDI_INTGSERVIC_OB,TSGTRapidItemExtract_IntgService_OB,01.00.0000,SendNotification(i1),IntegrationAction,TSGTCMNNOTIFICAT_SERVICE,01.00.0000,TSGTCmnNotificationFwk_Service,/Notify,PRESEEDED_COLLOCATED_CONN_1741,OIC Integration,SendNotification,
TSGTRAPIDI_INTGSERVIC_OB_01.00.0000.iar.yaml,"TSGTRAPIDI_INTGSERVIC_OB
01.00.0000",TSGTRAPIDI_INTGSERVIC_OB,TSGTRapidItemExtract_IntgService_OB,01.00.0000,GetMetadataFromBO(i3),Adapter_Invoke,,,,/FWKOUTBOUNDINTGMETADATA,TSGTRESTVBCSBO_CONN,TSGTRestVBCSBO_Conn,GetMetadataFromBO,
TSGTSCHEDU_HCMWORKERE_SERVICE_01.00.0000.iar.yaml,"TSGTSCHEDU_HCMWORKERE_SERVICE
01.00.0000",TSGTSCHEDU_HCMWORKERE_SERVICE,TSGTScheduler_HCMWorkerEPM_Service,01.00.0000,callOutboundLauncher(i4),IntegrationAction,TSGTCMNHCMLAUNCH_SERVICE,01.00.0000,TSGTCmnHcmLauncherFwk_Service,/InvokeLauncher,PRESEEDED_COLLOCATED_CONN_1741,OIC Integration,callOutboundLauncher,
TSGTSCHEDU_HCMWORKERE_SERVICE_01.00.0000.iar.yaml,"TSGTSCHEDU_HCMWORKERE_SERVICE
01.00.0000",TSGTSCHEDU_HCMWORKERE_SERVICE,TSGTScheduler_HCMWorkerEPM_Service,01.00.0000,invokeCommonOutboundLauncher(i5),IntegrationAction,TSGTCMNHCMLAUNCH_SERVICE,01.00.0000,TSGTCmnHcmLauncherFwk_Service,/InvokeLauncher,PRESEEDED_COLLOCATED_CONN_1741,OIC Integration,invokeCommonOutboundLauncher,
TSGTSCHEDU_HCMWORKERE_SERVICE_01.00.0000.iar.yaml,"TSGTSCHEDU_HCMWORKERE_SERVICE
01.00.0000",TSGTSCHEDU_HCMWORKERE_SERVICE,TSGTScheduler_HCMWorkerEPM_Service,01.00.0000,invokeHCMInboundLauncher(i2),IntegrationAction,TSGTCMNHCMLAUNCH_SERVICE,01.00.0000,TSGTCmnHcmLauncherFwk_Service,/InvokeLauncher,PRESEEDED_COLLOCATED_CONN_1741,OIC Integration,invokeHCMInboundLauncher,
TSGTSCHEDU_HCMWORKERE_SERVICE_01.00.0000.iar.yaml,"TSGTSCHEDU_HCMWORKERE_SERVICE
01.00.0000",TSGTSCHEDU_HCMWORKERE_SERVICE,TSGTScheduler_HCMWorkerEPM_Service,01.00.0000,launchHCMInboundLauncher(i3),IntegrationAction,TSGTCMNHCMLAUNCH_SERVICE,01.00.0000,TSGTCmnHcmLauncherFwk_Service,/InvokeLauncher,PRESEEDED_COLLOCATED_CONN_1741,OIC Integration,launchHCMInboundLauncher,
TSGTSCHEDU_HCMWORKERE_SERVICE_01.00.0000.iar.yaml,"TSGTSCHEDU_HCMWORKERE_SERVICE
01.00.0000",TSGTSCHEDU_HCMWORKERE_SERVICE,TSGTScheduler_HCMWorkerEPM_Service,01.00.0000,getInboundMetadataDetails(i0),Adapter_Invoke,,,,/FWKINBOUNDINTGMETADATA,TSGTRESTVBCSBO_CONN,TSGTRestVBCSBO_Conn,getInboundMetadataDetails,
TSGTSCHEDU_HCMWORKERE_SERVICE_01.00.0000.iar.yaml,"TSGTSCHEDU_HCMWORKERE_SERVICE
01.00.0000",TSGTSCHEDU_HCMWORKERE_SERVICE,TSGTScheduler_HCMWorkerEPM_Service,01.00.0000,getOutboundMetadataDetails(i1),Adapter_Invoke,,,,/FWKOUTBOUNDINTGMETADATA,TSGTRESTVBCSBO_CONN,TSGTRestVBCSBO_Conn,getOutboundMetadataDetails,
TSGTSCHEDU_HSA_SERVICE_01.00.0000.iar.yaml,"TSGTSCHEDU_HSA_SERVICE
01.00.0000",TSGTSCHEDU_HSA_SERVICE,TSGTScheduler_HSA_Service,01.00.0000,callOutboundLauncher(i4),IntegrationAction,TSGTCMNHCMLAUNCH_SERVICE,01.00.0000,TSGTCmnHcmLauncherFwk_Service,/InvokeLauncher,PRESEEDED_COLLOCATED_CONN_1741,OIC Integration,callOutboundLauncher,
TSGTSCHEDU_HSA_SERVICE_01.00.0000.iar.yaml,"TSGTSCHEDU_HSA_SERVICE
01.00.0000",TSGTSCHEDU_HSA_SERVICE,TSGTScheduler_HSA_Service,01.00.0000,invokeCommonOutboundLauncher(i5),IntegrationAction,TSGTCMNHCMLAUNCH_SERVICE,01.00.0000,TSGTCmnHcmLauncherFwk_Service,/InvokeLauncher,PRESEEDED_COLLOCATED_CONN_1741,OIC Integration,invokeCommonOutboundLauncher,
TSGTSCHEDU_HSA_SERVICE_01.00.0000.iar.yaml,"TSGTSCHEDU_HSA_SERVICE
01.00.0000",TSGTSCHEDU_HSA_SERVICE,TSGTScheduler_HSA_Service,01.00.0000,invokeHCMInboundLauncher(i2),IntegrationAction,TSGTCMNHCMLAUNCH_SERVICE,01.00.0000,TSGTCmnHcmLauncherFwk_Service,/InvokeLauncher,PRESEEDED_COLLOCATED_CONN_1741,OIC Integration,invokeHCMInboundLauncher,
TSGTSCHEDU_HSA_SERVICE_01.00.0000.iar.yaml,"TSGTSCHEDU_HSA_SERVICE
01.00.0000",TSGTSCHEDU_HSA_SERVICE,TSGTScheduler_HSA_Service,01.00.0000,launchHCMInboundLauncher(i3),IntegrationAction,TSGTCMNHCMLAUNCH_SERVICE,01.00.0000,TSGTCmnHcmLauncherFwk_Service,/InvokeLauncher,PRESEEDED_COLLOCATED_CONN_1741,OIC Integration,launchHCMInboundLauncher,
TSGTSCHEDU_HSA_SERVICE_01.00.0000.iar.yaml,"TSGTSCHEDU_HSA_SERVICE
01.00.0000",TSGTSCHEDU_HSA_SERVICE,TSGTScheduler_HSA_Service,01.00.0000,getInboundMetadataDetails(i0),Adapter_Invoke,,,,/FWKINBOUNDINTGMETADATA,TSGTRESTVBCSBO_CONN,TSGTRestVBCSBO_Conn,getInboundMetadataDetails,
TSGTSCHEDU_HSA_SERVICE_01.00.0000.iar.yaml,"TSGTSCHEDU_HSA_SERVICE
01.00.0000",TSGTSCHEDU_HSA_SERVICE,TSGTScheduler_HSA_Service,01.00.0000,getOutboundMetadataDetails(i1),Adapter_Invoke,,,,/FWKOUTBOUNDINTGMETADATA,TSGTRESTVBCSBO_CONN,TSGTRestVBCSBO_Conn,getOutboundMetadataDetails,
TSGTSCHEDU_SAILPOINT_SERVICE_01.00.0000.iar.yaml,"TSGTSCHEDU_SAILPOINT_SERVICE
01.00.0000",TSGTSCHEDU_SAILPOINT_SERVICE,TSGTScheduler_SailPoint_Service,01.00.0000,callOutboundLauncher(i4),IntegrationAction,TSGTCMNHCMLAUNCH_SERVICE,01.00.0000,TSGTCmnHcmLauncherFwk_Service,/InvokeLauncher,PRESEEDED_COLLOCATED_CONN_1741,OIC Integration,callOutboundLauncher,
TSGTSCHEDU_SAILPOINT_SERVICE_01.00.0000.iar.yaml,"TSGTSCHEDU_SAILPOINT_SERVICE
01.00.0000",TSGTSCHEDU_SAILPOINT_SERVICE,TSGTScheduler_SailPoint_Service,01.00.0000,invokeCommonOutboundLauncher(i5),IntegrationAction,TSGTCMNHCMLAUNCH_SERVICE,01.00.0000,TSGTCmnHcmLauncherFwk_Service,/InvokeLauncher,PRESEEDED_COLLOCATED_CONN_1741,OIC Integration,invokeCommonOutboundLauncher,
TSGTSCHEDU_SAILPOINT_SERVICE_01.00.0000.iar.yaml,"TSGTSCHEDU_SAILPOINT_SERVICE
01.00.0000",TSGTSCHEDU_SAILPOINT_SERVICE,TSGTScheduler_SailPoint_Service,01.00.0000,invokeHCMInboundLauncher(i2),IntegrationAction,TSGTCMNHCMLAUNCH_SERVICE,01.00.0000,TSGTCmnHcmLauncherFwk_Service,/InvokeLauncher,PRESEEDED_COLLOCATED_CONN_1741,OIC Integration,invokeHCMInboundLauncher,
TSGTSCHEDU_SAILPOINT_SERVICE_01.00.0000.iar.yaml,"TSGTSCHEDU_SAILPOINT_SERVICE
01.00.0000",TSGTSCHEDU_SAILPOINT_SERVICE,TSGTScheduler_SailPoint_Service,01.00.0000,launchHCMInboundLauncher(i3),IntegrationAction,TSGTCMNHCMLAUNCH_SERVICE,01.00.0000,TSGTCmnHcmLauncherFwk_Service,/InvokeLauncher,PRESEEDED_COLLOCATED_CONN_1741,OIC Integration,launchHCMInboundLauncher,
TSGTSCHEDU_SAILPOINT_SERVICE_01.00.0000.iar.yaml,"TSGTSCHEDU_SAILPOINT_SERVICE
01.00.0000",TSGTSCHEDU_SAILPOINT_SERVICE,TSGTScheduler_SailPoint_Service,01.00.0000,getInboundMetadataDetails(i0),Adapter_Invoke,,,,/FWKINBOUNDINTGMETADATA,TSGTRESTVBCSBO_CONN,TSGTRestVBCSBO_Conn,getInboundMetadataDetails,
TSGTSCHEDU_SAILPOINT_SERVICE_01.00.0000.iar.yaml,"TSGTSCHEDU_SAILPOINT_SERVICE
01.00.0000",TSGTSCHEDU_SAILPOINT_SERVICE,TSGTScheduler_SailPoint_Service,01.00.0000,getOutboundMetadataDetails(i1),Adapter_Invoke,,,,/FWKOUTBOUNDINTGMETADATA,TSGTRESTVBCSBO_CONN,TSGTRestVBCSBO_Conn,getOutboundMetadataDetails,
TSGTSCHE_FIDELITY_DEF_SERVICE_01.00.0000.iar.yaml,"TSGTSCHE_FIDELITY_DEF_SERVICE
01.00.0000",TSGTSCHE_FIDELITY_DEF_SERVICE,TSGTScheduler_Fidelity401k_Deferral_Service,01.00.0000,callOutboundLauncher(i4),IntegrationAction,TSGTCMNHCMLAUNCH_SERVICE,01.00.0000,TSGTCmnHcmLauncherFwk_Service,/InvokeLauncher,PRESEEDED_COLLOCATED_CONN_1741,OIC Integration,callOutboundLauncher,
TSGTSCHE_FIDELITY_DEF_SERVICE_01.00.0000.iar.yaml,"TSGTSCHE_FIDELITY_DEF_SERVICE
01.00.0000",TSGTSCHE_FIDELITY_DEF_SERVICE,TSGTScheduler_Fidelity401k_Deferral_Service,01.00.0000,invokeCommonOutboundLauncher(i5),IntegrationAction,TSGTCMNHCMLAUNCH_SERVICE,01.00.0000,TSGTCmnHcmLauncherFwk_Service,/InvokeLauncher,PRESEEDED_COLLOCATED_CONN_1741,OIC Integration,invokeCommonOutboundLauncher,
TSGTSCHE_FIDELITY_DEF_SERVICE_01.00.0000.iar.yaml,"TSGTSCHE_FIDELITY_DEF_SERVICE
01.00.0000",TSGTSCHE_FIDELITY_DEF_SERVICE,TSGTScheduler_Fidelity401k_Deferral_Service,01.00.0000,invokeHCMInboundLauncher(i2),IntegrationAction,TSGTCMNHCMLAUNCH_SERVICE,01.00.0000,TSGTCmnHcmLauncherFwk_Service,/InvokeLauncher,PRESEEDED_COLLOCATED_CONN_1741,OIC Integration,invokeHCMInboundLauncher,
TSGTSCHE_FIDELITY_DEF_SERVICE_01.00.0000.iar.yaml,"TSGTSCHE_FIDELITY_DEF_SERVICE
01.00.0000",TSGTSCHE_FIDELITY_DEF_SERVICE,TSGTScheduler_Fidelity401k_Deferral_Service,01.00.0000,launchHCMInboundLauncher(i3),IntegrationAction,TSGTCMNHCMLAUNCH_SERVICE,01.00.0000,TSGTCmnHcmLauncherFwk_Service,/InvokeLauncher,PRESEEDED_COLLOCATED_CONN_1741,OIC Integration,launchHCMInboundLauncher,
TSGTSCHE_FIDELITY_DEF_SERVICE_01.00.0000.iar.yaml,"TSGTSCHE_FIDELITY_DEF_SERVICE
01.00.0000",TSGTSCHE_FIDELITY_DEF_SERVICE,TSGTScheduler_Fidelity401k_Deferral_Service,01.00.0000,DownloadLoanFileToStage(i7),Adapter_Invoke,,,,,TSGTFIDELITYFTP_CONN,TSGTFidelityFtp_Conn,DownloadLoanFileToStage,
TSGTSCHE_FIDELITY_DEF_SERVICE_01.00.0000.iar.yaml,"TSGTSCHE_FIDELITY_DEF_SERVICE
01.00.0000",TSGTSCHE_FIDELITY_DEF_SERVICE,TSGTScheduler_Fidelity401k_Deferral_Service,01.00.0000,GetFileFromVendorSFTP(i6),Adapter_Invoke,,,,,TSGTFIDELITYFTP_CONN,TSGTFidelityFtp_Conn,GetFileFromVendorSFTP,
TSGTSCHE_FIDELITY_DEF_SERVICE_01.00.0000.iar.yaml,"TSGTSCHE_FIDELITY_DEF_SERVICE
01.00.0000",TSGTSCHE_FIDELITY_DEF_SERVICE,TSGTScheduler_Fidelity401k_Deferral_Service,01.00.0000,WriteLoanFileToOICSftp(i8),Adapter_Invoke,,,,,TSGTFTP_CONN,TSGTFtp_Conn,WriteLoanFileToOICSftp,
TSGTSCHE_FIDELITY_DEF_SERVICE_01.00.0000.iar.yaml,"TSGTSCHE_FIDELITY_DEF_SERVICE
01.00.0000",TSGTSCHE_FIDELITY_DEF_SERVICE,TSGTScheduler_Fidelity401k_Deferral_Service,01.00.0000,getInboundMetadataDetails(i0),Adapter_Invoke,,,,/FWKINBOUNDINTGMETADATA,TSGTRESTVBCSBO_CONN,TSGTRestVBCSBO_Conn,getInboundMetadataDetails,
TSGTSCHE_FIDELITY_DEF_SERVICE_01.00.0000.iar.yaml,"TSGTSCHE_FIDELITY_DEF_SERVICE
01.00.0000",TSGTSCHE_FIDELITY_DEF_SERVICE,TSGTScheduler_Fidelity401k_Deferral_Service,01.00.0000,getOutboundMetadataDetails(i1),Adapter_Invoke,,,,/FWKOUTBOUNDINTGMETADATA,TSGTRESTVBCSBO_CONN,TSGTRestVBCSBO_Conn,getOutboundMetadataDetails,
TSGTSCHE_FIDELITY_LOAN_SERVICE_01.00.0000.iar.yaml,"TSGTSCHE_FIDELITY_LOAN_SERVICE
01.00.0000",TSGTSCHE_FIDELITY_LOAN_SERVICE,TSGTScheduler_Fidelity401k_Loan_Service,01.00.0000,callOutboundLauncher(i4),IntegrationAction,TSGTCMNHCMLAUNCH_SERVICE,01.00.0000,TSGTCmnHcmLauncherFwk_Service,/InvokeLauncher,PRESEEDED_COLLOCATED_CONN_1741,OIC Integration,callOutboundLauncher,
TSGTSCHE_FIDELITY_LOAN_SERVICE_01.00.0000.iar.yaml,"TSGTSCHE_FIDELITY_LOAN_SERVICE
01.00.0000",TSGTSCHE_FIDELITY_LOAN_SERVICE,TSGTScheduler_Fidelity401k_Loan_Service,01.00.0000,invokeCommonOutboundLauncher(i5),IntegrationAction,TSGTCMNHCMLAUNCH_SERVICE,01.00.0000,TSGTCmnHcmLauncherFwk_Service,/InvokeLauncher,PRESEEDED_COLLOCATED_CONN_1741,OIC Integration,invokeCommonOutboundLauncher,
TSGTSCHE_FIDELITY_LOAN_SERVICE_01.00.0000.iar.yaml,"TSGTSCHE_FIDELITY_LOAN_SERVICE
01.00.0000",TSGTSCHE_FIDELITY_LOAN_SERVICE,TSGTScheduler_Fidelity401k_Loan_Service,01.00.0000,invokeHCMInboundLauncher(i2),IntegrationAction,TSGTCMNHCMLAUNCH_SERVICE,01.00.0000,TSGTCmnHcmLauncherFwk_Service,/InvokeLauncher,PRESEEDED_COLLOCATED_CONN_1741,OIC Integration,invokeHCMInboundLauncher,
TSGTSCHE_FIDELITY_LOAN_SERVICE_01.00.0000.iar.yaml,"TSGTSCHE_FIDELITY_LOAN_SERVICE
01.00.0000",TSGTSCHE_FIDELITY_LOAN_SERVICE,TSGTScheduler_Fidelity401k_Loan_Service,01.00.0000,launchHCMInboundLauncher(i3),IntegrationAction,TSGTCMNHCMLAUNCH_SERVICE,01.00.0000,TSGTCmnHcmLauncherFwk_Service,/InvokeLauncher,PRESEEDED_COLLOCATED_CONN_1741,OIC Integration,launchHCMInboundLauncher,
TSGTSCHE_FIDELITY_LOAN_SERVICE_01.00.0000.iar.yaml,"TSGTSCHE_FIDELITY_LOAN_SERVICE
01.00.0000",TSGTSCHE_FIDELITY_LOAN_SERVICE,TSGTScheduler_Fidelity401k_Loan_Service,01.00.0000,DownloadLoanFileToStage(i7),Adapter_Invoke,,,,,TSGTFIDELITYFTP_CONN,TSGTFidelityFtp_Conn,DownloadLoanFileToStage,
TSGTSCHE_FIDELITY_LOAN_SERVICE_01.00.0000.iar.yaml,"TSGTSCHE_FIDELITY_LOAN_SERVICE
01.00.0000",TSGTSCHE_FIDELITY_LOAN_SERVICE,TSGTScheduler_Fidelity401k_Loan_Service,01.00.0000,GetFileFromVendorSFTP(i6),Adapter_Invoke,,,,,TSGTFIDELITYFTP_CONN,TSGTFidelityFtp_Conn,GetFileFromVendorSFTP,
TSGTSCHE_FIDELITY_LOAN_SERVICE_01.00.0000.iar.yaml,"TSGTSCHE_FIDELITY_LOAN_SERVICE
01.00.0000",TSGTSCHE_FIDELITY_LOAN_SERVICE,TSGTScheduler_Fidelity401k_Loan_Service,01.00.0000,WriteLoanFileToOICSftp(i8),Adapter_Invoke,,,,,TSGTFTP_CONN,TSGTFtp_Conn,WriteLoanFileToOICSftp,
TSGTSCHE_FIDELITY_LOAN_SERVICE_01.00.0000.iar.yaml,"TSGTSCHE_FIDELITY_LOAN_SERVICE
01.00.0000",TSGTSCHE_FIDELITY_LOAN_SERVICE,TSGTScheduler_Fidelity401k_Loan_Service,01.00.0000,getInboundMetadataDetails(i0),Adapter_Invoke,,,,/FWKINBOUNDINTGMETADATA,TSGTRESTVBCSBO_CONN,TSGTRestVBCSBO_Conn,getInboundMetadataDetails,
TSGTSCHE_FIDELITY_LOAN_SERVICE_01.00.0000.iar.yaml,"TSGTSCHE_FIDELITY_LOAN_SERVICE
01.00.0000",TSGTSCHE_FIDELITY_LOAN_SERVICE,TSGTScheduler_Fidelity401k_Loan_Service,01.00.0000,getOutboundMetadataDetails(i1),Adapter_Invoke,,,,/FWKOUTBOUNDINTGMETADATA,TSGTRESTVBCSBO_CONN,TSGTRestVBCSBO_Conn,getOutboundMetadataDetails,
TSGTSCHE_SAILPOIN_SERVICE_2_01.00.0000.iar.yaml,"TSGTSCHE_SAILPOIN_SERVICE_2
01.00.0000",TSGTSCHE_SAILPOIN_SERVICE_2,TSGTScheduler_SailPoint_Service_2,01.00.0000,callOutboundLauncher(i4),IntegrationAction,TSGTCMNHCMLAUNCH_SERVICE,01.00.0000,TSGTCmnHcmLauncherFwk_Service,/InvokeLauncher,PRESEEDED_COLLOCATED_CONN_1741,OIC Integration,callOutboundLauncher,
TSGTSCHE_SAILPOIN_SERVICE_2_01.00.0000.iar.yaml,"TSGTSCHE_SAILPOIN_SERVICE_2
01.00.0000",TSGTSCHE_SAILPOIN_SERVICE_2,TSGTScheduler_SailPoint_Service_2,01.00.0000,invokeCommonOutboundLauncher(i5),IntegrationAction,TSGTCMNHCMLAUNCH_SERVICE,01.00.0000,TSGTCmnHcmLauncherFwk_Service,/InvokeLauncher,PRESEEDED_COLLOCATED_CONN_1741,OIC Integration,invokeCommonOutboundLauncher,
TSGTSCHE_SAILPOIN_SERVICE_2_01.00.0000.iar.yaml,"TSGTSCHE_SAILPOIN_SERVICE_2
01.00.0000",TSGTSCHE_SAILPOIN_SERVICE_2,TSGTScheduler_SailPoint_Service_2,01.00.0000,invokeHCMInboundLauncher(i2),IntegrationAction,TSGTCMNHCMLAUNCH_SERVICE,01.00.0000,TSGTCmnHcmLauncherFwk_Service,/InvokeLauncher,PRESEEDED_COLLOCATED_CONN_1741,OIC Integration,invokeHCMInboundLauncher,
TSGTSCHE_SAILPOIN_SERVICE_2_01.00.0000.iar.yaml,"TSGTSCHE_SAILPOIN_SERVICE_2
01.00.0000",TSGTSCHE_SAILPOIN_SERVICE_2,TSGTScheduler_SailPoint_Service_2,01.00.0000,launchHCMInboundLauncher(i3),IntegrationAction,TSGTCMNHCMLAUNCH_SERVICE,01.00.0000,TSGTCmnHcmLauncherFwk_Service,/InvokeLauncher,PRESEEDED_COLLOCATED_CONN_1741,OIC Integration,launchHCMInboundLauncher,
TSGTSCHE_SAILPOIN_SERVICE_2_01.00.0000.iar.yaml,"TSGTSCHE_SAILPOIN_SERVICE_2
01.00.0000",TSGTSCHE_SAILPOIN_SERVICE_2,TSGTScheduler_SailPoint_Service_2,01.00.0000,getInboundMetadataDetails(i0),Adapter_Invoke,,,,/FWKINBOUNDINTGMETADATA,TSGTRESTVBCSBO_CONN,TSGTRestVBCSBO_Conn,getInboundMetadataDetails,
TSGTSCHE_SAILPOIN_SERVICE_2_01.00.0000.iar.yaml,"TSGTSCHE_SAILPOIN_SERVICE_2
01.00.0000",TSGTSCHE_SAILPOIN_SERVICE_2,TSGTScheduler_SailPoint_Service_2,01.00.0000,getOutboundMetadataDetails(i1),Adapter_Invoke,,,,/FWKOUTBOUNDINTGMETADATA,TSGTRESTVBCSBO_CONN,TSGTRestVBCSBO_Conn,getOutboundMetadataDetails,
TSGTSCHE_SAILPOIN_SERVICE_3_01.00.0000.iar.yaml,"TSGTSCHE_SAILPOIN_SERVICE_3
01.00.0000",TSGTSCHE_SAILPOIN_SERVICE_3,TSGTScheduler_SailPoint_Service_3,01.00.0000,callOutboundLauncher(i4),IntegrationAction,TSGTCMNHCMLAUNCH_SERVICE,01.00.0000,TSGTCmnHcmLauncherFwk_Service,/InvokeLauncher,PRESEEDED_COLLOCATED_CONN_1741,OIC Integration,callOutboundLauncher,
TSGTSCHE_SAILPOIN_SERVICE_3_01.00.0000.iar.yaml,"TSGTSCHE_SAILPOIN_SERVICE_3
01.00.0000",TSGTSCHE_SAILPOIN_SERVICE_3,TSGTScheduler_SailPoint_Service_3,01.00.0000,invokeCommonOutboundLauncher(i5),IntegrationAction,TSGTCMNHCMLAUNCH_SERVICE,01.00.0000,TSGTCmnHcmLauncherFwk_Service,/InvokeLauncher,PRESEEDED_COLLOCATED_CONN_1741,OIC Integration,invokeCommonOutboundLauncher,
TSGTSCHE_SAILPOIN_SERVICE_3_01.00.0000.iar.yaml,"TSGTSCHE_SAILPOIN_SERVICE_3
01.00.0000",TSGTSCHE_SAILPOIN_SERVICE_3,TSGTScheduler_SailPoint_Service_3,01.00.0000,invokeHCMInboundLauncher(i2),IntegrationAction,TSGTCMNHCMLAUNCH_SERVICE,01.00.0000,TSGTCmnHcmLauncherFwk_Service,/InvokeLauncher,PRESEEDED_COLLOCATED_CONN_1741,OIC Integration,invokeHCMInboundLauncher,
TSGTSCHE_SAILPOIN_SERVICE_3_01.00.0000.iar.yaml,"TSGTSCHE_SAILPOIN_SERVICE_3
01.00.0000",TSGTSCHE_SAILPOIN_SERVICE_3,TSGTScheduler_SailPoint_Service_3,01.00.0000,launchHCMInboundLauncher(i3),IntegrationAction,TSGTCMNHCMLAUNCH_SERVICE,01.00.0000,TSGTCmnHcmLauncherFwk_Service,/InvokeLauncher,PRESEEDED_COLLOCATED_CONN_1741,OIC Integration,launchHCMInboundLauncher,
TSGTSCHE_SAILPOIN_SERVICE_3_01.00.0000.iar.yaml,"TSGTSCHE_SAILPOIN_SERVICE_3
01.00.0000",TSGTSCHE_SAILPOIN_SERVICE_3,TSGTScheduler_SailPoint_Service_3,01.00.0000,getInboundMetadataDetails(i0),Adapter_Invoke,,,,/FWKINBOUNDINTGMETADATA,TSGTRESTVBCSBO_CONN,TSGTRestVBCSBO_Conn,getInboundMetadataDetails,
TSGTSCHE_SAILPOIN_SERVICE_3_01.00.0000.iar.yaml,"TSGTSCHE_SAILPOIN_SERVICE_3
01.00.0000",TSGTSCHE_SAILPOIN_SERVICE_3,TSGTScheduler_SailPoint_Service_3,01.00.0000,getOutboundMetadataDetails(i1),Adapter_Invoke,,,,/FWKOUTBOUNDINTGMETADATA,TSGTRESTVBCSBO_CONN,TSGTRestVBCSBO_Conn,getOutboundMetadataDetails,
TSGTSCH_COBRA_SERVICE_01.00.0000.iar.yaml,"TSGTSCH_COBRA_SERVICE
01.00.0000",TSGTSCH_COBRA_SERVICE,TSGTScheduler_Cobra_Service,01.00.0000,callOutboundLauncher(i4),IntegrationAction,TSGTCMNHCMLAUNCH_SERVICE,01.00.0000,TSGTCmnHcmLauncherFwk_Service,/InvokeLauncher,PRESEEDED_COLLOCATED_CONN_1741,OIC Integration,callOutboundLauncher,
TSGTSCH_COBRA_SERVICE_01.00.0000.iar.yaml,"TSGTSCH_COBRA_SERVICE
01.00.0000",TSGTSCH_COBRA_SERVICE,TSGTScheduler_Cobra_Service,01.00.0000,invokeCommonOutboundLauncher(i5),IntegrationAction,TSGTCMNHCMLAUNCH_SERVICE,01.00.0000,TSGTCmnHcmLauncherFwk_Service,/InvokeLauncher,PRESEEDED_COLLOCATED_CONN_1741,OIC Integration,invokeCommonOutboundLauncher,
TSGTSCH_COBRA_SERVICE_01.00.0000.iar.yaml,"TSGTSCH_COBRA_SERVICE
01.00.0000",TSGTSCH_COBRA_SERVICE,TSGTScheduler_Cobra_Service,01.00.0000,invokeHCMInboundLauncher(i2),IntegrationAction,TSGTCMNHCMLAUNCH_SERVICE,01.00.0000,TSGTCmnHcmLauncherFwk_Service,/InvokeLauncher,PRESEEDED_COLLOCATED_CONN_1741,OIC Integration,invokeHCMInboundLauncher,
TSGTSCH_COBRA_SERVICE_01.00.0000.iar.yaml,"TSGTSCH_COBRA_SERVICE
01.00.0000",TSGTSCH_COBRA_SERVICE,TSGTScheduler_Cobra_Service,01.00.0000,launchHCMInboundLauncher(i3),IntegrationAction,TSGTCMNHCMLAUNCH_SERVICE,01.00.0000,TSGTCmnHcmLauncherFwk_Service,/InvokeLauncher,PRESEEDED_COLLOCATED_CONN_1741,OIC Integration,launchHCMInboundLauncher,
TSGTSCH_COBRA_SERVICE_01.00.0000.iar.yaml,"TSGTSCH_COBRA_SERVICE
01.00.0000",TSGTSCH_COBRA_SERVICE,TSGTScheduler_Cobra_Service,01.00.0000,getInboundMetadataDetails(i0),Adapter_Invoke,,,,/FWKINBOUNDINTGMETADATA,TSGTRESTVBCSBO_CONN,TSGTRestVBCSBO_Conn,getInboundMetadataDetails,
TSGTSCH_COBRA_SERVICE_01.00.0000.iar.yaml,"TSGTSCH_COBRA_SERVICE
01.00.0000",TSGTSCH_COBRA_SERVICE,TSGTScheduler_Cobra_Service,01.00.0000,getOutboundMetadataDetails(i1),Adapter_Invoke,,,,/FWKOUTBOUNDINTGMETADATA,TSGTRESTVBCSBO_CONN,TSGTRestVBCSBO_Conn,getOutboundMetadataDetails,
TSGTSCH_DELTADENTAL_SERVICE_01.00.0000.iar.yaml,"TSGTSCH_DELTADENTAL_SERVICE
01.00.0000",TSGTSCH_DELTADENTAL_SERVICE,TSGTScheduler_DeltaDental_Service,01.00.0000,callOutboundLauncher(i4),IntegrationAction,TSGTCMNHCMLAUNCH_SERVICE,01.00.0000,TSGTCmnHcmLauncherFwk_Service,/InvokeLauncher,PRESEEDED_COLLOCATED_CONN_1741,OIC Integration,callOutboundLauncher,
TSGTSCH_DELTADENTAL_SERVICE_01.00.0000.iar.yaml,"TSGTSCH_DELTADENTAL_SERVICE
01.00.0000",TSGTSCH_DELTADENTAL_SERVICE,TSGTScheduler_DeltaDental_Service,01.00.0000,invokeCommonOutboundLauncher(i5),IntegrationAction,TSGTCMNHCMLAUNCH_SERVICE,01.00.0000,TSGTCmnHcmLauncherFwk_Service,/InvokeLauncher,PRESEEDED_COLLOCATED_CONN_1741,OIC Integration,invokeCommonOutboundLauncher,
TSGTSCH_DELTADENTAL_SERVICE_01.00.0000.iar.yaml,"TSGTSCH_DELTADENTAL_SERVICE
01.00.0000",TSGTSCH_DELTADENTAL_SERVICE,TSGTScheduler_DeltaDental_Service,01.00.0000,invokeHCMInboundLauncher(i2),IntegrationAction,TSGTCMNHCMLAUNCH_SERVICE,01.00.0000,TSGTCmnHcmLauncherFwk_Service,/InvokeLauncher,PRESEEDED_COLLOCATED_CONN_1741,OIC Integration,invokeHCMInboundLauncher,
TSGTSCH_DELTADENTAL_SERVICE_01.00.0000.iar.yaml,"TSGTSCH_DELTADENTAL_SERVICE
01.00.0000",TSGTSCH_DELTADENTAL_SERVICE,TSGTScheduler_DeltaDental_Service,01.00.0000,launchHCMInboundLauncher(i3),IntegrationAction,TSGTCMNHCMLAUNCH_SERVICE,01.00.0000,TSGTCmnHcmLauncherFwk_Service,/InvokeLauncher,PRESEEDED_COLLOCATED_CONN_1741,OIC Integration,launchHCMInboundLauncher,
TSGTSCH_DELTADENTAL_SERVICE_01.00.0000.iar.yaml,"TSGTSCH_DELTADENTAL_SERVICE
01.00.0000",TSGTSCH_DELTADENTAL_SERVICE,TSGTScheduler_DeltaDental_Service,01.00.0000,getInboundMetadataDetails(i0),Adapter_Invoke,,,,/FWKINBOUNDINTGMETADATA,TSGTRESTVBCSBO_CONN,TSGTRestVBCSBO_Conn,getInboundMetadataDetails,
TSGTSCH_DELTADENTAL_SERVICE_01.00.0000.iar.yaml,"TSGTSCH_DELTADENTAL_SERVICE
01.00.0000",TSGTSCH_DELTADENTAL_SERVICE,TSGTScheduler_DeltaDental_Service,01.00.0000,getOutboundMetadataDetails(i1),Adapter_Invoke,,,,/FWKOUTBOUNDINTGMETADATA,TSGTRESTVBCSBO_CONN,TSGTRestVBCSBO_Conn,getOutboundMetadataDetails,
TSGTSCH_KAISER_SERVICE_01.00.0000.iar.yaml,"TSGTSCH_KAISER_SERVICE
01.00.0000",TSGTSCH_KAISER_SERVICE,TSGTScheduler_Kaiser_Service,01.00.0000,callOutboundLauncher(i4),IntegrationAction,TSGTCMNHCMLAUNCH_SERVICE,01.00.0000,TSGTCmnHcmLauncherFwk_Service,/InvokeLauncher,PRESEEDED_COLLOCATED_CONN_1741,OIC Integration,callOutboundLauncher,
TSGTSCH_KAISER_SERVICE_01.00.0000.iar.yaml,"TSGTSCH_KAISER_SERVICE
01.00.0000",TSGTSCH_KAISER_SERVICE,TSGTScheduler_Kaiser_Service,01.00.0000,invokeCommonOutboundLauncher(i5),IntegrationAction,TSGTCMNHCMLAUNCH_SERVICE,01.00.0000,TSGTCmnHcmLauncherFwk_Service,/InvokeLauncher,PRESEEDED_COLLOCATED_CONN_1741,OIC Integration,invokeCommonOutboundLauncher,
TSGTSCH_KAISER_SERVICE_01.00.0000.iar.yaml,"TSGTSCH_KAISER_SERVICE
01.00.0000",TSGTSCH_KAISER_SERVICE,TSGTScheduler_Kaiser_Service,01.00.0000,invokeHCMInboundLauncher(i2),IntegrationAction,TSGTCMNHCMLAUNCH_SERVICE,01.00.0000,TSGTCmnHcmLauncherFwk_Service,/InvokeLauncher,PRESEEDED_COLLOCATED_CONN_1741,OIC Integration,invokeHCMInboundLauncher,
TSGTSCH_KAISER_SERVICE_01.00.0000.iar.yaml,"TSGTSCH_KAISER_SERVICE
01.00.0000",TSGTSCH_KAISER_SERVICE,TSGTScheduler_Kaiser_Service,01.00.0000,launchHCMInboundLauncher(i3),IntegrationAction,TSGTCMNHCMLAUNCH_SERVICE,01.00.0000,TSGTCmnHcmLauncherFwk_Service,/InvokeLauncher,PRESEEDED_COLLOCATED_CONN_1741,OIC Integration,launchHCMInboundLauncher,
TSGTSCH_KAISER_SERVICE_01.00.0000.iar.yaml,"TSGTSCH_KAISER_SERVICE
01.00.0000",TSGTSCH_KAISER_SERVICE,TSGTScheduler_Kaiser_Service,01.00.0000,getInboundMetadataDetails(i0),Adapter_Invoke,,,,/FWKINBOUNDINTGMETADATA,TSGTRESTVBCSBO_CONN,TSGTRestVBCSBO_Conn,getInboundMetadataDetails,
TSGTSCH_KAISER_SERVICE_01.00.0000.iar.yaml,"TSGTSCH_KAISER_SERVICE
01.00.0000",TSGTSCH_KAISER_SERVICE,TSGTScheduler_Kaiser_Service,01.00.0000,getOutboundMetadataDetails(i1),Adapter_Invoke,,,,/FWKOUTBOUNDINTGMETADATA,TSGTRESTVBCSBO_CONN,TSGTRestVBCSBO_Conn,getOutboundMetadataDetails,
TSGTSCH_OVERTIMETOSNAP_SERVICE_01.00.0000.iar.yaml,"TSGTSCH_OVERTIMETOSNAP_SERVICE
01.00.0000",TSGTSCH_OVERTIMETOSNAP_SERVICE,TSGTScheduler_OverTimeToSnap_Service,01.00.0000,callOutboundLauncher(i4),IntegrationAction,TSGTCMNHCMLAUNCH_SERVICE,01.00.0000,TSGTCmnHcmLauncherFwk_Service,/InvokeLauncher,PRESEEDED_COLLOCATED_CONN_1741,OIC Integration,callOutboundLauncher,
TSGTSCH_OVERTIMETOSNAP_SERVICE_01.00.0000.iar.yaml,"TSGTSCH_OVERTIMETOSNAP_SERVICE
01.00.0000",TSGTSCH_OVERTIMETOSNAP_SERVICE,TSGTScheduler_OverTimeToSnap_Service,01.00.0000,invokeCommonOutboundLauncher(i5),IntegrationAction,TSGTCMNHCMLAUNCH_SERVICE,01.00.0000,TSGTCmnHcmLauncherFwk_Service,/InvokeLauncher,PRESEEDED_COLLOCATED_CONN_1741,OIC Integration,invokeCommonOutboundLauncher,
TSGTSCH_OVERTIMETOSNAP_SERVICE_01.00.0000.iar.yaml,"TSGTSCH_OVERTIMETOSNAP_SERVICE
01.00.0000",TSGTSCH_OVERTIMETOSNAP_SERVICE,TSGTScheduler_OverTimeToSnap_Service,01.00.0000,invokeHCMInboundLauncher(i2),IntegrationAction,TSGTCMNHCMLAUNCH_SERVICE,01.00.0000,TSGTCmnHcmLauncherFwk_Service,/InvokeLauncher,PRESEEDED_COLLOCATED_CONN_1741,OIC Integration,invokeHCMInboundLauncher,
TSGTSCH_OVERTIMETOSNAP_SERVICE_01.00.0000.iar.yaml,"TSGTSCH_OVERTIMETOSNAP_SERVICE
01.00.0000",TSGTSCH_OVERTIMETOSNAP_SERVICE,TSGTScheduler_OverTimeToSnap_Service,01.00.0000,launchHCMInboundLauncher(i3),IntegrationAction,TSGTCMNHCMLAUNCH_SERVICE,01.00.0000,TSGTCmnHcmLauncherFwk_Service,/InvokeLauncher,PRESEEDED_COLLOCATED_CONN_1741,OIC Integration,launchHCMInboundLauncher,
TSGTSCH_OVERTIMETOSNAP_SERVICE_01.00.0000.iar.yaml,"TSGTSCH_OVERTIMETOSNAP_SERVICE
01.00.0000",TSGTSCH_OVERTIMETOSNAP_SERVICE,TSGTScheduler_OverTimeToSnap_Service,01.00.0000,getInboundMetadataDetails(i0),Adapter_Invoke,,,,/FWKINBOUNDINTGMETADATA,TSGTRESTVBCSBO_CONN,TSGTRestVBCSBO_Conn,getInboundMetadataDetails,
TSGTSCH_OVERTIMETOSNAP_SERVICE_01.00.0000.iar.yaml,"TSGTSCH_OVERTIMETOSNAP_SERVICE
01.00.0000",TSGTSCH_OVERTIMETOSNAP_SERVICE,TSGTScheduler_OverTimeToSnap_Service,01.00.0000,getOutboundMetadataDetails(i1),Adapter_Invoke,,,,/FWKOUTBOUNDINTGMETADATA,TSGTRESTVBCSBO_CONN,TSGTRestVBCSBO_Conn,getOutboundMetadataDetails,
TSGTSCH_VSP_SERVICE_01.00.0000.iar.yaml,"TSGTSCH_VSP_SERVICE
01.00.0000",TSGTSCH_VSP_SERVICE,TSGTScheduler_VSP_Service,01.00.0000,callOutboundLauncher(i4),IntegrationAction,TSGTCMNHCMLAUNCH_SERVICE,01.00.0000,TSGTCmnHcmLauncherFwk_Service,/InvokeLauncher,PRESEEDED_COLLOCATED_CONN_1741,OIC Integration,callOutboundLauncher,
TSGTSCH_VSP_SERVICE_01.00.0000.iar.yaml,"TSGTSCH_VSP_SERVICE
01.00.0000",TSGTSCH_VSP_SERVICE,TSGTScheduler_VSP_Service,01.00.0000,invokeCommonOutboundLauncher(i5),IntegrationAction,TSGTCMNHCMLAUNCH_SERVICE,01.00.0000,TSGTCmnHcmLauncherFwk_Service,/InvokeLauncher,PRESEEDED_COLLOCATED_CONN_1741,OIC Integration,invokeCommonOutboundLauncher,
TSGTSCH_VSP_SERVICE_01.00.0000.iar.yaml,"TSGTSCH_VSP_SERVICE
01.00.0000",TSGTSCH_VSP_SERVICE,TSGTScheduler_VSP_Service,01.00.0000,invokeHCMInboundLauncher(i2),IntegrationAction,TSGTCMNHCMLAUNCH_SERVICE,01.00.0000,TSGTCmnHcmLauncherFwk_Service,/InvokeLauncher,PRESEEDED_COLLOCATED_CONN_1741,OIC Integration,invokeHCMInboundLauncher,
TSGTSCH_VSP_SERVICE_01.00.0000.iar.yaml,"TSGTSCH_VSP_SERVICE
01.00.0000",TSGTSCH_VSP_SERVICE,TSGTScheduler_VSP_Service,01.00.0000,launchHCMInboundLauncher(i3),IntegrationAction,TSGTCMNHCMLAUNCH_SERVICE,01.00.0000,TSGTCmnHcmLauncherFwk_Service,/InvokeLauncher,PRESEEDED_COLLOCATED_CONN_1741,OIC Integration,launchHCMInboundLauncher,
TSGTSCH_VSP_SERVICE_01.00.0000.iar.yaml,"TSGTSCH_VSP_SERVICE
01.00.0000",TSGTSCH_VSP_SERVICE,TSGTScheduler_VSP_Service,01.00.0000,getInboundMetadataDetails(i0),Adapter_Invoke,,,,/FWKINBOUNDINTGMETADATA,TSGTRESTVBCSBO_CONN,TSGTRestVBCSBO_Conn,getInboundMetadataDetails,
TSGTSCH_VSP_SERVICE_01.00.0000.iar.yaml,"TSGTSCH_VSP_SERVICE
01.00.0000",TSGTSCH_VSP_SERVICE,TSGTScheduler_VSP_Service,01.00.0000,getOutboundMetadataDetails(i1),Adapter_Invoke,,,,/FWKOUTBOUNDINTGMETADATA,TSGTRESTVBCSBO_CONN,TSGTRestVBCSBO_Conn,getOutboundMetadataDetails,
TSGTWACSMI_INTGSERVIC_IB_01.00.0000.iar.yaml,"TSGTWACSMI_INTGSERVIC_IB
01.00.0000",TSGTWACSMI_INTGSERVIC_IB,TSGTWACSMiscCostImport_IntgService_IB,01.00.0000,InvokeCommonLauncher(i0),IntegrationAction,TSGTCMNLAUNCHERF_SERVICE,01.00.0000,TSGTCmnLauncherFwk_Service,/invokeLauncher,PRESEEDED_COLLOCATED_CONN_1741,OIC Integration,InvokeCommonLauncher,
TSGTWACSMI_INTGSERVIC_IB_01.00.0000.iar.yaml,"TSGTWACSMI_INTGSERVIC_IB
01.00.0000",TSGTWACSMI_INTGSERVIC_IB,TSGTWACSMiscCostImport_IntgService_IB,01.00.0000,SendNotification(i1),IntegrationAction,TSGTCMNNOTIFICAT_SERVICE,01.00.0000,TSGTCmnNotificationFwk_Service,/Notify,PRESEEDED_COLLOCATED_CONN_1741,OIC Integration,SendNotification,
TSGTWACSMI_INTGSERVIC_IB_01.00.0000.iar.yaml,"TSGTWACSMI_INTGSERVIC_IB
01.00.0000",TSGTWACSMI_INTGSERVIC_IB,TSGTWACSMiscCostImport_IntgService_IB,01.00.0000,GetMetadataFromBO(i3),Adapter_Invoke,,,,/FWKINBOUNDINTGMETADATA,TSGTRESTVBCSBO_CONN,TSGTRestVBCSBO_Conn,GetMetadataFromBO,
TSGT_DELET_FILE_FROM_OIC_SFTP_01.00.0000.iar.yaml,"TSGT_DELET_FILE_FROM_OIC_SFTP
01.00.0000",TSGT_DELET_FILE_FROM_OIC_SFTP,TSGT Delete File from OIC SFTP,01.00.0000,DeleteFile(i0),Adapter_Invoke,,,,,TSGTFTP_CONN,TSGTFtp_Conn,DeleteFile,
TSGT_DELET_FILE_FROM_OIC_SFTP_01.00.0000.iar.yaml,"TSGT_DELET_FILE_FROM_OIC_SFTP
01.00.0000",TSGT_DELET_FILE_FROM_OIC_SFTP,TSGT Delete File from OIC SFTP,01.00.0000,ListFolder(i1),Adapter_Invoke,,,,,TSGTFTP_CONN,TSGTFtp_Conn,ListFolder,
