source_file,source_integration,source_integration_code,source_integration_name,source_integration_version,invoke,call_type,target_integration_code,target_version,target_integration_name,resource_uri,adapter_code,application_name,error
BIP_SCHEDU_REPORT_WSS_SERVIC_01.00.0000.iar.yaml,BIP_SCHEDU_REPORT_WSS_SERVIC|01.00.0000,BIP_SCHEDU_REPORT_WSS_SERVIC,BIP Schedule Report WSS Service,01.00.0000,SubmitScheduleReport(i0),Adapter_Invoke,,,,,BIP_SCHEDULEREPORTWS,SubmitScheduleReport,
GET_SECRET_BY_NAME_01.00.0001.iar.yaml,GET_SECRET_BY_NAME|01.00.0001,GET_SECRET_BY_NAME,Get Secret By Name,01.00.0001,SendErrorNotification(i1),IntegrationAction,SEND_EMAIL,01.00.0001,Send Email,/,PRESEEDED_COLLOCATED_CONN_1741,SendErrorNotification,
GET_SECRET_BY_NAME_01.00.0001.iar.yaml,GET_SECRET_BY_NAME|01.00.0001,GET_SECRET_BY_NAME,Get Secret By Name,01.00.0001,OCI_Secrete_By_Name(i0),Adapter_Invoke,,,,/20190301/secretbundles/actions/getByName,OCI_VAULT_SECRETS,OCI_Secrete_By_Name,
TSGTAUDITINGPROC_SERVICE_01.04.0001.iar.yaml,TSGTAUDITINGPROC_SERVICE|01.04.0001,TSGTAUDITINGPROC_SERVICE,TSGTAuditingProcess_Service,01.04.0001,GetConfigs(i0),IntegrationAction,TSGTGETCONFIGS_SERVICE,01.02.0000,TSGTGetConfigs_Service,/configs,PRESEEDED_COLLOCATED_CONN_1741,GetConfigs,
TSGTAUDITINGPROC_SERVICE_01.04.0001.iar.yaml,TSGTAUDITINGPROC_SERVICE|01.04.0001,TSGTAUDITINGPROC_SERVICE,TSGTAuditingProcess_Service,01.04.0001,AttechmentFile(i1),Adapter_Invoke,,,,,TSGTFTP_CONN,AttechmentFile,
TSGTAUDITINGPROC_SERVICE_01.04.0001.iar.yaml,TSGTAUDITINGPROC_SERVICE|01.04.0001,TSGTAUDITINGPROC_SERVICE,TSGTAuditingProcess_Service,01.04.0001,attachmentDowonload(i2),Adapter_Invoke,,,,,TSGTFTP_CONN,attachmentDowonload,
TSGTAZUREADEMPLOYEESOUTBOUNDHCM_02.05.0003.iar.yaml,TSGTAZUREADEMPLOYEESOUTBOUNDHCM|02.05.0003,TSGTAZUREADEMPLOYEESOUTBOUNDHCM,TSGTAzureADEmployeesOutboundHCM,02.05.0003,GetConfigs(i0),RESTToOIC,TSGTGETCONFIGS_SERVICE,1.0,TSGTGetConfigs_Service,/api/integration/v1/flows/rest/TSGTGETCONFIGS_SERVICE/1.0/configs,TSGTRESTOICINVOK_CONN,GetConfigs,
TSGTAZUREADEMPLOYEESOUTBOUNDHCM_02.05.0003.iar.yaml,TSGTAZUREADEMPLOYEESOUTBOUNDHCM|02.05.0003,TSGTAZUREADEMPLOYEESOUTBOUNDHCM,TSGTAzureADEmployeesOutboundHCM,02.05.0003,NotifyErrors(i15),IntegrationAction,TSGTPUBLISHAUDIT_SERVICE,01.00.0000,TSGTPublishAuditing_Service,/auditing,PRESEEDED_COLLOCATED_CONN_1741,NotifyErrors,
TSGTAZUREADEMPLOYEESOUTBOUNDHCM_02.05.0003.iar.yaml,TSGTAZUREADEMPLOYEESOUTBOUNDHCM|02.05.0003,TSGTAZUREADEMPLOYEESOUTBOUNDHCM,TSGTAzureADEmployeesOutboundHCM,02.05.0003,PublishAuditing4Batch(i8),IntegrationAction,TSGTPUBLISHAUDIT_SERVICE,01.00.0000,TSGTPublishAuditing_Service,/auditing,PRESEEDED_COLLOCATED_CONN_1741,PublishAuditing4Batch,
TSGTAZUREADEMPLOYEESOUTBOUNDHCM_02.05.0003.iar.yaml,TSGTAZUREADEMPLOYEESOUTBOUNDHCM|02.05.0003,TSGTAZUREADEMPLOYEESOUTBOUNDHCM,TSGTAzureADEmployeesOutboundHCM,02.05.0003,PublishAuditingFault(i10),IntegrationAction,TSGTPUBLISHAUDIT_SERVICE,01.00.0000,TSGTPublishAuditing_Service,/auditing,PRESEEDED_COLLOCATED_CONN_1741,PublishAuditingFault,
TSGTAZUREADEMPLOYEESOUTBOUNDHCM_02.05.0003.iar.yaml,TSGTAZUREADEMPLOYEESOUTBOUNDHCM|02.05.0003,TSGTAZUREADEMPLOYEESOUTBOUNDHCM,TSGTAzureADEmployeesOutboundHCM,02.05.0003,PublishAuditing(i6),RESTToOIC,TSGTPUBLISHAUDIT_SERVICE,1.0,TSGTPublishAuditing_Service,/api/integration/v1/flows/rest/TSGTPUBLISHAUDIT_SERVICE/1.0/auditing,TSGTRESTOICINVOK_CONN,PublishAuditing,
TSGTAZUREADEMPLOYEESOUTBOUNDHCM_02.05.0003.iar.yaml,TSGTAZUREADEMPLOYEESOUTBOUNDHCM|02.05.0003,TSGTAZUREADEMPLOYEESOUTBOUNDHCM,TSGTAzureADEmployeesOutboundHCM,02.05.0003,UpdateConfigs(i1),RESTToOIC,TSGTUPDATECONFIG_SERVICE,1.0,TSGTUpdateConfigs_Service,/api/integration/v1/flows/rest/TSGTUPDATECONFIG_SERVICE/1.0/configs,TSGTRESTOICINVOK_CONN,UpdateConfigs,
TSGTAZUREADEMPLOYEESOUTBOUNDHCM_02.05.0003.iar.yaml,TSGTAZUREADEMPLOYEESOUTBOUNDHCM|02.05.0003,TSGTAZUREADEMPLOYEESOUTBOUNDHCM,TSGTAzureADEmployeesOutboundHCM,02.05.0003,AddWorkMobile(i13),Adapter_Invoke,,,,/,TSGTRESTHCMCLOUD_CONN,AddWorkMobile,
TSGTAZUREADEMPLOYEESOUTBOUNDHCM_02.05.0003.iar.yaml,TSGTAZUREADEMPLOYEESOUTBOUNDHCM|02.05.0003,TSGTAZUREADEMPLOYEESOUTBOUNDHCM,TSGTAzureADEmployeesOutboundHCM,02.05.0003,AddWorkPhone(i4),Adapter_Invoke,,,,/,TSGTRESTHCMCLOUD_CONN,AddWorkPhone,
TSGTAZUREADEMPLOYEESOUTBOUNDHCM_02.05.0003.iar.yaml,TSGTAZUREADEMPLOYEESOUTBOUNDHCM|02.05.0003,TSGTAZUREADEMPLOYEESOUTBOUNDHCM,TSGTAzureADEmployeesOutboundHCM,02.05.0003,GetEmployee(i3),Adapter_Invoke,,,,/workers,TSGTRESTHCMCLOUD_CONN,GetEmployee,
TSGTAZUREADEMPLOYEESOUTBOUNDHCM_02.05.0003.iar.yaml,TSGTAZUREADEMPLOYEESOUTBOUNDHCM|02.05.0003,TSGTAZUREADEMPLOYEESOUTBOUNDHCM,TSGTAzureADEmployeesOutboundHCM,02.05.0003,GetNextDelta(i2),Adapter_Invoke,,,,/users/delta,TSGTREST2MSGRAPH_CONN,GetNextDelta,
TSGTAZUREADEMPLOYEESOUTBOUNDHCM_02.05.0003.iar.yaml,TSGTAZUREADEMPLOYEESOUTBOUNDHCM|02.05.0003,TSGTAZUREADEMPLOYEESOUTBOUNDHCM,TSGTAzureADEmployeesOutboundHCM,02.05.0003,ReadErrors(i7),Adapter_Invoke,,,,,TSGTFTP_CONN,ReadErrors,
TSGTAZUREADEMPLOYEESOUTBOUNDHCM_02.05.0003.iar.yaml,TSGTAZUREADEMPLOYEESOUTBOUNDHCM|02.05.0003,TSGTAZUREADEMPLOYEESOUTBOUNDHCM,TSGTAzureADEmployeesOutboundHCM,02.05.0003,SaveError(i9),Adapter_Invoke,,,,,TSGTFTP_CONN,SaveError,
TSGTAZUREADEMPLOYEESOUTBOUNDHCM_02.05.0003.iar.yaml,TSGTAZUREADEMPLOYEESOUTBOUNDHCM|02.05.0003,TSGTAZUREADEMPLOYEESOUTBOUNDHCM,TSGTAzureADEmployeesOutboundHCM,02.05.0003,UpdateWorkMobile(i14),Adapter_Invoke,,,,/,TSGTRESTHCMCLOUD_CONN,UpdateWorkMobile,
TSGTAZUREADEMPLOYEESOUTBOUNDHCM_02.05.0003.iar.yaml,TSGTAZUREADEMPLOYEESOUTBOUNDHCM|02.05.0003,TSGTAZUREADEMPLOYEESOUTBOUNDHCM,TSGTAzureADEmployeesOutboundHCM,02.05.0003,UpdateWorkPhone(i5),Adapter_Invoke,,,,/,TSGTRESTHCMCLOUD_CONN,UpdateWorkPhone,
TSGTAZUREADEMPLOYEESOUTBOUNDHCM_02.05.0003.iar.yaml,TSGTAZUREADEMPLOYEESOUTBOUNDHCM|02.05.0003,TSGTAZUREADEMPLOYEESOUTBOUNDHCM,TSGTAzureADEmployeesOutboundHCM,02.05.0003,WriteHeadersTraceFile(i12),Adapter_Invoke,,,,,TSGTFTP_CONN,WriteHeadersTraceFile,
TSGTAZUREADEMPLOYEESOUTBOUNDHCM_02.05.0003.iar.yaml,TSGTAZUREADEMPLOYEESOUTBOUNDHCM|02.05.0003,TSGTAZUREADEMPLOYEESOUTBOUNDHCM,TSGTAzureADEmployeesOutboundHCM,02.05.0003,WriteWorkPhone(i11),Adapter_Invoke,,,,,TSGTFTP_CONN,WriteWorkPhone,
TSGTEMPLOYEEFIDELITYDELIVERY_02.00.0001.iar.yaml,TSGTEMPLOYEEFIDELITYDELIVERY|02.00.0001,TSGTEMPLOYEEFIDELITYDELIVERY,TSGTEmployeeFidelityDelivery,02.00.0001,GetConfigs(i2),RESTToOIC,TSGTGETCONFIGS_SERVICE,1.0,TSGTGetConfigs_Service,/api/integration/v1/flows/rest/TSGTGETCONFIGS_SERVICE/1.0/configs,TSGTRESTOICINVOK_CONN,GetConfigs,
TSGTEMPLOYEEFIDELITYDELIVERY_02.00.0001.iar.yaml,TSGTEMPLOYEEFIDELITYDELIVERY|02.00.0001,TSGTEMPLOYEEFIDELITYDELIVERY,TSGTEmployeeFidelityDelivery,02.00.0001,emailWarningNonQFNT(i13),IntegrationAction,TSGTPUBLISHAUDIT_SERVICE,01.00.0000,TSGTPublishAuditing_Service,/auditing,PRESEEDED_COLLOCATED_CONN_1741,emailWarningNonQFNT,
TSGTEMPLOYEEFIDELITYDELIVERY_02.00.0001.iar.yaml,TSGTEMPLOYEEFIDELITYDELIVERY|02.00.0001,TSGTEMPLOYEEFIDELITYDELIVERY,TSGTEmployeeFidelityDelivery,02.00.0001,sendFNFWarningMessage(i11),IntegrationAction,TSGTPUBLISHAUDIT_SERVICE,01.00.0000,TSGTPublishAuditing_Service,/auditing,PRESEEDED_COLLOCATED_CONN_1741,sendFNFWarningMessage,
TSGTEMPLOYEEFIDELITYDELIVERY_02.00.0001.iar.yaml,TSGTEMPLOYEEFIDELITYDELIVERY|02.00.0001,TSGTEMPLOYEEFIDELITYDELIVERY,TSGTEmployeeFidelityDelivery,02.00.0001,PublishAuditing(i5),RESTToOIC,TSGTPUBLISHAUDIT_SERVICE,1.0,TSGTPublishAuditing_Service,/api/integration/v1/flows/rest/TSGTPUBLISHAUDIT_SERVICE/1.0/auditing,TSGTRESTOICINVOK_CONN,PublishAuditing,
TSGTEMPLOYEEFIDELITYDELIVERY_02.00.0001.iar.yaml,TSGTEMPLOYEEFIDELITYDELIVERY|02.00.0001,TSGTEMPLOYEEFIDELITYDELIVERY,TSGTEmployeeFidelityDelivery,02.00.0001,ArchiveFile(i6),Adapter_Invoke,,,,,TSGTFTP_CONN,ArchiveFile,
TSGTEMPLOYEEFIDELITYDELIVERY_02.00.0001.iar.yaml,TSGTEMPLOYEEFIDELITYDELIVERY|02.00.0001,TSGTEMPLOYEEFIDELITYDELIVERY,TSGTEmployeeFidelityDelivery,02.00.0001,ArchiveNonQualFile(i7),Adapter_Invoke,,,,,TSGTFTP_CONN,ArchiveNonQualFile,
TSGTEMPLOYEEFIDELITYDELIVERY_02.00.0001.iar.yaml,TSGTEMPLOYEEFIDELITYDELIVERY|02.00.0001,TSGTEMPLOYEEFIDELITYDELIVERY,TSGTEmployeeFidelityDelivery,02.00.0001,DeleteFile(i8),Adapter_Invoke,,,,,TSGTFTP_CONN,DeleteFile,
TSGTEMPLOYEEFIDELITYDELIVERY_02.00.0001.iar.yaml,TSGTEMPLOYEEFIDELITYDELIVERY|02.00.0001,TSGTEMPLOYEEFIDELITYDELIVERY,TSGTEmployeeFidelityDelivery,02.00.0001,DeletenonQualFile(i9),Adapter_Invoke,,,,,TSGTFTP_CONN,DeletenonQualFile,
TSGTEMPLOYEEFIDELITYDELIVERY_02.00.0001.iar.yaml,TSGTEMPLOYEEFIDELITYDELIVERY|02.00.0001,TSGTEMPLOYEEFIDELITYDELIVERY,TSGTEmployeeFidelityDelivery,02.00.0001,DownloadEmployeeFile(i0),Adapter_Invoke,,,,,TSGTFTP_CONN,DownloadEmployeeFile,
TSGTEMPLOYEEFIDELITYDELIVERY_02.00.0001.iar.yaml,TSGTEMPLOYEEFIDELITYDELIVERY|02.00.0001,TSGTEMPLOYEEFIDELITYDELIVERY,TSGTEmployeeFidelityDelivery,02.00.0001,DownloadNonQualFile(i3),Adapter_Invoke,,,,,TSGTFTP_CONN,DownloadNonQualFile,
TSGTEMPLOYEEFIDELITYDELIVERY_02.00.0001.iar.yaml,TSGTEMPLOYEEFIDELITYDELIVERY|02.00.0001,TSGTEMPLOYEEFIDELITYDELIVERY,TSGTEmployeeFidelityDelivery,02.00.0001,UploadFile(i1),Adapter_Invoke,,,,,TSGTFIDELITYFTP_CONN,UploadFile,
TSGTEMPLOYEEFIDELITYDELIVERY_02.00.0001.iar.yaml,TSGTEMPLOYEEFIDELITYDELIVERY|02.00.0001,TSGTEMPLOYEEFIDELITYDELIVERY,TSGTEmployeeFidelityDelivery,02.00.0001,UploadNonQualFile(i4),Adapter_Invoke,,,,,TSGTFIDELITYFTP_CONN,UploadNonQualFile,
TSGTEMPLOYEEFIDELITYDELIVERY_02.00.0001.iar.yaml,TSGTEMPLOYEEFIDELITYDELIVERY|02.00.0001,TSGTEMPLOYEEFIDELITYDELIVERY,TSGTEmployeeFidelityDelivery,02.00.0001,isFileAvailable(i10),Adapter_Invoke,,,,,TSGTFTP_CONN,isFileAvailable,
TSGTEMPLOYEEFIDELITYDELIVERY_02.00.0001.iar.yaml,TSGTEMPLOYEEFIDELITYDELIVERY|02.00.0001,TSGTEMPLOYEEFIDELITYDELIVERY,TSGTEmployeeFidelityDelivery,02.00.0001,isFileNonQAvailable(i12),Adapter_Invoke,,,,,TSGTFTP_CONN,isFileNonQAvailable,
TSGTEMPLOYEESBCPPROCESS_02.00.0002.iar.yaml,TSGTEMPLOYEESBCPPROCESS|02.00.0002,TSGTEMPLOYEESBCPPROCESS,TSGTEmployeesBCPProcess,02.00.0002,NotifyFault(i7),IntegrationAction,TSGTAUDITINGPROC_SERVICE,01.03.0000,TSGTAuditingProcess_Service,/auditing,PRESEEDED_COLLOCATED_CONN_1741,NotifyFault,
TSGTEMPLOYEESBCPPROCESS_02.00.0002.iar.yaml,TSGTEMPLOYEESBCPPROCESS|02.00.0002,TSGTEMPLOYEESBCPPROCESS,TSGTEmployeesBCPProcess,02.00.0002,GetConfigs(i1),RESTToOIC,TSGTGETCONFIGS_SERVICE,1.0,TSGTGetConfigs_Service,/api/integration/v1/flows/rest/TSGTGETCONFIGS_SERVICE/1.0/configs,TSGTRESTOICINVOK_CONN,GetConfigs,
TSGTEMPLOYEESBCPPROCESS_02.00.0002.iar.yaml,TSGTEMPLOYEESBCPPROCESS|02.00.0002,TSGTEMPLOYEESBCPPROCESS,TSGTEmployeesBCPProcess,02.00.0002,CompleteJob(i3),Adapter_Invoke,,,,,TSGTSALESFORCESA_CONN,CompleteJob,
TSGTEMPLOYEESBCPPROCESS_02.00.0002.iar.yaml,TSGTEMPLOYEESBCPPROCESS|02.00.0002,TSGTEMPLOYEESBCPPROCESS,TSGTEmployeesBCPProcess,02.00.0002,GetStatus(i5),Adapter_Invoke,,,,,TSGTSALESFORCESA_CONN,GetStatus,
TSGTEMPLOYEESBCPPROCESS_02.00.0002.iar.yaml,TSGTEMPLOYEESBCPPROCESS|02.00.0002,TSGTEMPLOYEESBCPPROCESS,TSGTEmployeesBCPProcess,02.00.0002,ReadExtract(i0),Adapter_Invoke,,,,,TSGTFTP_CONN,ReadExtract,
TSGTEMPLOYEESBCPPROCESS_02.00.0002.iar.yaml,TSGTEMPLOYEESBCPPROCESS|02.00.0002,TSGTEMPLOYEESBCPPROCESS,TSGTEmployeesBCPProcess,02.00.0002,UpdateContacts(i2),Adapter_Invoke,,,,,TSGTSALESFORCESA_CONN,UpdateContacts,
TSGTEMPLOYEESBCPPROCESS_02.00.0002.iar.yaml,TSGTEMPLOYEESBCPPROCESS|02.00.0002,TSGTEMPLOYEESBCPPROCESS,TSGTEmployeesBCPProcess,02.00.0002,UpdateTermination(i6),Adapter_Invoke,,,,,TSGTSALESFORCESA_CONN,UpdateTermination,
TSGTEMPLOYEESBENEFITHUBPROCESS_02.00.0000.iar.yaml,TSGTEMPLOYEESBENEFITHUBPROCESS|02.00.0000,TSGTEMPLOYEESBENEFITHUBPROCESS,TSGTEmployeesBenefithubProcess,02.00.0000,GetConfigs(i1),RESTToOIC,TSGTGETCONFIGS_SERVICE,1.0,TSGTGetConfigs_Service,/api/integration/v1/flows/rest/TSGTGETCONFIGS_SERVICE/1.0/configs,TSGTRESTOICINVOK_CONN,GetConfigs,
TSGTEMPLOYEESBENEFITHUBPROCESS_02.00.0000.iar.yaml,TSGTEMPLOYEESBENEFITHUBPROCESS|02.00.0000,TSGTEMPLOYEESBENEFITHUBPROCESS,TSGTEmployeesBenefithubProcess,02.00.0000,PublishAuditing(i6),RESTToOIC,TSGTPUBLISHAUDIT_SERVICE,1.0,TSGTPublishAuditing_Service,/api/integration/v1/flows/rest/TSGTPUBLISHAUDIT_SERVICE/1.0/auditing,TSGTRESTOICINVOK_CONN,PublishAuditing,
TSGTEMPLOYEESBENEFITHUBPROCESS_02.00.0000.iar.yaml,TSGTEMPLOYEESBENEFITHUBPROCESS|02.00.0000,TSGTEMPLOYEESBENEFITHUBPROCESS,TSGTEmployeesBenefithubProcess,02.00.0000,UpdateConfig(i5),RESTToOIC,TSGTUPDATECONFIG_SERVICE,1.0,TSGTUpdateConfigs_Service,/api/integration/v1/flows/rest/TSGTUPDATECONFIG_SERVICE/1.0/configs,TSGTRESTOICINVOK_CONN,UpdateConfig,
TSGTEMPLOYEESBENEFITHUBPROCESS_02.00.0000.iar.yaml,TSGTEMPLOYEESBENEFITHUBPROCESS|02.00.0000,TSGTEMPLOYEESBENEFITHUBPROCESS,TSGTEmployeesBenefithubProcess,02.00.0000,CopyFile(i4),Adapter_Invoke,,,,,TSGTFTPBENEFITHU_CONN,CopyFile,
TSGTEMPLOYEESBENEFITHUBPROCESS_02.00.0000.iar.yaml,TSGTEMPLOYEESBENEFITHUBPROCESS|02.00.0000,TSGTEMPLOYEESBENEFITHUBPROCESS,TSGTEmployeesBenefithubProcess,02.00.0000,EmployeesExtract(i3),Adapter_Invoke,,,,,TSGTADAPTERHCM_CONN,EmployeesExtract,
TSGTEMPLOYEESBENEFITHUBPROCESS_02.00.0000.iar.yaml,TSGTEMPLOYEESBENEFITHUBPROCESS|02.00.0000,TSGTEMPLOYEESBENEFITHUBPROCESS,TSGTEmployeesBenefithubProcess,02.00.0000,SearchStatus(i2),Adapter_Invoke,,,,,TSGTSOAPREPORTIN_CONN,SearchStatus,
TSGTEMPLOYEESBENEFITHUBPROCESS_02.00.0000.iar.yaml,TSGTEMPLOYEESBENEFITHUBPROCESS|02.00.0000,TSGTEMPLOYEESBENEFITHUBPROCESS,TSGTEmployeesBenefithubProcess,02.00.0000,SubmitExtract(i0),Adapter_Invoke,,,,,TSGTADAPTERHCM_CONN,SubmitExtract,
TSGTEMPLOYEESCOLLECTIVEVIEW_02.00.0000.iar.yaml,TSGTEMPLOYEESCOLLECTIVEVIEW|02.00.0000,TSGTEMPLOYEESCOLLECTIVEVIEW,TSGTEmployeesCollectiveView,02.00.0000,GetConfigs(i2),RESTToOIC,TSGTGETCONFIGS_SERVICE,1.0,TSGTGetConfigs_Service,/api/integration/v1/flows/rest/TSGTGETCONFIGS_SERVICE/1.0/configs,TSGTRESTOICINVOK_CONN,GetConfigs,
TSGTEMPLOYEESCOLLECTIVEVIEW_02.00.0000.iar.yaml,TSGTEMPLOYEESCOLLECTIVEVIEW|02.00.0000,TSGTEMPLOYEESCOLLECTIVEVIEW,TSGTEmployeesCollectiveView,02.00.0000,PublishAuditing(i4),RESTToOIC,TSGTPUBLISHAUDIT_SERVICE,1.0,TSGTPublishAuditing_Service,/api/integration/v1/flows/rest/TSGTPUBLISHAUDIT_SERVICE/1.0/auditing,TSGTRESTOICINVOK_CONN,PublishAuditing,
TSGTEMPLOYEESCOLLECTIVEVIEW_02.00.0000.iar.yaml,TSGTEMPLOYEESCOLLECTIVEVIEW|02.00.0000,TSGTEMPLOYEESCOLLECTIVEVIEW,TSGTEmployeesCollectiveView,02.00.0000,UpdateConfigs(i1),RESTToOIC,TSGTUPDATECONFIG_SERVICE,1.0,TSGTUpdateConfigs_Service,/api/integration/v1/flows/rest/TSGTUPDATECONFIG_SERVICE/1.0/configs,TSGTRESTOICINVOK_CONN,UpdateConfigs,
TSGTEMPLOYEESCOLLECTIVEVIEW_02.00.0000.iar.yaml,TSGTEMPLOYEESCOLLECTIVEVIEW|02.00.0000,TSGTEMPLOYEESCOLLECTIVEVIEW,TSGTEmployeesCollectiveView,02.00.0000,EmployeesExtract(i3),Adapter_Invoke,,,,,TSGTADAPTERHCM_CONN,EmployeesExtract,
TSGTEMPLOYEESCOLLECTIVEVIEW_02.00.0000.iar.yaml,TSGTEMPLOYEESCOLLECTIVEVIEW|02.00.0000,TSGTEMPLOYEESCOLLECTIVEVIEW,TSGTEmployeesCollectiveView,02.00.0000,WriteFile(i0),Adapter_Invoke,,,,,TSGTFTPCOLLECTIV_CONN,WriteFile,
TSGTEMPLOYEESCORITYPROCESS_02.07.0000.iar.yaml,TSGTEMPLOYEESCORITYPROCESS|02.07.0000,TSGTEMPLOYEESCORITYPROCESS,TSGTEmployeesCorityProcess,02.07.0000,Cority_Password(i4),IntegrationAction,GET_SECRET_BY_NAME,01.00.0000,Get Secret By Name,/getByName,PRESEEDED_COLLOCATED_CONN_1741,Cority_Password,
TSGTEMPLOYEESCORITYPROCESS_02.07.0000.iar.yaml,TSGTEMPLOYEESCORITYPROCESS|02.07.0000,TSGTEMPLOYEESCORITYPROCESS,TSGTEmployeesCorityProcess,02.07.0000,GetConfigs(i2),RESTToOIC,TSGTGETCONFIGS_SERVICE,1.0,TSGTGetConfigs_Service,/api/integration/v1/flows/rest/TSGTGETCONFIGS_SERVICE/1.0/configs,TSGTRESTOICINVOK_CONN,GetConfigs,
TSGTEMPLOYEESCORITYPROCESS_02.07.0000.iar.yaml,TSGTEMPLOYEESCORITYPROCESS|02.07.0000,TSGTEMPLOYEESCORITYPROCESS,TSGTEmployeesCorityProcess,02.07.0000,PublishAuditing(i1),RESTToOIC,TSGTPUBLISHAUDIT_SERVICE,1.0,TSGTPublishAuditing_Service,/api/integration/v1/flows/rest/TSGTPUBLISHAUDIT_SERVICE/1.0/auditing,TSGTRESTOICINVOK_CONN,PublishAuditing,
TSGTEMPLOYEESCORITYPROCESS_02.07.0000.iar.yaml,TSGTEMPLOYEESCORITYPROCESS|02.07.0000,TSGTEMPLOYEESCORITYPROCESS,TSGTEmployeesCorityProcess,02.07.0000,PublishAuditing4Employee(i3),RESTToOIC,TSGTPUBLISHAUDIT_SERVICE,1.0,TSGTPublishAuditing_Service,/api/integration/v1/flows/rest/TSGTPUBLISHAUDIT_SERVICE/1.0/auditing,TSGTRESTOICINVOK_CONN,PublishAuditing4Employee,
TSGTEMPLOYEESCORITYPROCESS_02.07.0000.iar.yaml,TSGTEMPLOYEESCORITYPROCESS|02.07.0000,TSGTEMPLOYEESCORITYPROCESS,TSGTEmployeesCorityProcess,02.07.0000,GetDocument(i15),Adapter_Invoke,,,,,TSGTSOAPGENERICI_CONN,GetDocument,
TSGTEMPLOYEESCORITYPROCESS_02.07.0000.iar.yaml,TSGTEMPLOYEESCORITYPROCESS|02.07.0000,TSGTEMPLOYEESCORITYPROCESS,TSGTEmployeesCorityProcess,02.07.0000,GetHireDates(i5),Adapter_Invoke,,,,,TSGTSOAPREPORTIN_CONN,GetHireDates,
TSGTEMPLOYEESCORITYPROCESS_02.07.0000.iar.yaml,TSGTEMPLOYEESCORITYPROCESS|02.07.0000,TSGTEMPLOYEESCORITYPROCESS,TSGTEmployeesCorityProcess,02.07.0000,GetJob(i9),Adapter_Invoke,,,,/jobs,TSGTRESTHCMCLOUD_CONN,GetJob,
TSGTEMPLOYEESCORITYPROCESS_02.07.0000.iar.yaml,TSGTEMPLOYEESCORITYPROCESS|02.07.0000,TSGTEMPLOYEESCORITYPROCESS,TSGTEmployeesCorityProcess,02.07.0000,GetLocation(i8),Adapter_Invoke,,,,/locations,TSGTRESTHCMCLOUD_CONN,GetLocation,
TSGTEMPLOYEESCORITYPROCESS_02.07.0000.iar.yaml,TSGTEMPLOYEESCORITYPROCESS|02.07.0000,TSGTEMPLOYEESCORITYPROCESS,TSGTEmployeesCorityProcess,02.07.0000,GetManager(i12),Adapter_Invoke,,,,/workers,TSGTRESTHCMCLOUD_CONN,GetManager,
TSGTEMPLOYEESCORITYPROCESS_02.07.0000.iar.yaml,TSGTEMPLOYEESCORITYPROCESS|02.07.0000,TSGTEMPLOYEESCORITYPROCESS,TSGTEmployeesCorityProcess,02.07.0000,GetPersonTypes(i10),Adapter_Invoke,,,,/personTypesLOV,TSGTRESTHCMCLOUD_CONN,GetPersonTypes,
TSGTEMPLOYEESCORITYPROCESS_02.07.0000.iar.yaml,TSGTEMPLOYEESCORITYPROCESS|02.07.0000,TSGTEMPLOYEESCORITYPROCESS,TSGTEmployeesCorityProcess,02.07.0000,GetWorker(i6),Adapter_Invoke,,,,/workers,TSGTRESTHCMCLOUD_CONN,GetWorker,
TSGTEMPLOYEESCORITYPROCESS_02.07.0000.iar.yaml,TSGTEMPLOYEESCORITYPROCESS|02.07.0000,TSGTEMPLOYEESCORITYPROCESS,TSGTEmployeesCorityProcess,02.07.0000,PublishEmployees2Cority(i0),Adapter_Invoke,,,,,TSGTSOAPCORITYEM_CONN,PublishEmployees2Cority,
TSGTEMPLOYEESCORITYPROCESS_02.07.0000.iar.yaml,TSGTEMPLOYEESCORITYPROCESS|02.07.0000,TSGTEMPLOYEESCORITYPROCESS,TSGTEmployeesCorityProcess,02.07.0000,SearchDepartmentList(i16),Adapter_Invoke,,,,,TSGTSOAPGENERICI_CONN,SearchDepartmentList,
TSGTEMPLOYEESFIDELITYPROCESS_02.01.0000.iar.yaml,TSGTEMPLOYEESFIDELITYPROCESS|02.01.0000,TSGTEMPLOYEESFIDELITYPROCESS,TSGTEmployeesFidelityProcess,02.01.0000,GetConfigs(i1),RESTToOIC,TSGTGETCONFIGS_SERVICE,1.0,TSGTGetConfigs_Service,/api/integration/v1/flows/rest/TSGTGETCONFIGS_SERVICE/1.0/configs,TSGTRESTOICINVOK_CONN,GetConfigs,
TSGTEMPLOYEESFIDELITYPROCESS_02.01.0000.iar.yaml,TSGTEMPLOYEESFIDELITYPROCESS|02.01.0000,TSGTEMPLOYEESFIDELITYPROCESS,TSGTEmployeesFidelityProcess,02.01.0000,PublishAuditing(i4),RESTToOIC,TSGTPUBLISHAUDIT_SERVICE,1.0,TSGTPublishAuditing_Service,/api/integration/v1/flows/rest/TSGTPUBLISHAUDIT_SERVICE/1.0/auditing,TSGTRESTOICINVOK_CONN,PublishAuditing,
TSGTEMPLOYEESFIDELITYPROCESS_02.01.0000.iar.yaml,TSGTEMPLOYEESFIDELITYPROCESS|02.01.0000,TSGTEMPLOYEESFIDELITYPROCESS,TSGTEmployeesFidelityProcess,02.01.0000,PublishError4Employee(i6),RESTToOIC,TSGTPUBLISHAUDIT_SERVICE,1.0,TSGTPublishAuditing_Service,/api/integration/v1/flows/rest/TSGTPUBLISHAUDIT_SERVICE/1.0/auditing,TSGTRESTOICINVOK_CONN,PublishError4Employee,
TSGTEMPLOYEESFIDELITYPROCESS_02.01.0000.iar.yaml,TSGTEMPLOYEESFIDELITYPROCESS|02.01.0000,TSGTEMPLOYEESFIDELITYPROCESS,TSGTEmployeesFidelityProcess,02.01.0000,PublishError4Termination(i7),RESTToOIC,TSGTPUBLISHAUDIT_SERVICE,1.0,TSGTPublishAuditing_Service,/api/integration/v1/flows/rest/TSGTPUBLISHAUDIT_SERVICE/1.0/auditing,TSGTRESTOICINVOK_CONN,PublishError4Termination,
TSGTEMPLOYEESFIDELITYPROCESS_02.01.0000.iar.yaml,TSGTEMPLOYEESFIDELITYPROCESS|02.01.0000,TSGTEMPLOYEESFIDELITYPROCESS,TSGTEmployeesFidelityProcess,02.01.0000,GetNonQualEmployees(i5),Adapter_Invoke,,,,,TSGTSOAPREPORTIN_CONN,GetNonQualEmployees,
TSGTEMPLOYEESFIDELITYPROCESS_02.01.0000.iar.yaml,TSGTEMPLOYEESFIDELITYPROCESS|02.01.0000,TSGTEMPLOYEESFIDELITYPROCESS,TSGTEmployeesFidelityProcess,02.01.0000,GetNonQualTEmployees(i3),Adapter_Invoke,,,,,TSGTSOAPREPORTIN_CONN,GetNonQualTEmployees,
TSGTEMPLOYEESFIDELITYPROCESS_02.01.0000.iar.yaml,TSGTEMPLOYEESFIDELITYPROCESS|02.01.0000,TSGTEMPLOYEESFIDELITYPROCESS,TSGTEmployeesFidelityProcess,02.01.0000,ReadExtract(i0),Adapter_Invoke,,,,,TSGTFTP_CONN,ReadExtract,
TSGTEMPLOYEESFIDELITYPROCESS_02.01.0000.iar.yaml,TSGTEMPLOYEESFIDELITYPROCESS|02.01.0000,TSGTEMPLOYEESFIDELITYPROCESS,TSGTEmployeesFidelityProcess,02.01.0000,Write401kFile(i8),Adapter_Invoke,,,,,TSGTFTP_CONN,Write401kFile,
TSGTEMPLOYEESFIDELITYPROCESS_02.01.0000.iar.yaml,TSGTEMPLOYEESFIDELITYPROCESS|02.01.0000,TSGTEMPLOYEESFIDELITYPROCESS,TSGTEmployeesFidelityProcess,02.01.0000,Write401kTFile(i9),Adapter_Invoke,,,,,TSGTFTP_CONN,Write401kTFile,
TSGTEMPLOYEESFIDELITYPROCESS_02.01.0000.iar.yaml,TSGTEMPLOYEESFIDELITYPROCESS|02.01.0000,TSGTEMPLOYEESFIDELITYPROCESS,TSGTEmployeesFidelityProcess,02.01.0000,WriteNonQualFile(i2),Adapter_Invoke,,,,,TSGTFTP_CONN,WriteNonQualFile,
TSGTEMPLOYEESFIDELITYPROCESS_02.01.0000.iar.yaml,TSGTEMPLOYEESFIDELITYPROCESS|02.01.0000,TSGTEMPLOYEESFIDELITYPROCESS,TSGTEmployeesFidelityProcess,02.01.0000,WriteNonQualTFile(i10),Adapter_Invoke,,,,,TSGTFTP_CONN,WriteNonQualTFile,
TSGTEMPLOYEESPHONESPROCESS_01.01.0000.iar.yaml,TSGTEMPLOYEESPHONESPROCESS|01.01.0000,TSGTEMPLOYEESPHONESPROCESS,TSGTEmployeesPhonesProcess,01.01.0000,GetConfigs(i0),RESTToOIC,TSGTGETCONFIGS_SERVICE,1.0,TSGTGetConfigs_Service,/api/integration/v1/flows/rest/TSGTGETCONFIGS_SERVICE/1.0/configs,TSGTRESTOICINVOK_CONN,GetConfigs,
TSGTEMPLOYEESPHONESPROCESS_01.01.0000.iar.yaml,TSGTEMPLOYEESPHONESPROCESS|01.01.0000,TSGTEMPLOYEESPHONESPROCESS,TSGTEmployeesPhonesProcess,01.01.0000,PublishAuditing(i6),RESTToOIC,TSGTPUBLISHAUDIT_SERVICE,1.0,TSGTPublishAuditing_Service,/api/integration/v1/flows/rest/TSGTPUBLISHAUDIT_SERVICE/1.0/auditing,TSGTRESTOICINVOK_CONN,PublishAuditing,
TSGTEMPLOYEESPHONESPROCESS_01.01.0000.iar.yaml,TSGTEMPLOYEESPHONESPROCESS|01.01.0000,TSGTEMPLOYEESPHONESPROCESS,TSGTEmployeesPhonesProcess,01.01.0000,PublishAuditing4Employee(i7),RESTToOIC,TSGTPUBLISHAUDIT_SERVICE,1.0,TSGTPublishAuditing_Service,/api/integration/v1/flows/rest/TSGTPUBLISHAUDIT_SERVICE/1.0/auditing,TSGTRESTOICINVOK_CONN,PublishAuditing4Employee,
TSGTEMPLOYEESPHONESPROCESS_01.01.0000.iar.yaml,TSGTEMPLOYEESPHONESPROCESS|01.01.0000,TSGTEMPLOYEESPHONESPROCESS,TSGTEmployeesPhonesProcess,01.01.0000,AddExtension(i10),Adapter_Invoke,,,,/,TSGTRESTHCMCLOUD_CONN,AddExtension,
TSGTEMPLOYEESPHONESPROCESS_01.01.0000.iar.yaml,TSGTEMPLOYEESPHONESPROCESS|01.01.0000,TSGTEMPLOYEESPHONESPROCESS,TSGTEmployeesPhonesProcess,01.01.0000,AddWorkMobile(i13),Adapter_Invoke,,,,/,TSGTRESTHCMCLOUD_CONN,AddWorkMobile,
TSGTEMPLOYEESPHONESPROCESS_01.01.0000.iar.yaml,TSGTEMPLOYEESPHONESPROCESS|01.01.0000,TSGTEMPLOYEESPHONESPROCESS,TSGTEmployeesPhonesProcess,01.01.0000,AddWorkPhone(i4),Adapter_Invoke,,,,/,TSGTRESTHCMCLOUD_CONN,AddWorkPhone,
TSGTEMPLOYEESPHONESPROCESS_01.01.0000.iar.yaml,TSGTEMPLOYEESPHONESPROCESS|01.01.0000,TSGTEMPLOYEESPHONESPROCESS,TSGTEmployeesPhonesProcess,01.01.0000,GetEmployee(i3),Adapter_Invoke,,,,/workers,TSGTRESTHCMCLOUD_CONN,GetEmployee,
TSGTEMPLOYEESPHONESPROCESS_01.01.0000.iar.yaml,TSGTEMPLOYEESPHONESPROCESS|01.01.0000,TSGTEMPLOYEESPHONESPROCESS,TSGTEmployeesPhonesProcess,01.01.0000,GetExtension(i12),Adapter_Invoke,,,,/User,TSGTREST2ADPROXY_CONN,GetExtension,
TSGTEMPLOYEESPHONESPROCESS_01.01.0000.iar.yaml,TSGTEMPLOYEESPHONESPROCESS|01.01.0000,TSGTEMPLOYEESPHONESPROCESS,TSGTEmployeesPhonesProcess,01.01.0000,UpdateExtension(i11),Adapter_Invoke,,,,/,TSGTRESTHCMCLOUD_CONN,UpdateExtension,
TSGTEMPLOYEESPHONESPROCESS_01.01.0000.iar.yaml,TSGTEMPLOYEESPHONESPROCESS|01.01.0000,TSGTEMPLOYEESPHONESPROCESS,TSGTEmployeesPhonesProcess,01.01.0000,UpdateWorkMobile(i14),Adapter_Invoke,,,,/,TSGTRESTHCMCLOUD_CONN,UpdateWorkMobile,
TSGTEMPLOYEESPHONESPROCESS_01.01.0000.iar.yaml,TSGTEMPLOYEESPHONESPROCESS|01.01.0000,TSGTEMPLOYEESPHONESPROCESS,TSGTEmployeesPhonesProcess,01.01.0000,UpdateWorkPhone(i5),Adapter_Invoke,,,,/,TSGTRESTHCMCLOUD_CONN,UpdateWorkPhone,
TSGTEMPLOYEESSNAPPROCESS_02.01.0001.iar.yaml,TSGTEMPLOYEESSNAPPROCESS|02.01.0001,TSGTEMPLOYEESSNAPPROCESS,TSGTEmployeesSnapProcess,02.01.0001,GetConfigs(i1),IntegrationAction,TSGTGETCONFIGS_SERVICE,01.02.0000,TSGTGetConfigs_Service,/configs,PRESEEDED_COLLOCATED_CONN_1741,GetConfigs,
TSGTEMPLOYEESSNAPPROCESS_02.01.0001.iar.yaml,TSGTEMPLOYEESSNAPPROCESS|02.01.0001,TSGTEMPLOYEESSNAPPROCESS,TSGTEmployeesSnapProcess,02.01.0001,NotifySnapEmployeeError(i7),IntegrationAction,TSGTPUBLISHAUDIT_SERVICE,01.00.0000,TSGTPublishAuditing_Service,/auditing,PRESEEDED_COLLOCATED_CONN_1741,NotifySnapEmployeeError,
TSGTEMPLOYEESSNAPPROCESS_02.01.0001.iar.yaml,TSGTEMPLOYEESSNAPPROCESS|02.01.0001,TSGTEMPLOYEESSNAPPROCESS,TSGTEmployeesSnapProcess,02.01.0001,PublishEmptyUsername(i2),IntegrationAction,TSGTPUBLISHAUDIT_SERVICE,01.00.0000,TSGTPublishAuditing_Service,/auditing,PRESEEDED_COLLOCATED_CONN_1741,PublishEmptyUsername,
TSGTEMPLOYEESSNAPPROCESS_02.01.0001.iar.yaml,TSGTEMPLOYEESSNAPPROCESS|02.01.0001,TSGTEMPLOYEESSNAPPROCESS,TSGTEmployeesSnapProcess,02.01.0001,PublishAuditing(i4),RESTToOIC,TSGTPUBLISHAUDIT_SERVICE,1.0,TSGTPublishAuditing_Service,/api/integration/v1/flows/rest/TSGTPUBLISHAUDIT_SERVICE/1.0/auditing,TSGTRESTOICINVOK_CONN,PublishAuditing,
TSGTEMPLOYEESSNAPPROCESS_02.01.0001.iar.yaml,TSGTEMPLOYEESSNAPPROCESS|02.01.0001,TSGTEMPLOYEESSNAPPROCESS,TSGTEmployeesSnapProcess,02.01.0001,PublishError4Employee(i13),RESTToOIC,TSGTPUBLISHAUDIT_SERVICE,1.0,TSGTPublishAuditing_Service,/api/integration/v1/flows/rest/TSGTPUBLISHAUDIT_SERVICE/1.0/auditing,TSGTRESTOICINVOK_CONN,PublishError4Employee,
TSGTEMPLOYEESSNAPPROCESS_02.01.0001.iar.yaml,TSGTEMPLOYEESSNAPPROCESS|02.01.0001,TSGTEMPLOYEESSNAPPROCESS,TSGTEmployeesSnapProcess,02.01.0001,PublishError4Termination(i14),RESTToOIC,TSGTPUBLISHAUDIT_SERVICE,1.0,TSGTPublishAuditing_Service,/api/integration/v1/flows/rest/TSGTPUBLISHAUDIT_SERVICE/1.0/auditing,TSGTRESTOICINVOK_CONN,PublishError4Termination,
TSGTEMPLOYEESSNAPPROCESS_02.01.0001.iar.yaml,TSGTEMPLOYEESSNAPPROCESS|02.01.0001,TSGTEMPLOYEESSNAPPROCESS,TSGTEmployeesSnapProcess,02.01.0001,AddDepartmentV2(i16),Adapter_Invoke,,,,/Api/V2/Definitions/Team,TSGTSNAPREST_CONN,AddDepartmentV2,
TSGTEMPLOYEESSNAPPROCESS_02.01.0001.iar.yaml,TSGTEMPLOYEESSNAPPROCESS|02.01.0001,TSGTEMPLOYEESSNAPPROCESS,TSGTEmployeesSnapProcess,02.01.0001,AddJobV2(i21),Adapter_Invoke,,,,/Api/V2/Definitions/Position,TSGTSNAPREST_CONN,AddJobV2,
TSGTEMPLOYEESSNAPPROCESS_02.01.0001.iar.yaml,TSGTEMPLOYEESSNAPPROCESS|02.01.0001,TSGTEMPLOYEESSNAPPROCESS,TSGTEmployeesSnapProcess,02.01.0001,CheckEmployeeV2(i5),Adapter_Invoke,,,,/Api/V2/employees,TSGTSNAPREST_CONN,CheckEmployeeV2,
TSGTEMPLOYEESSNAPPROCESS_02.01.0001.iar.yaml,TSGTEMPLOYEESSNAPPROCESS|02.01.0001,TSGTEMPLOYEESSNAPPROCESS,TSGTEmployeesSnapProcess,02.01.0001,CheckTerminationV2(i3),Adapter_Invoke,,,,/Api/V2/employees,TSGTSNAPREST_CONN,CheckTerminationV2,
TSGTEMPLOYEESSNAPPROCESS_02.01.0001.iar.yaml,TSGTEMPLOYEESSNAPPROCESS|02.01.0001,TSGTEMPLOYEESSNAPPROCESS,TSGTEmployeesSnapProcess,02.01.0001,CreateEmployeeV2(i6),Adapter_Invoke,,,,/Api/V2/employees,TSGTSNAPREST_CONN,CreateEmployeeV2,
TSGTEMPLOYEESSNAPPROCESS_02.01.0001.iar.yaml,TSGTEMPLOYEESSNAPPROCESS|02.01.0001,TSGTEMPLOYEESSNAPPROCESS,TSGTEmployeesSnapProcess,02.01.0001,GetLocationsV2(i10),Adapter_Invoke,,,,/Api/V2/Locations,TSGTSNAPREST_CONN,GetLocationsV2,
TSGTEMPLOYEESSNAPPROCESS_02.01.0001.iar.yaml,TSGTEMPLOYEESSNAPPROCESS|02.01.0001,TSGTEMPLOYEESSNAPPROCESS,TSGTEmployeesSnapProcess,02.01.0001,GetPositionsV2(i18),Adapter_Invoke,,,,/Api/V2/Definitions/Position,TSGTSNAPREST_CONN,GetPositionsV2,
TSGTEMPLOYEESSNAPPROCESS_02.01.0001.iar.yaml,TSGTEMPLOYEESSNAPPROCESS|02.01.0001,TSGTEMPLOYEESSNAPPROCESS,TSGTEmployeesSnapProcess,02.01.0001,GetTeamsV2(i20),Adapter_Invoke,,,,/Api/V2/Definitions/Team,TSGTSNAPREST_CONN,GetTeamsV2,
TSGTEMPLOYEESSNAPPROCESS_02.01.0001.iar.yaml,TSGTEMPLOYEESSNAPPROCESS|02.01.0001,TSGTEMPLOYEESSNAPPROCESS,TSGTEmployeesSnapProcess,02.01.0001,ReadExtract(i0),Adapter_Invoke,,,,,TSGTFTP_CONN,ReadExtract,
TSGTEMPLOYEESSNAPPROCESS_02.01.0001.iar.yaml,TSGTEMPLOYEESSNAPPROCESS|02.01.0001,TSGTEMPLOYEESSNAPPROCESS,TSGTEmployeesSnapProcess,02.01.0001,TerminateEmployeeV2(i9),Adapter_Invoke,,,,/api/v2/employees/{employeeID},TSGTSNAPREST_CONN,TerminateEmployeeV2,
TSGTEMPLOYEESSNAPPROCESS_02.01.0001.iar.yaml,TSGTEMPLOYEESSNAPPROCESS|02.01.0001,TSGTEMPLOYEESSNAPPROCESS,TSGTEmployeesSnapProcess,02.01.0001,UpdateEmployeeV2(i8),Adapter_Invoke,,,,/Api/V2/employees/{employeeID},TSGTSNAPREST_CONN,UpdateEmployeeV2,
TSGTEMPLOYEESUNUMPROCESS_02.00.0000.iar.yaml,TSGTEMPLOYEESUNUMPROCESS|02.00.0000,TSGTEMPLOYEESUNUMPROCESS,TSGTEmployeesUNUMProcess,02.00.0000,GetConfigs(i1),RESTToOIC,TSGTGETCONFIGS_SERVICE,1.0,TSGTGetConfigs_Service,/api/integration/v1/flows/rest/TSGTGETCONFIGS_SERVICE/1.0/configs,TSGTRESTOICINVOK_CONN,GetConfigs,
TSGTEMPLOYEESUNUMPROCESS_02.00.0000.iar.yaml,TSGTEMPLOYEESUNUMPROCESS|02.00.0000,TSGTEMPLOYEESUNUMPROCESS,TSGTEmployeesUNUMProcess,02.00.0000,PublishAuditing(i6),RESTToOIC,TSGTPUBLISHAUDIT_SERVICE,1.0,TSGTPublishAuditing_Service,/api/integration/v1/flows/rest/TSGTPUBLISHAUDIT_SERVICE/1.0/auditing,TSGTRESTOICINVOK_CONN,PublishAuditing,
TSGTEMPLOYEESUNUMPROCESS_02.00.0000.iar.yaml,TSGTEMPLOYEESUNUMPROCESS|02.00.0000,TSGTEMPLOYEESUNUMPROCESS,TSGTEmployeesUNUMProcess,02.00.0000,UpdateConfig(i5),RESTToOIC,TSGTUPDATECONFIG_SERVICE,1.0,TSGTUpdateConfigs_Service,/api/integration/v1/flows/rest/TSGTUPDATECONFIG_SERVICE/1.0/configs,TSGTRESTOICINVOK_CONN,UpdateConfig,
TSGTEMPLOYEESUNUMPROCESS_02.00.0000.iar.yaml,TSGTEMPLOYEESUNUMPROCESS|02.00.0000,TSGTEMPLOYEESUNUMPROCESS,TSGTEmployeesUNUMProcess,02.00.0000,ArchiveFile(i7),Adapter_Invoke,,,,,TSGTFTP_CONN,ArchiveFile,
TSGTEMPLOYEESUNUMPROCESS_02.00.0000.iar.yaml,TSGTEMPLOYEESUNUMPROCESS|02.00.0000,TSGTEMPLOYEESUNUMPROCESS,TSGTEmployeesUNUMProcess,02.00.0000,CopyFile(i4),Adapter_Invoke,,,,,TSGTFTPUNUM_CONN,CopyFile,
TSGTEMPLOYEESUNUMPROCESS_02.00.0000.iar.yaml,TSGTEMPLOYEESUNUMPROCESS|02.00.0000,TSGTEMPLOYEESUNUMPROCESS,TSGTEmployeesUNUMProcess,02.00.0000,EmployeesExtract(i3),Adapter_Invoke,,,,,TSGTADAPTERHCM_CONN,EmployeesExtract,
TSGTEMPLOYEESUNUMPROCESS_02.00.0000.iar.yaml,TSGTEMPLOYEESUNUMPROCESS|02.00.0000,TSGTEMPLOYEESUNUMPROCESS,TSGTEmployeesUNUMProcess,02.00.0000,SearchStatus(i2),Adapter_Invoke,,,,,TSGTSOAPREPORTIN_CONN,SearchStatus,
TSGTEMPLOYEESUNUMPROCESS_02.00.0000.iar.yaml,TSGTEMPLOYEESUNUMPROCESS|02.00.0000,TSGTEMPLOYEESUNUMPROCESS,TSGTEmployeesUNUMProcess,02.00.0000,SubmitExtract(i0),Adapter_Invoke,,,,,TSGTADAPTERHCM_CONN,SubmitExtract,
TSGTGETCONFIGS_SERVICE_01.02.0003.iar.yaml,TSGTGETCONFIGS_SERVICE|01.02.0003,TSGTGETCONFIGS_SERVICE,TSGTGetConfigs_Service,01.02.0003,GetConfigs(i0),Adapter_Invoke,,,,/builder/rt/InterfaceConfigs/live/resources/data/Config,TSGTRESTOICINVOK_CONN,GetConfigs,
TSGTHCMASSIGNMENTUPDATEBYPUBLISH_02.00.0000.iar.yaml,TSGTHCMASSIGNMENTUPDATEBYPUBLISH|02.00.0000,TSGTHCMASSIGNMENTUPDATEBYPUBLISH,TSGTHCMAssignmentUpdateByPublish,02.00.0000,PublishEmployees(i0),IntegrationAction,TSGTPUBLISHEMPLO_SERVICE,01.00.0000,TSGTPublishEmployees_Service,/employee,PRESEEDED_COLLOCATED_CONN_1741,PublishEmployees,
TSGTHCMASSIGNMENTUPDATEBYPUBLISH_02.00.0000.iar.yaml,TSGTHCMASSIGNMENTUPDATEBYPUBLISH|02.00.0000,TSGTHCMASSIGNMENTUPDATEBYPUBLISH,TSGTHCMAssignmentUpdateByPublish,02.00.0000,GetAssignmentFeeds(i1),Adapter_Invoke,,,,,TSGTADAPTERHCM_CONN,GetAssignmentFeeds,
TSGTHCMASSIGNMENTUPDATEBYUPDATE_02.00.0000.iar.yaml,TSGTHCMASSIGNMENTUPDATEBYUPDATE|02.00.0000,TSGTHCMASSIGNMENTUPDATEBYUPDATE,TSGTHCMAssignmentUpdateByUpdate,02.00.0000,PublishEmployees(i0),IntegrationAction,TSGTPUBLISHEMPLO_SERVICE,01.00.0000,TSGTPublishEmployees_Service,/employee,PRESEEDED_COLLOCATED_CONN_1741,PublishEmployees,
TSGTHCMASSIGNMENTUPDATEBYUPDATE_02.00.0000.iar.yaml,TSGTHCMASSIGNMENTUPDATEBYUPDATE|02.00.0000,TSGTHCMASSIGNMENTUPDATEBYUPDATE,TSGTHCMAssignmentUpdateByUpdate,02.00.0000,GetAssignmentFeeds(i1),Adapter_Invoke,,,,,TSGTADAPTERHCM_CONN,GetAssignmentFeeds,
TSGTHCMDAILYPROCESS_02.03.0000.iar.yaml,TSGTHCMDAILYPROCESS|02.03.0000,TSGTHCMDAILYPROCESS,TSGTHCMDailyProcess,02.03.0000,DepartmentListScheduleReport(i12),IntegrationAction,BIP_SCHEDU_REPORT_WSS_SERVIC,01.00.0000,BIP Schedule Report WSS Service,,PRESEEDED_COLLOCATED_CONN_1741,DepartmentListScheduleReport,
TSGTHCMDAILYPROCESS_02.03.0000.iar.yaml,TSGTHCMDAILYPROCESS|02.03.0000,TSGTHCMDAILYPROCESS,TSGTHCMDailyProcess,02.03.0000,FidelityDelivery(i21),RESTToOIC,TSGTEMPLOYEEFIDELITYDELIVERY,2.0,TSGTEmployeeFidelityDelivery,/api/integration/v1/flows/rest/TSGTEMPLOYEEFIDELITYDELIVERY/2.0/trigger,TSGTRESTOICINVOK_CONN,FidelityDelivery,
TSGTHCMDAILYPROCESS_02.03.0000.iar.yaml,TSGTHCMDAILYPROCESS|02.03.0000,TSGTHCMDAILYPROCESS,TSGTHCMDailyProcess,02.03.0000,BenefitHub(i23),RESTToOIC,TSGTEMPLOYEESBENEFITHUBPROCESS,2.0,TSGTEmployeesBenefithubProcess,/api/integration/v1/flows/rest/TSGTEMPLOYEESBENEFITHUBPROCESS/2.0/employees,TSGTRESTOICINVOK_CONN,BenefitHub,
TSGTHCMDAILYPROCESS_02.03.0000.iar.yaml,TSGTHCMDAILYPROCESS|02.03.0000,TSGTHCMDAILYPROCESS,TSGTHCMDailyProcess,02.03.0000,CallCollectiveView(i9),RESTToOIC,TSGTEMPLOYEESCOLLECTIVEVIEW,2.0,TSGTEmployeesCollectiveView,/api/integration/v1/flows/rest/TSGTEMPLOYEESCOLLECTIVEVIEW/2.0/collectiveview,TSGTRESTOICINVOK_CONN,CallCollectiveView,
TSGTHCMDAILYPROCESS_02.03.0000.iar.yaml,TSGTHCMDAILYPROCESS|02.03.0000,TSGTHCMDAILYPROCESS,TSGTHCMDailyProcess,02.03.0000,Unum(i16),RESTToOIC,TSGTEMPLOYEESUNUMPROCESS,2.0,TSGTEmployeesUNUMProcess,/api/integration/v1/flows/rest/TSGTEMPLOYEESUNUMPROCESS/2.0/employees,TSGTRESTOICINVOK_CONN,Unum,
TSGTHCMDAILYPROCESS_02.03.0000.iar.yaml,TSGTHCMDAILYPROCESS|02.03.0000,TSGTHCMDAILYPROCESS,TSGTHCMDailyProcess,02.03.0000,GetConfigs(i4),RESTToOIC,TSGTGETCONFIGS_SERVICE,1.0,TSGTGetConfigs_Service,/api/integration/v1/flows/rest/TSGTGETCONFIGS_SERVICE/1.0/configs,TSGTRESTOICINVOK_CONN,GetConfigs,
TSGTHCMDAILYPROCESS_02.03.0000.iar.yaml,TSGTHCMDAILYPROCESS|02.03.0000,TSGTHCMDAILYPROCESS,TSGTHCMDailyProcess,02.03.0000,EmployeesExtract(i1),RESTToOIC,TSGTHCMEMPLOYEESEXTRACT,2.0,TSGTHCMEmployeesExtract,/api/integration/v1/flows/rest/TSGTHCMEMPLOYEESEXTRACT/2.0/employeeBatch,TSGTRESTOICINVOK_CONN,EmployeesExtract,
TSGTHCMDAILYPROCESS_02.03.0000.iar.yaml,TSGTHCMDAILYPROCESS|02.03.0000,TSGTHCMDAILYPROCESS,TSGTHCMDailyProcess,02.03.0000,EmployeesTermination(i2),RESTToOIC,TSGTHCMEMPLOYEESTERMINATION,2.0,TSGTHCMEmployeesTermination,/api/integration/v1/flows/rest/TSGTHCMEMPLOYEESTERMINATION/2.0/employeeBatch,TSGTRESTOICINVOK_CONN,EmployeesTermination,
TSGTHCMDAILYPROCESS_02.03.0000.iar.yaml,TSGTHCMDAILYPROCESS|02.03.0000,TSGTHCMDAILYPROCESS,TSGTHCMDailyProcess,02.03.0000,CorityPayrollHours(i24),RESTToOIC,TSGTHCMPAYROLLHOURS2CORITY,2.0,TSGTHCMPayrollHours2Cority,/api/integration/v1/flows/rest/TSGTHCMPAYROLLHOURS2CORITY/2.0/payrollHours,TSGTRESTOICINVOK_CONN,CorityPayrollHours,
TSGTHCMDAILYPROCESS_02.03.0000.iar.yaml,TSGTHCMDAILYPROCESS|02.03.0000,TSGTHCMDAILYPROCESS,TSGTHCMDailyProcess,02.03.0000,PublishAuditing(i8),IntegrationAction,TSGTPUBLISHAUDIT_SERVICE,01.00.0000,TSGTPublishAuditing_Service,/auditing,PRESEEDED_COLLOCATED_CONN_1741,PublishAuditing,
TSGTHCMDAILYPROCESS_02.03.0000.iar.yaml,TSGTHCMDAILYPROCESS|02.03.0000,TSGTHCMDAILYPROCESS,TSGTHCMDailyProcess,02.03.0000,PublishAuditing4ExtractError(i11),RESTToOIC,TSGTPUBLISHAUDIT_SERVICE,1.0,TSGTPublishAuditing_Service,/api/integration/v1/flows/rest/TSGTPUBLISHAUDIT_SERVICE/1.0/auditing,TSGTRESTOICINVOK_CONN,PublishAuditing4ExtractError,
TSGTHCMDAILYPROCESS_02.03.0000.iar.yaml,TSGTHCMDAILYPROCESS|02.03.0000,TSGTHCMDAILYPROCESS,TSGTHCMDailyProcess,02.03.0000,PublishError4CollectiveView(i17),RESTToOIC,TSGTPUBLISHAUDIT_SERVICE,1.0,TSGTPublishAuditing_Service,/api/integration/v1/flows/rest/TSGTPUBLISHAUDIT_SERVICE/1.0/auditing,TSGTRESTOICINVOK_CONN,PublishError4CollectiveView,
TSGTHCMDAILYPROCESS_02.03.0000.iar.yaml,TSGTHCMDAILYPROCESS|02.03.0000,TSGTHCMDAILYPROCESS,TSGTHCMDailyProcess,02.03.0000,PublishError4Extract(i18),RESTToOIC,TSGTPUBLISHAUDIT_SERVICE,1.0,TSGTPublishAuditing_Service,/api/integration/v1/flows/rest/TSGTPUBLISHAUDIT_SERVICE/1.0/auditing,TSGTRESTOICINVOK_CONN,PublishError4Extract,
TSGTHCMDAILYPROCESS_02.03.0000.iar.yaml,TSGTHCMDAILYPROCESS|02.03.0000,TSGTHCMDAILYPROCESS,TSGTHCMDailyProcess,02.03.0000,PublishError4Fidelity(i22),RESTToOIC,TSGTPUBLISHAUDIT_SERVICE,1.0,TSGTPublishAuditing_Service,/api/integration/v1/flows/rest/TSGTPUBLISHAUDIT_SERVICE/1.0/auditing,TSGTRESTOICINVOK_CONN,PublishError4Fidelity,
TSGTHCMDAILYPROCESS_02.03.0000.iar.yaml,TSGTHCMDAILYPROCESS|02.03.0000,TSGTHCMDAILYPROCESS,TSGTHCMDailyProcess,02.03.0000,PublishError4Termination(i20),RESTToOIC,TSGTPUBLISHAUDIT_SERVICE,1.0,TSGTPublishAuditing_Service,/api/integration/v1/flows/rest/TSGTPUBLISHAUDIT_SERVICE/1.0/auditing,TSGTRESTOICINVOK_CONN,PublishError4Termination,
TSGTHCMDAILYPROCESS_02.03.0000.iar.yaml,TSGTHCMDAILYPROCESS|02.03.0000,TSGTHCMDAILYPROCESS,TSGTHCMDailyProcess,02.03.0000,PublishError4Unum(i19),RESTToOIC,TSGTPUBLISHAUDIT_SERVICE,1.0,TSGTPublishAuditing_Service,/api/integration/v1/flows/rest/TSGTPUBLISHAUDIT_SERVICE/1.0/auditing,TSGTRESTOICINVOK_CONN,PublishError4Unum,
TSGTHCMDAILYPROCESS_02.03.0000.iar.yaml,TSGTHCMDAILYPROCESS|02.03.0000,TSGTHCMDAILYPROCESS,TSGTHCMDailyProcess,02.03.0000,RunExtractReport(i5),Adapter_Invoke,,,,,TSGTSOAPREPORTIN_CONN,RunExtractReport,
TSGTHCMDAILYPROCESS_02.03.0000.iar.yaml,TSGTHCMDAILYPROCESS|02.03.0000,TSGTHCMDAILYPROCESS,TSGTHCMDailyProcess,02.03.0000,ScheduleCollectiveView(i0),Adapter_Invoke,,,,,TSGTADAPTERHCM_CONN,ScheduleCollectiveView,
TSGTHCMDAILYPROCESS_02.03.0000.iar.yaml,TSGTHCMDAILYPROCESS|02.03.0000,TSGTHCMDAILYPROCESS,TSGTHCMDailyProcess,02.03.0000,ScheduleEmployees(i3),Adapter_Invoke,,,,,TSGTADAPTERHCM_CONN,ScheduleEmployees,
TSGTHCMDAILYPROCESS_02.03.0000.iar.yaml,TSGTHCMDAILYPROCESS|02.03.0000,TSGTHCMDAILYPROCESS,TSGTHCMDailyProcess,02.03.0000,ScheduleTermination(i6),Adapter_Invoke,,,,,TSGTADAPTERHCM_CONN,ScheduleTermination,
TSGTHCMDAILYPROCESS_02.03.0000.iar.yaml,TSGTHCMDAILYPROCESS|02.03.0000,TSGTHCMDAILYPROCESS,TSGTHCMDailyProcess,02.03.0000,SearchDepartmentList(i7),Adapter_Invoke,,,,,TSGTSOAPGENERICI_CONN,SearchDepartmentList,
TSGTHCMEMPLOYEESEXTRACT_02.00.0000.iar.yaml,TSGTHCMEMPLOYEESEXTRACT|02.00.0000,TSGTHCMEMPLOYEESEXTRACT,TSGTHCMEmployeesExtract,02.00.0000,PublishAuditing(i1),IntegrationAction,AUDITINGINBOUND,01.00.0000,,/auditing,PRESEEDED_COLLOCATED_CONN_1741,PublishAuditing,
TSGTHCMEMPLOYEESEXTRACT_02.00.0000.iar.yaml,TSGTHCMEMPLOYEESEXTRACT|02.00.0000,TSGTHCMEMPLOYEESEXTRACT,TSGTHCMEmployeesExtract,02.00.0000,PublishAuditing4Extract(i6),IntegrationAction,AUDITINGINBOUND,01.00.0000,,/auditing,PRESEEDED_COLLOCATED_CONN_1741,PublishAuditing4Extract,
TSGTHCMEMPLOYEESEXTRACT_02.00.0000.iar.yaml,TSGTHCMEMPLOYEESEXTRACT|02.00.0000,TSGTHCMEMPLOYEESEXTRACT,TSGTHCMEmployeesExtract,02.00.0000,GetConfigs(i2),IntegrationAction,TSGTGETCONFIGS_SERVICE,01.02.0000,TSGTGetConfigs_Service,/configs,PRESEEDED_COLLOCATED_CONN_1741,GetConfigs,
TSGTHCMEMPLOYEESEXTRACT_02.00.0000.iar.yaml,TSGTHCMEMPLOYEESEXTRACT|02.00.0000,TSGTHCMEMPLOYEESEXTRACT,TSGTHCMEmployeesExtract,02.00.0000,PublishExtract(i4),RESTToOIC,TSGTPUBLISHEXTRACTPROCESS,2.0,TSGTPublishExtractProcess,/api/integration/v1/flows/rest/TSGTPUBLISHEXTRACTPROCESS/2.0/trigger,TSGTRESTOICINVOK_CONN,PublishExtract,
TSGTHCMEMPLOYEESEXTRACT_02.00.0000.iar.yaml,TSGTHCMEMPLOYEESEXTRACT|02.00.0000,TSGTHCMEMPLOYEESEXTRACT,TSGTHCMEmployeesExtract,02.00.0000,UpdateConfigs(i5),IntegrationAction,TSGTUPDATECONFIG_SERVICE,01.02.0000,TSGTUpdateConfigs_Service,/configs,PRESEEDED_COLLOCATED_CONN_1741,UpdateConfigs,
TSGTHCMEMPLOYEESEXTRACT_02.00.0000.iar.yaml,TSGTHCMEMPLOYEESEXTRACT|02.00.0000,TSGTHCMEMPLOYEESEXTRACT,TSGTHCMEmployeesExtract,02.00.0000,EmployeesExtract(i0),Adapter_Invoke,,,,,TSGTADAPTERHCM_CONN,EmployeesExtract,
TSGTHCMEMPLOYEESEXTRACT_02.00.0000.iar.yaml,TSGTHCMEMPLOYEESEXTRACT|02.00.0000,TSGTHCMEMPLOYEESEXTRACT,TSGTHCMEmployeesExtract,02.00.0000,WriteFile(i3),Adapter_Invoke,,,,,TSGTFTP_CONN,WriteFile,
TSGTHCMEMPLOYEESTERMINATION_02.00.0000.iar.yaml,TSGTHCMEMPLOYEESTERMINATION|02.00.0000,TSGTHCMEMPLOYEESTERMINATION,TSGTHCMEmployeesTermination,02.00.0000,PublishAuditing(i1),IntegrationAction,AUDITINGINBOUND,01.00.0000,,/auditing,PRESEEDED_COLLOCATED_CONN_1741,PublishAuditing,
TSGTHCMEMPLOYEESTERMINATION_02.00.0000.iar.yaml,TSGTHCMEMPLOYEESTERMINATION|02.00.0000,TSGTHCMEMPLOYEESTERMINATION,TSGTHCMEmployeesTermination,02.00.0000,GetConfigs(i2),IntegrationAction,TSGTGETCONFIGS_SERVICE,01.02.0000,TSGTGetConfigs_Service,/configs,PRESEEDED_COLLOCATED_CONN_1741,GetConfigs,
TSGTHCMEMPLOYEESTERMINATION_02.00.0000.iar.yaml,TSGTHCMEMPLOYEESTERMINATION|02.00.0000,TSGTHCMEMPLOYEESTERMINATION,TSGTHCMEmployeesTermination,02.00.0000,PublishEmployees(i4),IntegrationAction,TSGTPUBLISHEXTRA_SERVICE,01.00.0000,TSGTPublishExtract_Service,/employee,PRESEEDED_COLLOCATED_CONN_1741,PublishEmployees,
TSGTHCMEMPLOYEESTERMINATION_02.00.0000.iar.yaml,TSGTHCMEMPLOYEESTERMINATION|02.00.0000,TSGTHCMEMPLOYEESTERMINATION,TSGTHCMEmployeesTermination,02.00.0000,UpdateConfigs(i5),IntegrationAction,TSGTUPDATECONFIG_SERVICE,01.02.0000,TSGTUpdateConfigs_Service,/configs,PRESEEDED_COLLOCATED_CONN_1741,UpdateConfigs,
TSGTHCMEMPLOYEESTERMINATION_02.00.0000.iar.yaml,TSGTHCMEMPLOYEESTERMINATION|02.00.0000,TSGTHCMEMPLOYEESTERMINATION,TSGTHCMEmployeesTermination,02.00.0000,EmployeesExtract(i0),Adapter_Invoke,,,,,TSGTADAPTERHCM_CONN,EmployeesExtract,
TSGTHCMEMPLOYEESTERMINATION_02.00.0000.iar.yaml,TSGTHCMEMPLOYEESTERMINATION|02.00.0000,TSGTHCMEMPLOYEESTERMINATION,TSGTHCMEmployeesTermination,02.00.0000,WriteFile(i3),Adapter_Invoke,,,,,TSGTFTP_CONN,WriteFile,
TSGTHCMEMPLOYEESUPDATEOUTBOUND_02.00.0001.iar.yaml,TSGTHCMEMPLOYEESUPDATEOUTBOUND|02.00.0001,TSGTHCMEMPLOYEESUPDATEOUTBOUND,TSGTHCMEmployeesUpdateOutbound,02.00.0001,PublishAuditing(i2),IntegrationAction,AUDITINGINBOUND,01.00.0000,,/auditing,PRESEEDED_COLLOCATED_CONN_1741,PublishAuditing,
TSGTHCMEMPLOYEESUPDATEOUTBOUND_02.00.0001.iar.yaml,TSGTHCMEMPLOYEESUPDATEOUTBOUND|02.00.0001,TSGTHCMEMPLOYEESUPDATEOUTBOUND,TSGTHCMEmployeesUpdateOutbound,02.00.0001,PublishEmployees(i1),IntegrationAction,TSGTPUBLISHEMPLO_SERVICE,01.00.0000,TSGTPublishEmployees_Service,/employee,PRESEEDED_COLLOCATED_CONN_1741,PublishEmployees,
TSGTHCMEMPLOYEESUPDATEOUTBOUND_02.00.0001.iar.yaml,TSGTHCMEMPLOYEESUPDATEOUTBOUND|02.00.0001,TSGTHCMEMPLOYEESUPDATEOUTBOUND,TSGTHCMEmployeesUpdateOutbound,02.00.0001,GetEmployeeUpdate(i0),Adapter_Invoke,,,,,TSGTADAPTERHCM_CONN,GetEmployeeUpdate,
TSGTHCMEMPLOYEETERMINATIONBYUPDA_02.00.0001.iar.yaml,TSGTHCMEMPLOYEETERMINATIONBYUPDA|02.00.0001,TSGTHCMEMPLOYEETERMINATIONBYUPDA,TSGTHCMEmployeeTerminationByUpdate,02.00.0001,PublishAuditing(i2),RESTToOIC,TSGTPUBLISHAUDIT_SERVICE,1.0,TSGTPublishAuditing_Service,/api/integration/v1/flows/rest/TSGTPUBLISHAUDIT_SERVICE/1.0/auditing,TSGTRESTOICINVOK_CONN,PublishAuditing,
TSGTHCMEMPLOYEETERMINATIONBYUPDA_02.00.0001.iar.yaml,TSGTHCMEMPLOYEETERMINATIONBYUPDA|02.00.0001,TSGTHCMEMPLOYEETERMINATIONBYUPDA,TSGTHCMEmployeeTerminationByUpdate,02.00.0001,PublishEmployees(i1),IntegrationAction,TSGTPUBLISHEMPLO_SERVICE,01.00.0000,TSGTPublishEmployees_Service,/employee,PRESEEDED_COLLOCATED_CONN_1741,PublishEmployees,
TSGTHCMEMPLOYEETERMINATIONBYUPDA_02.00.0001.iar.yaml,TSGTHCMEMPLOYEETERMINATIONBYUPDA|02.00.0001,TSGTHCMEMPLOYEETERMINATIONBYUPDA,TSGTHCMEmployeeTerminationByUpdate,02.00.0001,GetEmployeeTermination(i0),Adapter_Invoke,,,,,TSGTADAPTERHCM_CONN,GetEmployeeTermination,
TSGTHCMEXTRACTLOADER_01.00.0000.iar.yaml,TSGTHCMEXTRACTLOADER|01.00.0000,TSGTHCMEXTRACTLOADER,TSGTHCMExtractLoader,01.00.0000,PublishEmployees(i1),IntegrationAction,TSGTPUBLISHEMPLO_SERVICE,01.00.0000,TSGTPublishEmployees_Service,/employee,PRESEEDED_COLLOCATED_CONN_1741,PublishEmployees,
TSGTHCMEXTRACTLOADER_01.00.0000.iar.yaml,TSGTHCMEXTRACTLOADER|01.00.0000,TSGTHCMEXTRACTLOADER,TSGTHCMExtractLoader,01.00.0000,ReadFile(i0),Adapter_Invoke,,,,,TSGTFTP_CONN,ReadFile,
TSGTHCMHOURLYPROCESS_02.00.0000.iar.yaml,TSGTHCMHOURLYPROCESS|02.00.0000,TSGTHCMHOURLYPROCESS,TSGTHCMHourlyProcess,02.00.0000,AzureAD(i3),RESTToOIC,TSGTAZUREADEMPLOYEESOUTBOUNDHCM,2.0,TSGTAzureADEmployeesOutboundHCM,/api/integration/v1/flows/rest/TSGTAZUREADEMPLOYEESOUTBOUNDHCM/2.0/employeeOutbound,TSGTRESTOICINVOK_CONN,AzureAD,
TSGTHCMHOURLYPROCESS_02.00.0000.iar.yaml,TSGTHCMHOURLYPROCESS|02.00.0000,TSGTHCMHOURLYPROCESS,TSGTHCMHourlyProcess,02.00.0000,AssigmentUpdateByPublish(i9),IntegrationAction,TSGTHCMASSIGNMENTUPDATEBYPUBLISH,02.00.0000,TSGTHCMAssignmentUpdateByPublish,/employeeOutbound,PRESEEDED_COLLOCATED_CONN_1741,AssigmentUpdateByPublish,
TSGTHCMHOURLYPROCESS_02.00.0000.iar.yaml,TSGTHCMHOURLYPROCESS|02.00.0000,TSGTHCMHOURLYPROCESS,TSGTHCMHourlyProcess,02.00.0000,AssignmentUpdateByUpdate(i2),IntegrationAction,TSGTHCMASSIGNMENTUPDATEBYUPDATE,02.00.0000,TSGTHCMAssignmentUpdateByUpdate,/employeeOutbound,PRESEEDED_COLLOCATED_CONN_1741,AssignmentUpdateByUpdate,
TSGTHCMHOURLYPROCESS_02.00.0000.iar.yaml,TSGTHCMHOURLYPROCESS|02.00.0000,TSGTHCMHOURLYPROCESS,TSGTHCMHourlyProcess,02.00.0000,EmployeesUpdate(i0),IntegrationAction,TSGTHCMEMPLOYEESUPDATEOUTBOUND,02.00.0001,TSGTHCMEmployeesUpdateOutbound,/employeeOutbound,PRESEEDED_COLLOCATED_CONN_1741,EmployeesUpdate,
TSGTHCMHOURLYPROCESS_02.00.0000.iar.yaml,TSGTHCMHOURLYPROCESS|02.00.0000,TSGTHCMHOURLYPROCESS,TSGTHCMHourlyProcess,02.00.0000,EmployeeTerminated(i6),IntegrationAction,TSGTHCMEMPLOYEETERMINATIONBYUPDA,02.00.0000,TSGTHCMEmployeeTerminationByUpdate,/employeeOutbound,PRESEEDED_COLLOCATED_CONN_1741,EmployeeTerminated,
TSGTHCMHOURLYPROCESS_02.00.0000.iar.yaml,TSGTHCMHOURLYPROCESS|02.00.0000,TSGTHCMHOURLYPROCESS,TSGTHCMHourlyProcess,02.00.0000,NewHireByPublish(i5),IntegrationAction,TSGTHCMNEWHIRESOUTBOUNDBYPUBLISH,02.00.0000,TSGTHCMNewHiresOutboundByPublish,/employeeOutbound,PRESEEDED_COLLOCATED_CONN_1741,NewHireByPublish,
TSGTHCMHOURLYPROCESS_02.00.0000.iar.yaml,TSGTHCMHOURLYPROCESS|02.00.0000,TSGTHCMHOURLYPROCESS,TSGTHCMHourlyProcess,02.00.0000,NewHireByUpdated(i1),IntegrationAction,TSGTHCMNEWHIRESOUTBOUNDBYUPDATE,02.00.0001,TSGTHCMNewHiresOutboundByUpdate,/employeeOutbound,PRESEEDED_COLLOCATED_CONN_1741,NewHireByUpdated,
TSGTHCMHOURLYPROCESS_02.00.0000.iar.yaml,TSGTHCMHOURLYPROCESS|02.00.0000,TSGTHCMHOURLYPROCESS,TSGTHCMHourlyProcess,02.00.0000,PublishAuditing(i4),RESTToOIC,TSGTPUBLISHAUDIT_SERVICE,1.0,TSGTPublishAuditing_Service,/api/integration/v1/flows/rest/TSGTPUBLISHAUDIT_SERVICE/1.0/auditing,TSGTRESTOICINVOK_CONN,PublishAuditing,
TSGTHCMHOURLYPROCESS_02.00.0000.iar.yaml,TSGTHCMHOURLYPROCESS|02.00.0000,TSGTHCMHOURLYPROCESS,TSGTHCMHourlyProcess,02.00.0000,PublishAuditing4AssignmentUpdate(i8),RESTToOIC,TSGTPUBLISHAUDIT_SERVICE,1.0,TSGTPublishAuditing_Service,/api/integration/v1/flows/rest/TSGTPUBLISHAUDIT_SERVICE/1.0/auditing,TSGTRESTOICINVOK_CONN,PublishAuditing4AssignmentUpdate,
TSGTHCMHOURLYPROCESS_02.00.0000.iar.yaml,TSGTHCMHOURLYPROCESS|02.00.0000,TSGTHCMHOURLYPROCESS,TSGTHCMHourlyProcess,02.00.0000,PublishAuditing4AssignmentUpdateFuture(i10),RESTToOIC,TSGTPUBLISHAUDIT_SERVICE,1.0,TSGTPublishAuditing_Service,/api/integration/v1/flows/rest/TSGTPUBLISHAUDIT_SERVICE/1.0/auditing,TSGTRESTOICINVOK_CONN,PublishAuditing4AssignmentUpdateFuture,
TSGTHCMHOURLYPROCESS_02.00.0000.iar.yaml,TSGTHCMHOURLYPROCESS|02.00.0000,TSGTHCMHOURLYPROCESS,TSGTHCMHourlyProcess,02.00.0000,PublishAuditing4Azure(i14),RESTToOIC,TSGTPUBLISHAUDIT_SERVICE,1.0,TSGTPublishAuditing_Service,/api/integration/v1/flows/rest/TSGTPUBLISHAUDIT_SERVICE/1.0/auditing,TSGTRESTOICINVOK_CONN,PublishAuditing4Azure,
TSGTHCMHOURLYPROCESS_02.00.0000.iar.yaml,TSGTHCMHOURLYPROCESS|02.00.0000,TSGTHCMHOURLYPROCESS,TSGTHCMHourlyProcess,02.00.0000,PublishAuditing4EmployeeUpdate(i7),RESTToOIC,TSGTPUBLISHAUDIT_SERVICE,1.0,TSGTPublishAuditing_Service,/api/integration/v1/flows/rest/TSGTPUBLISHAUDIT_SERVICE/1.0/auditing,TSGTRESTOICINVOK_CONN,PublishAuditing4EmployeeUpdate,
TSGTHCMHOURLYPROCESS_02.00.0000.iar.yaml,TSGTHCMHOURLYPROCESS|02.00.0000,TSGTHCMHOURLYPROCESS,TSGTHCMHourlyProcess,02.00.0000,PublishAuditing4NewHirePublish(i12),RESTToOIC,TSGTPUBLISHAUDIT_SERVICE,1.0,TSGTPublishAuditing_Service,/api/integration/v1/flows/rest/TSGTPUBLISHAUDIT_SERVICE/1.0/auditing,TSGTRESTOICINVOK_CONN,PublishAuditing4NewHirePublish,
TSGTHCMHOURLYPROCESS_02.00.0000.iar.yaml,TSGTHCMHOURLYPROCESS|02.00.0000,TSGTHCMHOURLYPROCESS,TSGTHCMHourlyProcess,02.00.0000,PublishAuditing4NewHireUpdate(i11),RESTToOIC,TSGTPUBLISHAUDIT_SERVICE,1.0,TSGTPublishAuditing_Service,/api/integration/v1/flows/rest/TSGTPUBLISHAUDIT_SERVICE/1.0/auditing,TSGTRESTOICINVOK_CONN,PublishAuditing4NewHireUpdate,
TSGTHCMHOURLYPROCESS_02.00.0000.iar.yaml,TSGTHCMHOURLYPROCESS|02.00.0000,TSGTHCMHOURLYPROCESS,TSGTHCMHourlyProcess,02.00.0000,PublishAuditing4Termination(i13),RESTToOIC,TSGTPUBLISHAUDIT_SERVICE,1.0,TSGTPublishAuditing_Service,/api/integration/v1/flows/rest/TSGTPUBLISHAUDIT_SERVICE/1.0/auditing,TSGTRESTOICINVOK_CONN,PublishAuditing4Termination,
TSGTHCMNEWHIRESOUTBOUNDBYPUBLISH_02.00.0000.iar.yaml,TSGTHCMNEWHIRESOUTBOUNDBYPUBLISH|02.00.0000,TSGTHCMNEWHIRESOUTBOUNDBYPUBLISH,TSGTHCMNewHiresOutboundByPublish,02.00.0000,PublishAuditing(i2),IntegrationAction,AUDITINGINBOUND,01.00.0000,,/auditing,PRESEEDED_COLLOCATED_CONN_1741,PublishAuditing,
TSGTHCMNEWHIRESOUTBOUNDBYPUBLISH_02.00.0000.iar.yaml,TSGTHCMNEWHIRESOUTBOUNDBYPUBLISH|02.00.0000,TSGTHCMNEWHIRESOUTBOUNDBYPUBLISH,TSGTHCMNewHiresOutboundByPublish,02.00.0000,PublishEmployees(i1),IntegrationAction,TSGTPUBLISHEMPLO_SERVICE,01.00.0000,TSGTPublishEmployees_Service,/employee,PRESEEDED_COLLOCATED_CONN_1741,PublishEmployees,
TSGTHCMNEWHIRESOUTBOUNDBYPUBLISH_02.00.0000.iar.yaml,TSGTHCMNEWHIRESOUTBOUNDBYPUBLISH|02.00.0000,TSGTHCMNEWHIRESOUTBOUNDBYPUBLISH,TSGTHCMNewHiresOutboundByPublish,02.00.0000,GetEmployeeNewHires(i0),Adapter_Invoke,,,,,TSGTADAPTERHCM_CONN,GetEmployeeNewHires,
TSGTHCMNEWHIRESOUTBOUNDBYUPDATE_02.00.0001.iar.yaml,TSGTHCMNEWHIRESOUTBOUNDBYUPDATE|02.00.0001,TSGTHCMNEWHIRESOUTBOUNDBYUPDATE,TSGTHCMNewHiresOutboundByUpdate,02.00.0001,PublishAuditing(i2),IntegrationAction,AUDITINGINBOUND,01.00.0000,,/auditing,PRESEEDED_COLLOCATED_CONN_1741,PublishAuditing,
TSGTHCMNEWHIRESOUTBOUNDBYUPDATE_02.00.0001.iar.yaml,TSGTHCMNEWHIRESOUTBOUNDBYUPDATE|02.00.0001,TSGTHCMNEWHIRESOUTBOUNDBYUPDATE,TSGTHCMNewHiresOutboundByUpdate,02.00.0001,PublishEmployees(i1),IntegrationAction,TSGTPUBLISHEMPLO_SERVICE,01.00.0000,TSGTPublishEmployees_Service,/employee,PRESEEDED_COLLOCATED_CONN_1741,PublishEmployees,
TSGTHCMNEWHIRESOUTBOUNDBYUPDATE_02.00.0001.iar.yaml,TSGTHCMNEWHIRESOUTBOUNDBYUPDATE|02.00.0001,TSGTHCMNEWHIRESOUTBOUNDBYUPDATE,TSGTHCMNewHiresOutboundByUpdate,02.00.0001,GetEmployeeNewHires(i0),Adapter_Invoke,,,,,TSGTADAPTERHCM_CONN,GetEmployeeNewHires,
TSGTHCMPAYROLLHOURS2CORITY_02.02.0000.iar.yaml,TSGTHCMPAYROLLHOURS2CORITY|02.02.0000,TSGTHCMPAYROLLHOURS2CORITY,TSGTHCMPayrollHours2Cority,02.02.0000,Cority_Password(i6),IntegrationAction,GET_SECRET_BY_NAME,01.00.0000,Get Secret By Name,/getByName,PRESEEDED_COLLOCATED_CONN_1741,Cority_Password,
TSGTHCMPAYROLLHOURS2CORITY_02.02.0000.iar.yaml,TSGTHCMPAYROLLHOURS2CORITY|02.02.0000,TSGTHCMPAYROLLHOURS2CORITY,TSGTHCMPayrollHours2Cority,02.02.0000,GetConfigs(i0),IntegrationAction,TSGTGETCONFIGS_SERVICE,01.02.0000,TSGTGetConfigs_Service,/configs,PRESEEDED_COLLOCATED_CONN_1741,GetConfigs,
TSGTHCMPAYROLLHOURS2CORITY_02.02.0000.iar.yaml,TSGTHCMPAYROLLHOURS2CORITY|02.02.0000,TSGTHCMPAYROLLHOURS2CORITY,TSGTHCMPayrollHours2Cority,02.02.0000,PublishAuditing(i3),RESTToOIC,TSGTPUBLISHAUDIT_SERVICE,1.0,TSGTPublishAuditing_Service,/api/integration/v1/flows/rest/TSGTPUBLISHAUDIT_SERVICE/1.0/auditing,TSGTRESTOICINVOK_CONN,PublishAuditing,
TSGTHCMPAYROLLHOURS2CORITY_02.02.0000.iar.yaml,TSGTHCMPAYROLLHOURS2CORITY|02.02.0000,TSGTHCMPAYROLLHOURS2CORITY,TSGTHCMPayrollHours2Cority,02.02.0000,PublishAuditing4Error(i5),RESTToOIC,TSGTPUBLISHAUDIT_SERVICE,1.0,TSGTPublishAuditing_Service,/api/integration/v1/flows/rest/TSGTPUBLISHAUDIT_SERVICE/1.0/auditing,TSGTRESTOICINVOK_CONN,PublishAuditing4Error,
TSGTHCMPAYROLLHOURS2CORITY_02.02.0000.iar.yaml,TSGTHCMPAYROLLHOURS2CORITY|02.02.0000,TSGTHCMPAYROLLHOURS2CORITY,TSGTHCMPayrollHours2Cority,02.02.0000,ImportCSV(i2),Adapter_Invoke,,,,,TSGTSOAPCORITYGE_CONN,ImportCSV,
TSGTHCMPAYROLLHOURS2CORITY_02.02.0000.iar.yaml,TSGTHCMPAYROLLHOURS2CORITY|02.02.0000,TSGTHCMPAYROLLHOURS2CORITY,TSGTHCMPayrollHours2Cority,02.02.0000,RunDepartmentReport(i1),Adapter_Invoke,,,,,TSGTSOAPREPORTIN_CONN,RunDepartmentReport,
TSGTHCMPAYROLLHOURS2CORITY_02.02.0000.iar.yaml,TSGTHCMPAYROLLHOURS2CORITY|02.02.0000,TSGTHCMPAYROLLHOURS2CORITY,TSGTHCMPayrollHours2Cority,02.02.0000,RunLocationReport(i4),Adapter_Invoke,,,,,TSGTSOAPREPORTIN_CONN,RunLocationReport,
TSGTPUBLISHEXTRACTPROCESS_02.02.0000.iar.yaml,TSGTPUBLISHEXTRACTPROCESS|02.02.0000,TSGTPUBLISHEXTRACTPROCESS,TSGTPublishExtractProcess,02.02.0000,TSGTEmployeesSnapProcess(i5),IntegrationAction,TSGTEMPLOYEESSNAPPROCESS,02.01.0001,TSGTEmployeesSnapProcess,/employeeOutbound,PRESEEDED_COLLOCATED_CONN_1741,TSGTEmployeesSnapProcess,
TSGTPUBLISHEXTRACTPROCESS_02.02.0000.iar.yaml,TSGTPUBLISHEXTRACTPROCESS|02.02.0000,TSGTPUBLISHEXTRACTPROCESS,TSGTPublishExtractProcess,02.02.0000,GetConfigs(i0),RESTToOIC,TSGTGETCONFIGS_SERVICE,1.0,TSGTGetConfigs_Service,/api/integration/v1/flows/rest/TSGTGETCONFIGS_SERVICE/1.0/configs,TSGTRESTOICINVOK_CONN,GetConfigs,
TSGTPUBLISHEXTRACTPROCESS_02.02.0000.iar.yaml,TSGTPUBLISHEXTRACTPROCESS|02.02.0000,TSGTPUBLISHEXTRACTPROCESS,TSGTPublishExtractProcess,02.02.0000,PublishAuditing(i3),RESTToOIC,TSGTPUBLISHAUDIT_SERVICE,1.0,TSGTPublishAuditing_Service,/api/integration/v1/flows/rest/TSGTPUBLISHAUDIT_SERVICE/1.0/auditing,TSGTRESTOICINVOK_CONN,PublishAuditing,
TSGTPUBLISHEXTRACTPROCESS_02.02.0000.iar.yaml,TSGTPUBLISHEXTRACTPROCESS|02.02.0000,TSGTPUBLISHEXTRACTPROCESS,TSGTPublishExtractProcess,02.02.0000,PublishExtract(i2),RESTToOIC,TSGTPUBLISHEXTRA_SERVICE,1.0,TSGTPublishExtract_Service,/api/integration/v1/flows/rest/TSGTPUBLISHEXTRA_SERVICE/1.0/employee,TSGTRESTOICINVOK_CONN,PublishExtract,
TSGTPUBLISHEXTRACTPROCESS_02.02.0000.iar.yaml,TSGTPUBLISHEXTRACTPROCESS|02.02.0000,TSGTPUBLISHEXTRACTPROCESS,TSGTPublishExtractProcess,02.02.0000,CopyFile(i4),Adapter_Invoke,,,,,TSGTFTP_CONN,CopyFile,
TSGTPUBLISHEXTRACTPROCESS_02.02.0000.iar.yaml,TSGTPUBLISHEXTRACTPROCESS|02.02.0000,TSGTPUBLISHEXTRACTPROCESS,TSGTPublishExtractProcess,02.02.0000,DownloadFile(i1),Adapter_Invoke,,,,,TSGTFTP_CONN,DownloadFile,
TSGTSUBSCRIBEAUD_SERVICE_01.00.0000.iar.yaml,TSGTSUBSCRIBEAUD_SERVICE|01.00.0000,TSGTSUBSCRIBEAUD_SERVICE,TSGTSubscribeAuditing_Service,01.00.0000,CallAuditingProcess(i0),RESTToOIC,TSGTAUDITINGPROC_SERVICE,1.0,TSGTAuditingProcess_Service,/api/integration/v1/flows/rest/TSGTAUDITINGPROC_SERVICE/1.0/auditing,TSGTRESTOICINVOK_CONN,CallAuditingProcess,
TSGTSUBSCRIBEEMPLOYEES4BCP_02.00.0000.iar.yaml,TSGTSUBSCRIBEEMPLOYEES4BCP|02.00.0000,TSGTSUBSCRIBEEMPLOYEES4BCP,TSGTSubscribeEmployees4BCP,02.00.0000,PublishEmployee(i1),RESTToOIC,TSGTEMPLOYEESBCPPROCESS,2.0,TSGTEmployeesBCPProcess,/api/integration/v1/flows/rest/TSGTEMPLOYEESBCPPROCESS/2.0/employeeOutbound,TSGTRESTOICINVOK_CONN,PublishEmployee,
TSGTSUBSCRIBEEMPLOYEES4BCP_02.00.0000.iar.yaml,TSGTSUBSCRIBEEMPLOYEES4BCP|02.00.0000,TSGTSUBSCRIBEEMPLOYEES4BCP,TSGTSubscribeEmployees4BCP,02.00.0000,GetConfigs(i0),RESTToOIC,TSGTGETCONFIGS_SERVICE,1.0,TSGTGetConfigs_Service,/api/integration/v1/flows/rest/TSGTGETCONFIGS_SERVICE/1.0/configs,TSGTRESTOICINVOK_CONN,GetConfigs,
TSGTSUBSCRIBEEMPLOYEES4CORITY_02.00.0000.iar.yaml,TSGTSUBSCRIBEEMPLOYEES4CORITY|02.00.0000,TSGTSUBSCRIBEEMPLOYEES4CORITY,TSGTSubscribeEmployees4Cority,02.00.0000,PublishEmployees(i0),RESTToOIC,TSGTEMPLOYEESCORITYPROCESS,2.0,TSGTEmployeesCorityProcess,/api/integration/v1/flows/rest/TSGTEMPLOYEESCORITYPROCESS/2.0/employeeOutbound,TSGTRESTOICINVOK_CONN,PublishEmployees,
TSGTSUBSCRIBEEMPLOYEES4FIDELITY_02.00.0000.iar.yaml,TSGTSUBSCRIBEEMPLOYEES4FIDELITY|02.00.0000,TSGTSUBSCRIBEEMPLOYEES4FIDELITY,TSGTSubscribeEmployees4Fidelity,02.00.0000,PublishEmployees(i0),RESTToOIC,TSGTEMPLOYEESFIDELITYPROCESS,2.0,TSGTEmployeesFidelityProcess,/api/integration/v1/flows/rest/TSGTEMPLOYEESFIDELITYPROCESS/2.0/employeeOutbound,TSGTRESTOICINVOK_CONN,PublishEmployees,
TSGTUPDATECONFIG_SERVICE_01.02.0001.iar.yaml,TSGTUPDATECONFIG_SERVICE|01.02.0001,TSGTUPDATECONFIG_SERVICE,TSGTUpdateConfigs_Service,01.02.0001,PublishAuditing(i1),IntegrationAction,AUDITINGINBOUND,01.00.0000,,/auditing,PRESEEDED_COLLOCATED_CONN_1741,PublishAuditing,
TSGTUPDATECONFIG_SERVICE_01.02.0001.iar.yaml,TSGTUPDATECONFIG_SERVICE|01.02.0001,TSGTUPDATECONFIG_SERVICE,TSGTUpdateConfigs_Service,01.02.0001,CreateConfig(i3),Adapter_Invoke,,,,/builder/rt/InterfaceConfigs/live/resources/data/Config,TSGTRESTOICINVOK_CONN,CreateConfig,
TSGTUPDATECONFIG_SERVICE_01.02.0001.iar.yaml,TSGTUPDATECONFIG_SERVICE|01.02.0001,TSGTUPDATECONFIG_SERVICE,TSGTUpdateConfigs_Service,01.02.0001,GetConfig(i0),Adapter_Invoke,,,,/builder/rt/InterfaceConfigs/live/resources/data/Config,TSGTRESTOICINVOK_CONN,GetConfig,
TSGTUPDATECONFIG_SERVICE_01.02.0001.iar.yaml,TSGTUPDATECONFIG_SERVICE|01.02.0001,TSGTUPDATECONFIG_SERVICE,TSGTUpdateConfigs_Service,01.02.0001,UpdateConfig(i2),Adapter_Invoke,,,,/builder/rt/InterfaceConfigs/live/resources/data/Config/{configId},TSGTRESTOICINVOK_CONN,UpdateConfig,
TSGT_ASSE_SYNC_FROM_WACS_TO_POWE_01.01.0001.iar.yaml,TSGT_ASSE_SYNC_FROM_WACS_TO_POWE|01.01.0001,TSGT_ASSE_SYNC_FROM_WACS_TO_POWE,TSGT Asset Sync From WACS To Powerbase,01.01.0001,errorNotificationinDeviceCreateOrUpdate(i5),IntegrationAction,TSGT_ENTERPRISENOTIFI,01.00.0000,TSGT EnterpriseNotificationService,/send,PRESEEDED_COLLOCATED_CONN_1741,errorNotificationinDeviceCreateOrUpdate,
TSGT_ASSE_SYNC_FROM_WACS_TO_POWE_01.01.0001.iar.yaml,TSGT_ASSE_SYNC_FROM_WACS_TO_POWE|01.01.0001,TSGT_ASSE_SYNC_FROM_WACS_TO_POWE,TSGT Asset Sync From WACS To Powerbase,01.01.0001,sendNotification(i4),IntegrationAction,TSGT_ENTERPRISENOTIFI,01.00.0000,TSGT EnterpriseNotificationService,/send,PRESEEDED_COLLOCATED_CONN_1741,sendNotification,
TSGT_ASSE_SYNC_FROM_WACS_TO_POWE_01.01.0001.iar.yaml,TSGT_ASSE_SYNC_FROM_WACS_TO_POWE|01.01.0001,TSGT_ASSE_SYNC_FROM_WACS_TO_POWE,TSGT Asset Sync From WACS To Powerbase,01.01.0001,closeSession(i2),IntegrationAction,TSGT_POWERB_SESSIO_UTILIT_SERVIC,01.00.0000,TSGT Powerbase Session Utility Service,/closeSession,PRESEEDED_COLLOCATED_CONN_1741,closeSession,
TSGT_ASSE_SYNC_FROM_WACS_TO_POWE_01.01.0001.iar.yaml,TSGT_ASSE_SYNC_FROM_WACS_TO_POWE|01.01.0001,TSGT_ASSE_SYNC_FROM_WACS_TO_POWE,TSGT Asset Sync From WACS To Powerbase,01.01.0001,closeSessionInPowerbase(i6),IntegrationAction,TSGT_POWERB_SESSIO_UTILIT_SERVIC,01.00.0000,TSGT Powerbase Session Utility Service,/closeSession,PRESEEDED_COLLOCATED_CONN_1741,closeSessionInPowerbase,
TSGT_ASSE_SYNC_FROM_WACS_TO_POWE_01.01.0001.iar.yaml,TSGT_ASSE_SYNC_FROM_WACS_TO_POWE|01.01.0001,TSGT_ASSE_SYNC_FROM_WACS_TO_POWE,TSGT Asset Sync From WACS To Powerbase,01.01.0001,getSessionToken(i1),IntegrationAction,TSGT_POWERB_SESSIO_UTILIT_SERVIC,01.00.0000,TSGT Powerbase Session Utility Service,/getSession,PRESEEDED_COLLOCATED_CONN_1741,getSessionToken,
TSGT_ASSE_SYNC_FROM_WACS_TO_POWE_01.01.0001.iar.yaml,TSGT_ASSE_SYNC_FROM_WACS_TO_POWE|01.01.0001,TSGT_ASSE_SYNC_FROM_WACS_TO_POWE,TSGT Asset Sync From WACS To Powerbase,01.01.0001,postDeviceInPowerbase(i0),Adapter_Invoke,,,,/PostDevice,TSGT_POWERBASE_REST,postDeviceInPowerbase,
TSGT_ASSE_SYNC_FROM_WACS_TO_POWE_01.01.0001.iar.yaml,TSGT_ASSE_SYNC_FROM_WACS_TO_POWE|01.01.0001,TSGT_ASSE_SYNC_FROM_WACS_TO_POWE,TSGT Asset Sync From WACS To Powerbase,01.01.0001,updateDeviceInPowerbase(i3),Adapter_Invoke,,,,/UpdateDevice,TSGT_POWERBASE_REST,updateDeviceInPowerbase,
TSGT_BULK_PAYM_SYNC_ERP_TO_WACS_01.00.0001.iar.yaml,TSGT_BULK_PAYM_SYNC_ERP_TO_WACS|01.00.0001,TSGT_BULK_PAYM_SYNC_ERP_TO_WACS,TSGT Bulk Payments Sync ERP to WACS,01.00.0001,sendErrorNotification(i4),IntegrationAction,TSGT_ENTERPRISENOTIFI,01.00.0000,TSGT EnterpriseNotificationService,/send,PRESEEDED_COLLOCATED_CONN_1741,sendErrorNotification,
TSGT_BULK_PAYM_SYNC_ERP_TO_WACS_01.00.0001.iar.yaml,TSGT_BULK_PAYM_SYNC_ERP_TO_WACS|01.00.0001,TSGT_BULK_PAYM_SYNC_ERP_TO_WACS,TSGT Bulk Payments Sync ERP to WACS,01.00.0001,sendNotification(i5),IntegrationAction,TSGT_ENTERPRISENOTIFI,01.00.0000,TSGT EnterpriseNotificationService,/send,PRESEEDED_COLLOCATED_CONN_1741,sendNotification,
TSGT_BULK_PAYM_SYNC_ERP_TO_WACS_01.00.0001.iar.yaml,TSGT_BULK_PAYM_SYNC_ERP_TO_WACS|01.00.0001,TSGT_BULK_PAYM_SYNC_ERP_TO_WACS,TSGT Bulk Payments Sync ERP to WACS,01.00.0001,sendNotifications(i6),IntegrationAction,TSGT_ENTERPRISENOTIFI,01.00.0000,TSGT EnterpriseNotificationService,/send,PRESEEDED_COLLOCATED_CONN_1741,sendNotifications,
TSGT_BULK_PAYM_SYNC_ERP_TO_WACS_01.00.0001.iar.yaml,TSGT_BULK_PAYM_SYNC_ERP_TO_WACS|01.00.0001,TSGT_BULK_PAYM_SYNC_ERP_TO_WACS,TSGT Bulk Payments Sync ERP to WACS,01.00.0001,invokeWACSIWS(i7),Adapter_Invoke,,,,https://us-phoenix-1.utilities-cloud.oracleindustry.com:443/c2g65p/prod/wac/rest/apis/asset/purchasing/invoiceSynchronization/,OUTL-BRT-REST-WACS_WACSFPRC,invokeWACSIWS,
TSGT_BULK_PAYM_SYNC_ERP_TO_WACS_01.00.0001.iar.yaml,TSGT_BULK_PAYM_SYNC_ERP_TO_WACS|01.00.0001,TSGT_BULK_PAYM_SYNC_ERP_TO_WACS,TSGT Bulk Payments Sync ERP to WACS,01.00.0001,listFilesFromSFTP(i0),Adapter_Invoke,,,,,TSGTFTP_CONN,listFilesFromSFTP,
TSGT_BULK_PAYM_SYNC_ERP_TO_WACS_01.00.0001.iar.yaml,TSGT_BULK_PAYM_SYNC_ERP_TO_WACS|01.00.0001,TSGT_BULK_PAYM_SYNC_ERP_TO_WACS,TSGT Bulk Payments Sync ERP to WACS,01.00.0001,moveFileToArchiveDirectory(i3),Adapter_Invoke,,,,,TSGTFTP_CONN,moveFileToArchiveDirectory,
TSGT_BULK_PAYM_SYNC_ERP_TO_WACS_01.00.0001.iar.yaml,TSGT_BULK_PAYM_SYNC_ERP_TO_WACS|01.00.0001,TSGT_BULK_PAYM_SYNC_ERP_TO_WACS,TSGT Bulk Payments Sync ERP to WACS,01.00.0001,moveFileToErrorDirectory(i2),Adapter_Invoke,,,,,TSGTFTP_CONN,moveFileToErrorDirectory,
TSGT_BULK_PAYM_SYNC_ERP_TO_WACS_01.00.0001.iar.yaml,TSGT_BULK_PAYM_SYNC_ERP_TO_WACS|01.00.0001,TSGT_BULK_PAYM_SYNC_ERP_TO_WACS,TSGT Bulk Payments Sync ERP to WACS,01.00.0001,readEachFileFromSFTP(i1),Adapter_Invoke,,,,,TSGTFTP_CONN,readEachFileFromSFTP,
TSGT_CREA_ATTA_IN_WACS_FOR_SMAR__01.00.0001.iar.yaml,TSGT_CREA_ATTA_IN_WACS_FOR_SMAR_|01.00.0001,TSGT_CREA_ATTA_IN_WACS_FOR_SMAR_,TSGT Create Attachments in WACS For SmartForm Comp,01.00.0001,createAttachementInWACS(i1),Adapter_Invoke,,,,https://us-phoenix-1.utilities-cloud.oracleindustry.com:443/c2g65p/prod/wac/rest/apis/cm/general/createAttachment/,ORAC_UTIL_REST_WACS_FOR_OFSC_WAC,createAttachementInWACS,
TSGT_CREA_ATTA_IN_WACS_FOR_SMAR__01.00.0001.iar.yaml,TSGT_CREA_ATTA_IN_WACS_FOR_SMAR_|01.00.0001,TSGT_CREA_ATTA_IN_WACS_FOR_SMAR_,TSGT Create Attachments in WACS For SmartForm Comp,01.00.0001,createURLAttachmentInWACS(i2),Adapter_Invoke,,,,https://us-phoenix-1.utilities-cloud.oracleindustry.com:443/c2g65p/prod/wac/rest/apis/cm/general/attachment/,ORAC_UTIL_REST_WACS_FOR_OFSC_WAC,createURLAttachmentInWACS,
TSGT_CREA_ATTA_IN_WACS_FOR_SMAR__01.00.0001.iar.yaml,TSGT_CREA_ATTA_IN_WACS_FOR_SMAR_|01.00.0001,TSGT_CREA_ATTA_IN_WACS_FOR_SMAR_,TSGT Create Attachments in WACS For SmartForm Comp,01.00.0001,getAttachmentData(i0),Adapter_Invoke,,,,/,TSGT_OFSC_REST_FOR_WACS_OFSC,getAttachmentData,
TSGT_DEVIC_SYNC_POWER_TO_WACS_01.01.0001.iar.yaml,TSGT_DEVIC_SYNC_POWER_TO_WACS|01.01.0001,TSGT_DEVIC_SYNC_POWER_TO_WACS,TSGT Devices Sync Powerbase To WACS,01.01.0001,sendErrNotification(i5),IntegrationAction,TSGT_ENTERPRISENOTIFI,01.00.0000,TSGT EnterpriseNotificationService,/send,PRESEEDED_COLLOCATED_CONN_1741,sendErrNotification,
TSGT_DEVIC_SYNC_POWER_TO_WACS_01.01.0001.iar.yaml,TSGT_DEVIC_SYNC_POWER_TO_WACS|01.01.0001,TSGT_DEVIC_SYNC_POWER_TO_WACS,TSGT Devices Sync Powerbase To WACS,01.01.0001,sendErrorNotif(i7),IntegrationAction,TSGT_ENTERPRISENOTIFI,01.00.0000,TSGT EnterpriseNotificationService,/send,PRESEEDED_COLLOCATED_CONN_1741,sendErrorNotif,
TSGT_DEVIC_SYNC_POWER_TO_WACS_01.01.0001.iar.yaml,TSGT_DEVIC_SYNC_POWER_TO_WACS|01.01.0001,TSGT_DEVIC_SYNC_POWER_TO_WACS,TSGT Devices Sync Powerbase To WACS,01.01.0001,sendErrorNotification(i3),IntegrationAction,TSGT_ENTERPRISENOTIFI,01.00.0000,TSGT EnterpriseNotificationService,/send,PRESEEDED_COLLOCATED_CONN_1741,sendErrorNotification,
TSGT_DEVIC_SYNC_POWER_TO_WACS_01.01.0001.iar.yaml,TSGT_DEVIC_SYNC_POWER_TO_WACS|01.01.0001,TSGT_DEVIC_SYNC_POWER_TO_WACS,TSGT Devices Sync Powerbase To WACS,01.01.0001,CreateSession(i0),IntegrationAction,TSGT_POWERB_SESSIO_UTILIT_SERVIC,01.00.0000,TSGT Powerbase Session Utility Service,/getSession,PRESEEDED_COLLOCATED_CONN_1741,CreateSession,
TSGT_DEVIC_SYNC_POWER_TO_WACS_01.01.0001.iar.yaml,TSGT_DEVIC_SYNC_POWER_TO_WACS|01.01.0001,TSGT_DEVIC_SYNC_POWER_TO_WACS,TSGT Devices Sync Powerbase To WACS,01.01.0001,closeSession(i4),IntegrationAction,TSGT_POWERB_SESSIO_UTILIT_SERVIC,01.00.0000,TSGT Powerbase Session Utility Service,/closeSession,PRESEEDED_COLLOCATED_CONN_1741,closeSession,
TSGT_DEVIC_SYNC_POWER_TO_WACS_01.01.0001.iar.yaml,TSGT_DEVIC_SYNC_POWER_TO_WACS|01.01.0001,TSGT_DEVIC_SYNC_POWER_TO_WACS,TSGT Devices Sync Powerbase To WACS,01.01.0001,createAssetInWACS(i6),Adapter_Invoke,,,,https://us-phoenix-1.stg.utilities-cloud.oracleindustry.com:443/c2g65p/test/wac/rest/apis/cm/resources/assetSynchronization/,OUTL-BRT-REST-WACS_WACSERPPIM,createAssetInWACS,
TSGT_DEVIC_SYNC_POWER_TO_WACS_01.01.0001.iar.yaml,TSGT_DEVIC_SYNC_POWER_TO_WACS|01.01.0001,TSGT_DEVIC_SYNC_POWER_TO_WACS,TSGT Devices Sync Powerbase To WACS,01.01.0001,getDevicesFromPowerbase(i1),Adapter_Invoke,,,,/GetDevices,TSGT_POWERBASE_REST,getDevicesFromPowerbase,
TSGT_DEVIC_SYNC_POWER_TO_WACS_01.01.0001.iar.yaml,TSGT_DEVIC_SYNC_POWER_TO_WACS|01.01.0001,TSGT_DEVIC_SYNC_POWER_TO_WACS,TSGT Devices Sync Powerbase To WACS,01.01.0001,getLookUpData(i2),Adapter_Invoke,,,,/api/integration/v1/lookups/{name}/archive,TSGTRESTOI_CONN_WACS,getLookUpData,
TSGT_DEVIC_SYNC_POWER_TO_WACS_01.01.0001.iar.yaml,TSGT_DEVIC_SYNC_POWER_TO_WACS|01.01.0001,TSGT_DEVIC_SYNC_POWER_TO_WACS,TSGT Devices Sync Powerbase To WACS,01.01.0001,updatePowerbaseDeviceStatusToError(i9),Adapter_Invoke,,,,/UpdateDevice,TSGT_POWERBASE_REST,updatePowerbaseDeviceStatusToError,
TSGT_DEVIC_SYNC_POWER_TO_WACS_01.01.0001.iar.yaml,TSGT_DEVIC_SYNC_POWER_TO_WACS|01.01.0001,TSGT_DEVIC_SYNC_POWER_TO_WACS,TSGT Devices Sync Powerbase To WACS,01.01.0001,updateWACSAssetIDInPowerbase(i8),Adapter_Invoke,,,,/UpdateDevice,TSGT_POWERBASE_REST,updateWACSAssetIDInPowerbase,
TSGT_GET_PDF_REPO_TOA_TO_WACS_01.00.0000.iar.yaml,TSGT_GET_PDF_REPO_TOA_TO_WACS|01.00.0000,TSGT_GET_PDF_REPO_TOA_TO_WACS,TSGT Get PDF Report TOA To WACS,01.00.0000,sendNotification(i1),IntegrationAction,TSGT_ENTERPRISENOTIFI,01.00.0000,TSGT EnterpriseNotificationService,/send,PRESEEDED_COLLOCATED_CONN_1741,sendNotification,
TSGT_GET_PDF_REPO_TOA_TO_WACS_01.00.0000.iar.yaml,TSGT_GET_PDF_REPO_TOA_TO_WACS|01.00.0000,TSGT_GET_PDF_REPO_TOA_TO_WACS,TSGT Get PDF Report TOA To WACS,01.00.0000,getReportFromTOA4(i0),Adapter_Invoke,,,,/toa/rpc/report/all_tests,TOARESTADAPTER,getReportFromTOA4,
TSGT_LABO_COST_ADJU_SYNCPPMTOWAC_01.00.0001.iar.yaml,TSGT_LABO_COST_ADJU_SYNCPPMTOWAC|01.00.0001,TSGT_LABO_COST_ADJU_SYNCPPMTOWAC,TSGT Labor Cost Adjustment Sync PPM To WACS,01.00.0001,sendNotification(i5),IntegrationAction,TSGT_ENTERPRISENOTIFI,01.00.0000,TSGT EnterpriseNotificationService,/send,PRESEEDED_COLLOCATED_CONN_1741,sendNotification,
TSGT_LABO_COST_ADJU_SYNCPPMTOWAC_01.00.0001.iar.yaml,TSGT_LABO_COST_ADJU_SYNCPPMTOWAC|01.00.0001,TSGT_LABO_COST_ADJU_SYNCPPMTOWAC,TSGT Labor Cost Adjustment Sync PPM To WACS,01.00.0001,sendNotification_ForErrorFile(i4),IntegrationAction,TSGT_ENTERPRISENOTIFI,01.00.0000,TSGT EnterpriseNotificationService,/send,PRESEEDED_COLLOCATED_CONN_1741,sendNotification_ForErrorFile,
TSGT_LABO_COST_ADJU_SYNCPPMTOWAC_01.00.0001.iar.yaml,TSGT_LABO_COST_ADJU_SYNCPPMTOWAC|01.00.0001,TSGT_LABO_COST_ADJU_SYNCPPMTOWAC,TSGT Labor Cost Adjustment Sync PPM To WACS,01.00.0001,invokeLaborCostAdjustment(i2),Adapter_Invoke,,,,https://us-phoenix-1.utilities-cloud.oracleindustry.com:443/c2g65p/prod/wac/rest/apis/cm/financials/laborCostAdjustment/,OUTL-BRT-REST-WACS_WACSERPPIM,invokeLaborCostAdjustment,
TSGT_LABO_COST_ADJU_SYNCPPMTOWAC_01.00.0001.iar.yaml,TSGT_LABO_COST_ADJU_SYNCPPMTOWAC|01.00.0001,TSGT_LABO_COST_ADJU_SYNCPPMTOWAC,TSGT Labor Cost Adjustment Sync PPM To WACS,01.00.0001,listFileInFTP(i0),Adapter_Invoke,,,,,TSGTFTP_CONN,listFileInFTP,
TSGT_LABO_COST_ADJU_SYNCPPMTOWAC_01.00.0001.iar.yaml,TSGT_LABO_COST_ADJU_SYNCPPMTOWAC|01.00.0001,TSGT_LABO_COST_ADJU_SYNCPPMTOWAC,TSGT Labor Cost Adjustment Sync PPM To WACS,01.00.0001,moveFilesToArchiveDirectory(i6),Adapter_Invoke,,,,,TSGTFTP_CONN,moveFilesToArchiveDirectory,
TSGT_LABO_COST_ADJU_SYNCPPMTOWAC_01.00.0001.iar.yaml,TSGT_LABO_COST_ADJU_SYNCPPMTOWAC|01.00.0001,TSGT_LABO_COST_ADJU_SYNCPPMTOWAC,TSGT Labor Cost Adjustment Sync PPM To WACS,01.00.0001,readFileFromSFTP(i1),Adapter_Invoke,,,,,TSGTFTP_CONN,readFileFromSFTP,
TSGT_LABO_COST_ADJU_SYNCPPMTOWAC_01.00.0001.iar.yaml,TSGT_LABO_COST_ADJU_SYNCPPMTOWAC|01.00.0001,TSGT_LABO_COST_ADJU_SYNCPPMTOWAC,TSGT Labor Cost Adjustment Sync PPM To WACS,01.00.0001,writeErrorFileInSFTP(i3),Adapter_Invoke,,,,,TSGTFTP_CONN,writeErrorFileInSFTP,
TSGT_MATER_TRAN_SYNC_WACS_TO_ERP_01.00.0004.iar.yaml,TSGT_MATER_TRAN_SYNC_WACS_TO_ERP|01.00.0004,TSGT_MATER_TRAN_SYNC_WACS_TO_ERP,TSGT Material Transaction Sync WACS To ERP,01.00.0004,sendEmailNotification(i2),IntegrationAction,TSGT_ENTERPRISENOTIFI,01.00.0000,TSGT EnterpriseNotificationService,/send,PRESEEDED_COLLOCATED_CONN_1741,sendEmailNotification,
TSGT_MATER_TRAN_SYNC_WACS_TO_ERP_01.00.0004.iar.yaml,TSGT_MATER_TRAN_SYNC_WACS_TO_ERP|01.00.0004,TSGT_MATER_TRAN_SYNC_WACS_TO_ERP,TSGT Material Transaction Sync WACS To ERP,01.00.0004,sendNotification(i1),IntegrationAction,TSGT_ENTERPRISENOTIFI,01.00.0000,TSGT EnterpriseNotificationService,/send,PRESEEDED_COLLOCATED_CONN_1741,sendNotification,
TSGT_MATER_TRAN_SYNC_WACS_TO_ERP_01.00.0004.iar.yaml,TSGT_MATER_TRAN_SYNC_WACS_TO_ERP|01.00.0004,TSGT_MATER_TRAN_SYNC_WACS_TO_ERP,TSGT Material Transaction Sync WACS To ERP,01.00.0004,getItemCosts(i4),Adapter_Invoke,,,,,OUTL-BRT-APP-ERPPIM_WACSERPPIM,getItemCosts,
TSGT_MATER_TRAN_SYNC_WACS_TO_ERP_01.00.0004.iar.yaml,TSGT_MATER_TRAN_SYNC_WACS_TO_ERP|01.00.0004,TSGT_MATER_TRAN_SYNC_WACS_TO_ERP,TSGT Material Transaction Sync WACS To ERP,01.00.0004,getItemListPrice(i3),Adapter_Invoke,,,,,OUTL-BRT-APP-ERPPIM_WACSERPPIM,getItemListPrice,
TSGT_MATER_TRAN_SYNC_WACS_TO_ERP_01.00.0004.iar.yaml,TSGT_MATER_TRAN_SYNC_WACS_TO_ERP|01.00.0004,TSGT_MATER_TRAN_SYNC_WACS_TO_ERP,TSGT Material Transaction Sync WACS To ERP,01.00.0004,invokeERPSCMInvTranRestEndponts(i0),Adapter_Invoke,,,,/,TSGT_ERP_SCM_REST_FOR_WACS_ERP,invokeERPSCMInvTranRestEndponts,
TSGT_OIL_TEST_RECO_SYNC_TOA_TO_W_01.00.0000.iar.yaml,TSGT_OIL_TEST_RECO_SYNC_TOA_TO_W|01.00.0000,TSGT_OIL_TEST_RECO_SYNC_TOA_TO_W,TSGT Oil Testing Records Sync TOA to WACS,01.00.0000,sendErrorNotification(i2),IntegrationAction,TSGT_ENTERPRISENOTIFI,01.00.0000,TSGT EnterpriseNotificationService,/send,PRESEEDED_COLLOCATED_CONN_1741,sendErrorNotification,
TSGT_OIL_TEST_RECO_SYNC_TOA_TO_W_01.00.0000.iar.yaml,TSGT_OIL_TEST_RECO_SYNC_TOA_TO_W|01.00.0000,TSGT_OIL_TEST_RECO_SYNC_TOA_TO_W,TSGT Oil Testing Records Sync TOA to WACS,01.00.0000,sendNotification(i3),IntegrationAction,TSGT_ENTERPRISENOTIFI,01.00.0000,TSGT EnterpriseNotificationService,/send,PRESEEDED_COLLOCATED_CONN_1741,sendNotification,
TSGT_OIL_TEST_RECO_SYNC_TOA_TO_W_01.00.0000.iar.yaml,TSGT_OIL_TEST_RECO_SYNC_TOA_TO_W|01.00.0000,TSGT_OIL_TEST_RECO_SYNC_TOA_TO_W,TSGT Oil Testing Records Sync TOA to WACS,01.00.0000,getTestDataExtract(i0),Adapter_Invoke,,,,/toa/rpc/export_test_data,TOARESTADAPTER,getTestDataExtract,
TSGT_OIL_TEST_RECO_SYNC_TOA_TO_W_01.00.0000.iar.yaml,TSGT_OIL_TEST_RECO_SYNC_TOA_TO_W|01.00.0000,TSGT_OIL_TEST_RECO_SYNC_TOA_TO_W,TSGT Oil Testing Records Sync TOA to WACS,01.00.0000,writeTestDataFileInObjStr(i1),Adapter_Invoke,,,,/n/{namespaceName}/b/{bucketName}/o/{objectName},TSGTOBJECTSTORAG_CONN,writeTestDataFileInObjStr,
TSGT_ORAC_UTIL_OFSC_WACS_ACTI_CO_01.23.1000.iar.yaml,TSGT_ORAC_UTIL_OFSC_WACS_ACTI_CO|01.23.1000,TSGT_ORAC_UTIL_OFSC_WACS_ACTI_CO,TSGT Oracle Utilities OFSC WACS Activity Complete,01.23.1000,syncOFSCActivitySubmitedFormsToWACS(i9),IntegrationAction,TSGT_SMAR_COMP_SYNC_OFSC_TO_WACS,01.00.0002,TSGT SmartForm Completion Sync OFSC To WACS,/send,PRESEEDED_COLLOCATED_CONN_1741,syncOFSCActivitySubmitedFormsToWACS,
TSGT_ORAC_UTIL_OFSC_WACS_ACTI_CO_01.23.1000.iar.yaml,TSGT_ORAC_UTIL_OFSC_WACS_ACTI_CO|01.23.1000,TSGT_ORAC_UTIL_OFSC_WACS_ACTI_CO,TSGT Oracle Utilities OFSC WACS Activity Complete,01.23.1000,GetInstalledInventories(i7),Adapter_Invoke,,,,https://tsgt.fs.ocs.oraclecloud.com/rest/ofscCore/v1/activities/{activityId}/installedInventories,OUTL-BRT-APP-OFSC_WACSOFSC,GetInstalledInventories,
TSGT_ORAC_UTIL_OFSC_WACS_ACTI_CO_01.23.1000.iar.yaml,TSGT_ORAC_UTIL_OFSC_WACS_ACTI_CO|01.23.1000,TSGT_ORAC_UTIL_OFSC_WACS_ACTI_CO,TSGT Oracle Utilities OFSC WACS Activity Complete,01.23.1000,GetMasterActivityInfo(i5),Adapter_Invoke,,,,https://tsgt.fs.ocs.oraclecloud.com/rest/ofscCore/v1/activities/{activityId},OUTL-BRT-APP-OFSC_WACSOFSC,GetMasterActivityInfo,
TSGT_ORAC_UTIL_OFSC_WACS_ACTI_CO_01.23.1000.iar.yaml,TSGT_ORAC_UTIL_OFSC_WACS_ACTI_CO|01.23.1000,TSGT_ORAC_UTIL_OFSC_WACS_ACTI_CO,TSGT Oracle Utilities OFSC WACS Activity Complete,01.23.1000,getActAttachment(i6),Adapter_Invoke,,,,https://tsgt.fs.ocs.oraclecloud.com/rest/ofscCore/v1/activities/{activityId}/{propertyLabel},OUTL-BRT-APP-OFSC_WACSOFSC,getActAttachment,
TSGT_ORAC_UTIL_OFSC_WACS_ACTI_CO_01.23.1000.iar.yaml,TSGT_ORAC_UTIL_OFSC_WACS_ACTI_CO|01.23.1000,TSGT_ORAC_UTIL_OFSC_WACS_ACTI_CO,TSGT Oracle Utilities OFSC WACS Activity Complete,01.23.1000,getActivityDetails(i1),Adapter_Invoke,,,,https://tsgt.fs.ocs.oraclecloud.com/rest/ofscCore/v1/activities/{activityId},OUTL-BRT-APP-OFSC_WACSOFSC,getActivityDetails,
TSGT_ORAC_UTIL_OFSC_WACS_ACTI_CO_01.23.1000.iar.yaml,TSGT_ORAC_UTIL_OFSC_WACS_ACTI_CO|01.23.1000,TSGT_ORAC_UTIL_OFSC_WACS_ACTI_CO,TSGT Oracle Utilities OFSC WACS Activity Complete,01.23.1000,getFileData(i2),Adapter_Invoke,,,,https://tsgt.fs.ocs.oraclecloud.com/rest/ofscCore/v1/activities/{activityId}/{propertyLabel},OUTL-BRT-APP-OFSC_WACSOFSC,getFileData,
TSGT_ORAC_UTIL_OFSC_WACS_ACTI_CO_01.23.1000.iar.yaml,TSGT_ORAC_UTIL_OFSC_WACS_ACTI_CO|01.23.1000,TSGT_ORAC_UTIL_OFSC_WACS_ACTI_CO,TSGT Oracle Utilities OFSC WACS Activity Complete,01.23.1000,getInvAttachment(i3),Adapter_Invoke,,,,https://tsgt.fs.ocs.oraclecloud.com/rest/ofscCore/v1/inventories/{inventoryId}/{propertyLabel},OUTL-BRT-APP-OFSC_WACSOFSC,getInvAttachment,
TSGT_ORAC_UTIL_OFSC_WACS_ACTI_CO_01.23.1000.iar.yaml,TSGT_ORAC_UTIL_OFSC_WACS_ACTI_CO|01.23.1000,TSGT_ORAC_UTIL_OFSC_WACS_ACTI_CO,TSGT Oracle Utilities OFSC WACS Activity Complete,01.23.1000,invokeMaterialUsage(i4),Adapter_Invoke,,,,,OUTL-BRT-SOAP-WACS_WACSOFSC,invokeMaterialUsage,
TSGT_ORAC_UTIL_OFSC_WACS_ACTI_CO_01.23.1000.iar.yaml,TSGT_ORAC_UTIL_OFSC_WACS_ACTI_CO|01.23.1000,TSGT_ORAC_UTIL_OFSC_WACS_ACTI_CO,TSGT Oracle Utilities OFSC WACS Activity Complete,01.23.1000,invokeMaterialUsage(i8),Adapter_Invoke,,,,,OUTL-BRT-SOAP-WACS_WACSOFSC,invokeMaterialUsage,
TSGT_ORAC_UTIL_OFSC_WACS_ACTI_CO_01.23.1000.iar.yaml,TSGT_ORAC_UTIL_OFSC_WACS_ACTI_CO|01.23.1000,TSGT_ORAC_UTIL_OFSC_WACS_ACTI_CO,TSGT Oracle Utilities OFSC WACS Activity Complete,01.23.1000,invokeWAMActivity(i0),Adapter_Invoke,,,,,OUTL-BRT-SOAP-WACS_WACSOFSC,invokeWAMActivity,
TSGT_ORAC_UTIL_OFSC_WACS_ACTI_PU_01.24.0002.iar.yaml,TSGT_ORAC_UTIL_OFSC_WACS_ACTI_PU|01.24.0002,TSGT_ORAC_UTIL_OFSC_WACS_ACTI_PU,TSGT Oracle Utilities OFSC WACS Activity Pull Upd,01.24.0002,invokeSmartFormSync(i13),IntegrationAction,TSGT_SMAR_FORM_SYNC_WACS_TO_OFSC,01.01.0003,TSGT Smart Form Synchronization WACS to OFSC,/send,PRESEEDED_COLLOCATED_CONN_1741,invokeSmartFormSync,
TSGT_ORAC_UTIL_OFSC_WACS_ACTI_PU_01.24.0002.iar.yaml,TSGT_ORAC_UTIL_OFSC_WACS_ACTI_PU|01.24.0002,TSGT_ORAC_UTIL_OFSC_WACS_ACTI_PU,TSGT Oracle Utilities OFSC WACS Activity Pull Upd,01.24.0002,DeleteInventory(i8),Adapter_Invoke,,,,https://tsgt1.test.fs.ocs.oraclecloud.com/rest/rest/rest/rest/ofscCore/v1/inventories/{inventoryId},OUTL-BRT-APP-OFSC_WACSOFSC,DeleteInventory,
TSGT_ORAC_UTIL_OFSC_WACS_ACTI_PU_01.24.0002.iar.yaml,TSGT_ORAC_UTIL_OFSC_WACS_ACTI_PU|01.24.0002,TSGT_ORAC_UTIL_OFSC_WACS_ACTI_PU,TSGT Oracle Utilities OFSC WACS Activity Pull Upd,01.24.0002,DeleteIssuedAssetInventory(i9),Adapter_Invoke,,,,https://tsgt1.test.fs.ocs.oraclecloud.com/rest/rest/rest/rest/ofscCore/v1/inventories/{inventoryId},OUTL-BRT-APP-OFSC_WACSOFSC,DeleteIssuedAssetInventory,
TSGT_ORAC_UTIL_OFSC_WACS_ACTI_PU_01.24.0002.iar.yaml,TSGT_ORAC_UTIL_OFSC_WACS_ACTI_PU|01.24.0002,TSGT_ORAC_UTIL_OFSC_WACS_ACTI_PU,TSGT Oracle Utilities OFSC WACS Activity Pull Upd,01.24.0002,DeleteIssuedAssetInventory_CustomerPool(i11),Adapter_Invoke,,,,https://tsgt1.test.fs.ocs.oraclecloud.com/rest/rest/rest/rest/ofscCore/v1/inventories/{inventoryId},OUTL-BRT-APP-OFSC_WACSOFSC,DeleteIssuedAssetInventory_CustomerPool,
TSGT_ORAC_UTIL_OFSC_WACS_ACTI_PU_01.24.0002.iar.yaml,TSGT_ORAC_UTIL_OFSC_WACS_ACTI_PU|01.24.0002,TSGT_ORAC_UTIL_OFSC_WACS_ACTI_PU,TSGT Oracle Utilities OFSC WACS Activity Pull Upd,01.24.0002,DeleteIssuedAsset_Inventory(i10),Adapter_Invoke,,,,https://tsgt1.test.fs.ocs.oraclecloud.com/rest/rest/rest/rest/ofscCore/v1/inventories/{inventoryId},OUTL-BRT-APP-OFSC_WACSOFSC,DeleteIssuedAsset_Inventory,
TSGT_ORAC_UTIL_OFSC_WACS_ACTI_PU_01.24.0002.iar.yaml,TSGT_ORAC_UTIL_OFSC_WACS_ACTI_PU|01.24.0002,TSGT_ORAC_UTIL_OFSC_WACS_ACTI_PU,TSGT Oracle Utilities OFSC WACS Activity Pull Upd,01.24.0002,GetActivityDetails(i4),Adapter_Invoke,,,,,OUTL-BRT-SOAP-WACS_WACSOFSC,GetActivityDetails,
TSGT_ORAC_UTIL_OFSC_WACS_ACTI_PU_01.24.0002.iar.yaml,TSGT_ORAC_UTIL_OFSC_WACS_ACTI_PU|01.24.0002,TSGT_ORAC_UTIL_OFSC_WACS_ACTI_PU,TSGT Oracle Utilities OFSC WACS Activity Pull Upd,01.24.0002,GetActivityDetailsFromOFSC(i1),Adapter_Invoke,,,,https://tsgt1.test.fs.ocs.oraclecloud.com/rest/rest/rest/rest/ofscCore/v1/activities/{activityId},OUTL-BRT-APP-OFSC_WACSOFSC,GetActivityDetailsFromOFSC,
TSGT_ORAC_UTIL_OFSC_WACS_ACTI_PU_01.24.0002.iar.yaml,TSGT_ORAC_UTIL_OFSC_WACS_ACTI_PU|01.24.0002,TSGT_ORAC_UTIL_OFSC_WACS_ACTI_PU,TSGT Oracle Utilities OFSC WACS Activity Pull Upd,01.24.0002,GetDeinstalledInventoryOFSC(i3),Adapter_Invoke,,,,https://tsgt1.test.fs.ocs.oraclecloud.com/rest/rest/rest/rest/ofscCore/v1/activities/{activityId}/deinstalledInventories,OUTL-BRT-APP-OFSC_WACSOFSC,GetDeinstalledInventoryOFSC,
TSGT_ORAC_UTIL_OFSC_WACS_ACTI_PU_01.24.0002.iar.yaml,TSGT_ORAC_UTIL_OFSC_WACS_ACTI_PU|01.24.0002,TSGT_ORAC_UTIL_OFSC_WACS_ACTI_PU,TSGT Oracle Utilities OFSC WACS Activity Pull Upd,01.24.0002,GetInventoriesFromOFSC(i2),Adapter_Invoke,,,,https://tsgt1.test.fs.ocs.oraclecloud.com/rest/rest/rest/rest/ofscCore/v1/activities/{activityId}/installedInventories,OUTL-BRT-APP-OFSC_WACSOFSC,GetInventoriesFromOFSC,
TSGT_ORAC_UTIL_OFSC_WACS_ACTI_PU_01.24.0002.iar.yaml,TSGT_ORAC_UTIL_OFSC_WACS_ACTI_PU|01.24.0002,TSGT_ORAC_UTIL_OFSC_WACS_ACTI_PU,TSGT Oracle Utilities OFSC WACS Activity Pull Upd,01.24.0002,GetInventoriesFromOFSCCustomerPool(i7),Adapter_Invoke,,,,https://tsgt1.test.fs.ocs.oraclecloud.com/rest/rest/rest/rest/ofscCore/v1/activities/{activityId}/customerInventories,OUTL-BRT-APP-OFSC_WACSOFSC,GetInventoriesFromOFSCCustomerPool,
TSGT_ORAC_UTIL_OFSC_WACS_ACTI_PU_01.24.0002.iar.yaml,TSGT_ORAC_UTIL_OFSC_WACS_ACTI_PU|01.24.0002,TSGT_ORAC_UTIL_OFSC_WACS_ACTI_PU,TSGT Oracle Utilities OFSC WACS Activity Pull Upd,01.24.0002,TargetOFSCEquipment(i5),Adapter_Invoke,,,,https://tsgt1.test.fs.ocs.oraclecloud.com/rest/rest/rest/rest/ofscCore/v1/activities/{activityId},OUTL-BRT-APP-OFSC_WACSOFSC,TargetOFSCEquipment,
TSGT_ORAC_UTIL_OFSC_WACS_ACTI_PU_01.24.0002.iar.yaml,TSGT_ORAC_UTIL_OFSC_WACS_ACTI_PU|01.24.0002,TSGT_ORAC_UTIL_OFSC_WACS_ACTI_PU,TSGT Oracle Utilities OFSC WACS Activity Pull Upd,01.24.0002,TargetOFSCLabor(i6),Adapter_Invoke,,,,https://tsgt1.test.fs.ocs.oraclecloud.com/rest/rest/rest/rest/ofscCore/v1/activities/{activityId},OUTL-BRT-APP-OFSC_WACSOFSC,TargetOFSCLabor,
TSGT_ORAC_UTIL_OFSC_WACS_ACTI_PU_01.24.0002.iar.yaml,TSGT_ORAC_UTIL_OFSC_WACS_ACTI_PU|01.24.0002,TSGT_ORAC_UTIL_OFSC_WACS_ACTI_PU,TSGT Oracle Utilities OFSC WACS Activity Pull Upd,01.24.0002,UpdateOFSCActivity(i0),Adapter_Invoke,,,,https://tsgt1.test.fs.ocs.oraclecloud.com/rest/rest/rest/rest/ofscCore/v1/activities/custom-actions/bulkUpdate,OUTL-BRT-APP-OFSC_WACSOFSC,UpdateOFSCActivity,
TSGT_ORAC_UTIL_OFSC_WACS_ACTI_PU_01.24.0002.iar.yaml,TSGT_ORAC_UTIL_OFSC_WACS_ACTI_PU|01.24.0002,TSGT_ORAC_UTIL_OFSC_WACS_ACTI_PU,TSGT Oracle Utilities OFSC WACS Activity Pull Upd,01.24.0002,getAssetChars(i12),Adapter_Invoke,,,,,OUTL-BRT-SOAP-WACS_WACSOFSC,getAssetChars,
TSGT_OUTL_WACS_OFS_ACTIVITY_PROC_01.24.1003.iar.yaml,TSGT_OUTL_WACS_OFS_ACTIVITY_PROC|01.24.1003,TSGT_OUTL_WACS_OFS_ACTIVITY_PROC,TSGT Oracle Utilities WACS OFSC Activity Process,01.24.1003,InvokePullUpdateFlow(i4),IntegrationAction,TSGT_ORAC_UTIL_OFSC_WACS_ACTI_PU,01.23.1001,TSGT Oracle Utilities OFSC WACS Activity Pull Upd,/retrieveUpdates,PRESEEDED_COLLOCATED_CONN_1741,InvokePullUpdateFlow,
TSGT_OUTL_WACS_OFS_ACTIVITY_PROC_01.24.1003.iar.yaml,TSGT_OUTL_WACS_OFS_ACTIVITY_PROC|01.24.1003,TSGT_OUTL_WACS_OFS_ACTIVITY_PROC,TSGT Oracle Utilities WACS OFSC Activity Process,01.24.1003,invokeSmartFormSyncService(i9),IntegrationAction,TSGT_SMAR_FORM_SYNC_WACS_TO_OFSC,01.01.0001,TSGT Smart Form Synchronization WACS to OFSC,/send,PRESEEDED_COLLOCATED_CONN_1741,invokeSmartFormSyncService,
TSGT_OUTL_WACS_OFS_ACTIVITY_PROC_01.24.1003.iar.yaml,TSGT_OUTL_WACS_OFS_ACTIVITY_PROC|01.24.1003,TSGT_OUTL_WACS_OFS_ACTIVITY_PROC,TSGT Oracle Utilities WACS OFSC Activity Process,01.24.1003,TargetOFSCAttachment(i1),Adapter_Invoke,,,,https://tsgt.fs.ocs.oraclecloud.com/rest/ofscCore/v1/activities/{activityId}/{propertyLabel},OUTL-BRT-APP-OFSC_WACSOFSC,TargetOFSCAttachment,
TSGT_OUTL_WACS_OFS_ACTIVITY_PROC_01.24.1003.iar.yaml,TSGT_OUTL_WACS_OFS_ACTIVITY_PROC|01.24.1003,TSGT_OUTL_WACS_OFS_ACTIVITY_PROC,TSGT Oracle Utilities WACS OFSC Activity Process,01.24.1003,TargetOFSCEquipment(i6),Adapter_Invoke,,,,https://tsgt.fs.ocs.oraclecloud.com/rest/ofscCore/v1/activities/{activityId},OUTL-BRT-APP-OFSC_WACSOFSC,TargetOFSCEquipment,
TSGT_OUTL_WACS_OFS_ACTIVITY_PROC_01.24.1003.iar.yaml,TSGT_OUTL_WACS_OFS_ACTIVITY_PROC|01.24.1003,TSGT_OUTL_WACS_OFS_ACTIVITY_PROC,TSGT Oracle Utilities WACS OFSC Activity Process,01.24.1003,TargetOFSCLabor(i2),Adapter_Invoke,,,,https://tsgt.fs.ocs.oraclecloud.com/rest/ofscCore/v1/activities/{activityId},OUTL-BRT-APP-OFSC_WACSOFSC,TargetOFSCLabor,
TSGT_OUTL_WACS_OFS_ACTIVITY_PROC_01.24.1003.iar.yaml,TSGT_OUTL_WACS_OFS_ACTIVITY_PROC|01.24.1003,TSGT_OUTL_WACS_OFS_ACTIVITY_PROC,TSGT Oracle Utilities WACS OFSC Activity Process,01.24.1003,cancelActivity(i3),Adapter_Invoke,,,,/ofscCore/v1/activities/{activityId}/custom-actions/cancel,OUTL-BRT-REST-OFSC_WACSOFSC,cancelActivity,
TSGT_OUTL_WACS_OFS_ACTIVITY_PROC_01.24.1003.iar.yaml,TSGT_OUTL_WACS_OFS_ACTIVITY_PROC|01.24.1003,TSGT_OUTL_WACS_OFS_ACTIVITY_PROC,TSGT Oracle Utilities WACS OFSC Activity Process,01.24.1003,createOrReplaceActivityLink(i8),Adapter_Invoke,,,,https://tsgt.fs.ocs.oraclecloud.com/rest/ofscCore/v1/activities/{activityId}/linkedActivities/{linkedActivityId}/linkTypes/{linkType},OUTL-BRT-APP-OFSC_WACSOFSC,createOrReplaceActivityLink,
TSGT_OUTL_WACS_OFS_ACTIVITY_PROC_01.24.1003.iar.yaml,TSGT_OUTL_WACS_OFS_ACTIVITY_PROC|01.24.1003,TSGT_OUTL_WACS_OFS_ACTIVITY_PROC,TSGT Oracle Utilities WACS OFSC Activity Process,01.24.1003,invokeOFSCAddActivity(i0),Adapter_Invoke,,,,https://tsgt.fs.ocs.oraclecloud.com/rest/ofscCore/v1/activities/custom-actions/bulkUpdate,OUTL-BRT-APP-OFSC_WACSOFSC,invokeOFSCAddActivity,
TSGT_OUTL_WACS_OFS_ACTIVITY_PROC_01.24.1003.iar.yaml,TSGT_OUTL_WACS_OFS_ACTIVITY_PROC|01.24.1003,TSGT_OUTL_WACS_OFS_ACTIVITY_PROC,TSGT Oracle Utilities WACS OFSC Activity Process,01.24.1003,searchActivity(i5),Adapter_Invoke,,,,https://tsgt.fs.ocs.oraclecloud.com/rest/ofscCore/v1/activities/custom-actions/search,OUTL-BRT-APP-OFSC_WACSOFSC,searchActivity,
TSGT_OUTL_WACS_OFS_ACTIVITY_PROC_01.24.1003.iar.yaml,TSGT_OUTL_WACS_OFS_ACTIVITY_PROC|01.24.1003,TSGT_OUTL_WACS_OFS_ACTIVITY_PROC,TSGT Oracle Utilities WACS OFSC Activity Process,01.24.1003,searchPredecessorActivity(i7),Adapter_Invoke,,,,https://tsgt.fs.ocs.oraclecloud.com/rest/ofscCore/v1/activities/custom-actions/search,OUTL-BRT-APP-OFSC_WACSOFSC,searchPredecessorActivity,
TSGT_POWERB_SESSIO_UTILIT_SERVIC_01.02.0000.iar.yaml,TSGT_POWERB_SESSIO_UTILIT_SERVIC|01.02.0000,TSGT_POWERB_SESSIO_UTILIT_SERVIC,TSGT Powerbase Session Utility Service,01.02.0000,GetPassword(i3),IntegrationAction,GET_SECRET_BY_NAME,01.00.0000,Get Secret By Name,/getByName,PRESEEDED_COLLOCATED_CONN_1741,GetPassword,
TSGT_POWERB_SESSIO_UTILIT_SERVIC_01.02.0000.iar.yaml,TSGT_POWERB_SESSIO_UTILIT_SERVIC|01.02.0000,TSGT_POWERB_SESSIO_UTILIT_SERVIC,TSGT Powerbase Session Utility Service,01.02.0000,CreateSessionInPowerBase(i0),Adapter_Invoke,,,,/CreateSession,TSGT_POWERBASE_REST,CreateSessionInPowerBase,
TSGT_POWERB_SESSIO_UTILIT_SERVIC_01.02.0000.iar.yaml,TSGT_POWERB_SESSIO_UTILIT_SERVIC|01.02.0000,TSGT_POWERB_SESSIO_UTILIT_SERVIC,TSGT Powerbase Session Utility Service,01.02.0000,checkSessionStatusInPowerbase(i1),Adapter_Invoke,,,,/CheckSession,TSGT_POWERBASE_REST,checkSessionStatusInPowerbase,
TSGT_POWERB_SESSIO_UTILIT_SERVIC_01.02.0000.iar.yaml,TSGT_POWERB_SESSIO_UTILIT_SERVIC|01.02.0000,TSGT_POWERB_SESSIO_UTILIT_SERVIC,TSGT Powerbase Session Utility Service,01.02.0000,closeSessionInPowerbase(i2),Adapter_Invoke,,,,/CloseSession,TSGT_POWERBASE_REST,closeSessionInPowerbase,
TSGT_PROJ_TOP_TASK_SYNC_TO_WACS_01.00.0002.iar.yaml,TSGT_PROJ_TOP_TASK_SYNC_TO_WACS|01.00.0002,TSGT_PROJ_TOP_TASK_SYNC_TO_WACS,TSGT Project And Top Task Sync To WACS,01.00.0002,sendEmailNotificationForErrorRecords(i6),IntegrationAction,TSGT_ENTERPRISENOTIFI,01.00.0000,TSGT EnterpriseNotificationService,/send,PRESEEDED_COLLOCATED_CONN_1741,sendEmailNotificationForErrorRecords,
TSGT_PROJ_TOP_TASK_SYNC_TO_WACS_01.00.0002.iar.yaml,TSGT_PROJ_TOP_TASK_SYNC_TO_WACS|01.00.0002,TSGT_PROJ_TOP_TASK_SYNC_TO_WACS,TSGT Project And Top Task Sync To WACS,01.00.0002,sendNotification(i2),IntegrationAction,TSGT_ENTERPRISENOTIFI,01.00.0000,TSGT EnterpriseNotificationService,/send,PRESEEDED_COLLOCATED_CONN_1741,sendNotification,
TSGT_PROJ_TOP_TASK_SYNC_TO_WACS_01.00.0002.iar.yaml,TSGT_PROJ_TOP_TASK_SYNC_TO_WACS|01.00.0002,TSGT_PROJ_TOP_TASK_SYNC_TO_WACS,TSGT Project And Top Task Sync To WACS,01.00.0002,sendNotifications(i3),IntegrationAction,TSGT_ENTERPRISENOTIFI,01.00.0000,TSGT EnterpriseNotificationService,/send,PRESEEDED_COLLOCATED_CONN_1741,sendNotifications,
TSGT_PROJ_TOP_TASK_SYNC_TO_WACS_01.00.0002.iar.yaml,TSGT_PROJ_TOP_TASK_SYNC_TO_WACS|01.00.0002,TSGT_PROJ_TOP_TASK_SYNC_TO_WACS,TSGT Project And Top Task Sync To WACS,01.00.0002,invokeProjectTaskWACS(i7),Adapter_Invoke,,,,https://us-phoenix-1.utilities-cloud.oracleindustry.com:443/c2g65p/prod/wac/rest/apis/cm/financials/project/,ORAC_UTIL_REST_WACS_FOR_WACS_PPM,invokeProjectTaskWACS,
TSGT_PROJ_TOP_TASK_SYNC_TO_WACS_01.00.0002.iar.yaml,TSGT_PROJ_TOP_TASK_SYNC_TO_WACS|01.00.0002,TSGT_PROJ_TOP_TASK_SYNC_TO_WACS,TSGT Project And Top Task Sync To WACS,01.00.0002,listFilesFromERPSFTPLocation(i0),Adapter_Invoke,,,,,TSGTFTP_CONN,listFilesFromERPSFTPLocation,
TSGT_PROJ_TOP_TASK_SYNC_TO_WACS_01.00.0002.iar.yaml,TSGT_PROJ_TOP_TASK_SYNC_TO_WACS|01.00.0002,TSGT_PROJ_TOP_TASK_SYNC_TO_WACS,TSGT Project And Top Task Sync To WACS,01.00.0002,moveEachFileToArchiveDirectory(i4),Adapter_Invoke,,,,,TSGTFTP_CONN,moveEachFileToArchiveDirectory,
TSGT_PROJ_TOP_TASK_SYNC_TO_WACS_01.00.0002.iar.yaml,TSGT_PROJ_TOP_TASK_SYNC_TO_WACS|01.00.0002,TSGT_PROJ_TOP_TASK_SYNC_TO_WACS,TSGT Project And Top Task Sync To WACS,01.00.0002,moveFileToErrorDirectory(i5),Adapter_Invoke,,,,,TSGTFTP_CONN,moveFileToErrorDirectory,
TSGT_PROJ_TOP_TASK_SYNC_TO_WACS_01.00.0002.iar.yaml,TSGT_PROJ_TOP_TASK_SYNC_TO_WACS|01.00.0002,TSGT_PROJ_TOP_TASK_SYNC_TO_WACS,TSGT Project And Top Task Sync To WACS,01.00.0002,readEachFileFromERPSFTPLocation(i1),Adapter_Invoke,,,,,TSGTFTP_CONN,readEachFileFromERPSFTPLocation,
TSGT_SMAR_COMP_SYNC_OFSC_TO_WACS_01.00.0006.iar.yaml,TSGT_SMAR_COMP_SYNC_OFSC_TO_WACS|01.00.0006,TSGT_SMAR_COMP_SYNC_OFSC_TO_WACS,TSGT SmartForm Completion Sync OFSC To WACS,01.00.0006,createAttachments(i7),IntegrationAction,TSGT_CREA_ATTA_IN_WACS_FOR_SMAR_,01.00.0001,TSGT Create Attachments in WACS For SmartForm Comp,/attachements,PRESEEDED_COLLOCATED_CONN_1741,createAttachments,
TSGT_SMAR_COMP_SYNC_OFSC_TO_WACS_01.00.0006.iar.yaml,TSGT_SMAR_COMP_SYNC_OFSC_TO_WACS|01.00.0006,TSGT_SMAR_COMP_SYNC_OFSC_TO_WACS,TSGT SmartForm Completion Sync OFSC To WACS,01.00.0006,sendNotification(i4),IntegrationAction,TSGT_ENTERPRISENOTIFI,01.00.0000,TSGT EnterpriseNotificationService,/send,PRESEEDED_COLLOCATED_CONN_1741,sendNotification,
TSGT_SMAR_COMP_SYNC_OFSC_TO_WACS_01.00.0006.iar.yaml,TSGT_SMAR_COMP_SYNC_OFSC_TO_WACS|01.00.0006,TSGT_SMAR_COMP_SYNC_OFSC_TO_WACS,TSGT SmartForm Completion Sync OFSC To WACS,01.00.0006,sendNotificationForErrorEvent(i3),IntegrationAction,TSGT_ENTERPRISENOTIFI,01.00.0000,TSGT EnterpriseNotificationService,/send,PRESEEDED_COLLOCATED_CONN_1741,sendNotificationForErrorEvent,
TSGT_SMAR_COMP_SYNC_OFSC_TO_WACS_01.00.0006.iar.yaml,TSGT_SMAR_COMP_SYNC_OFSC_TO_WACS|01.00.0006,TSGT_SMAR_COMP_SYNC_OFSC_TO_WACS,TSGT SmartForm Completion Sync OFSC To WACS,01.00.0006,getActivityCustomerInventories(i5),Adapter_Invoke,,,,/rest/ofscCore/v1/activities/{activityId}/customerInventories,TSGT_OFSC_REST_FOR_WACS_OFSC,getActivityCustomerInventories,
TSGT_SMAR_COMP_SYNC_OFSC_TO_WACS_01.00.0006.iar.yaml,TSGT_SMAR_COMP_SYNC_OFSC_TO_WACS|01.00.0006,TSGT_SMAR_COMP_SYNC_OFSC_TO_WACS,TSGT SmartForm Completion Sync OFSC To WACS,01.00.0006,getDeinstalledInventories(i6),Adapter_Invoke,,,,/rest/ofscCore/v1/activities/{activityId}/deinstalledInventories,TSGT_OFSC_REST_FOR_WACS_OFSC,getDeinstalledInventories,
TSGT_SMAR_COMP_SYNC_OFSC_TO_WACS_01.00.0006.iar.yaml,TSGT_SMAR_COMP_SYNC_OFSC_TO_WACS|01.00.0006,TSGT_SMAR_COMP_SYNC_OFSC_TO_WACS,TSGT SmartForm Completion Sync OFSC To WACS,01.00.0006,getEvents(i1),Adapter_Invoke,,,,/rest/ofscCore/v1/activities/{activityId}/submittedForms,TSGT_OFSC_REST_FOR_WACS_OFSC,getEvents,
TSGT_SMAR_COMP_SYNC_OFSC_TO_WACS_01.00.0006.iar.yaml,TSGT_SMAR_COMP_SYNC_OFSC_TO_WACS|01.00.0006,TSGT_SMAR_COMP_SYNC_OFSC_TO_WACS,TSGT SmartForm Completion Sync OFSC To WACS,01.00.0006,getInstalledInventories(i8),Adapter_Invoke,,,,/rest/ofscCore/v1/activities/{activityId}/installedInventories,TSGT_OFSC_REST_FOR_WACS_OFSC,getInstalledInventories,
TSGT_SMAR_COMP_SYNC_OFSC_TO_WACS_01.00.0006.iar.yaml,TSGT_SMAR_COMP_SYNC_OFSC_TO_WACS|01.00.0006,TSGT_SMAR_COMP_SYNC_OFSC_TO_WACS,TSGT SmartForm Completion Sync OFSC To WACS,01.00.0006,invokeServiceHistoryInWACS(i2),Adapter_Invoke,,,,https://us-phoenix-1.stg.utilities-cloud.oracleindustry.com:443/c2g65p/test/wac/rest/apis/cm/general/questionnaireSvcHistory/,ORAC_UTIL_REST_WACS_FOR_OFSC_WAC,invokeServiceHistoryInWACS,
TSGT_SMAR_COMP_SYNC_OFSC_TO_WACS_01.00.0006.iar.yaml,TSGT_SMAR_COMP_SYNC_OFSC_TO_WACS|01.00.0006,TSGT_SMAR_COMP_SYNC_OFSC_TO_WACS,TSGT SmartForm Completion Sync OFSC To WACS,01.00.0006,invokeUpdateOFSUpdateInventory(i10),Adapter_Invoke,,,,https://tsgt1.test.fs.ocs.oraclecloud.com/rest/ofscCore/v1/inventories/{inventoryId},OUTL-BRT-APP-OFSC_WACSOFSC,invokeUpdateOFSUpdateInventory,
TSGT_SMAR_COMP_SYNC_OFSC_TO_WACS_01.00.0006.iar.yaml,TSGT_SMAR_COMP_SYNC_OFSC_TO_WACS|01.00.0006,TSGT_SMAR_COMP_SYNC_OFSC_TO_WACS,TSGT SmartForm Completion Sync OFSC To WACS,01.00.0006,updateInventory(i9),Adapter_Invoke,,,,https://tsgt1.test.fs.ocs.oraclecloud.com/rest/ofscCore/v1/inventories/{inventoryId},OUTL-BRT-APP-OFSC_WACSOFSC,updateInventory,
TSGT_SMAR_FORM_SYNC_WACS_TO_OFSC_01.01.0002.iar.yaml,TSGT_SMAR_FORM_SYNC_WACS_TO_OFSC|01.01.0002,TSGT_SMAR_FORM_SYNC_WACS_TO_OFSC,TSGT Smart Form Synchronization WACS to OFSC,01.01.0002,sendEmailNotification(i6),IntegrationAction,TSGT_ENTERPRISENOTIFI,01.00.0000,TSGT EnterpriseNotificationService,/send,PRESEEDED_COLLOCATED_CONN_1741,sendEmailNotification,
TSGT_SMAR_FORM_SYNC_WACS_TO_OFSC_01.01.0002.iar.yaml,TSGT_SMAR_FORM_SYNC_WACS_TO_OFSC|01.01.0002,TSGT_SMAR_FORM_SYNC_WACS_TO_OFSC,TSGT Smart Form Synchronization WACS to OFSC,01.01.0002,sendNotification(i5),IntegrationAction,TSGT_ENTERPRISENOTIFI,01.00.0000,TSGT EnterpriseNotificationService,/send,PRESEEDED_COLLOCATED_CONN_1741,sendNotification,
TSGT_SMAR_FORM_SYNC_WACS_TO_OFSC_01.01.0002.iar.yaml,TSGT_SMAR_FORM_SYNC_WACS_TO_OFSC|01.01.0002,TSGT_SMAR_FORM_SYNC_WACS_TO_OFSC,TSGT Smart Form Synchronization WACS to OFSC,01.01.0002,getActivityCustomerInventories(i1),Adapter_Invoke,,,,/rest/ofscCore/v1/activities/{activityId}/customerInventories,TSGT_OFSC_REST_FOR_WACS_OFSC,getActivityCustomerInventories,
TSGT_SMAR_FORM_SYNC_WACS_TO_OFSC_01.01.0002.iar.yaml,TSGT_SMAR_FORM_SYNC_WACS_TO_OFSC|01.01.0002,TSGT_SMAR_FORM_SYNC_WACS_TO_OFSC,TSGT Smart Form Synchronization WACS to OFSC,01.01.0002,getActivityDeinstalledInventories(i3),Adapter_Invoke,,,,/rest/ofscCore/v1/activities/{activityId}/deinstalledInventories,TSGT_OFSC_REST_FOR_WACS_OFSC,getActivityDeinstalledInventories,
TSGT_SMAR_FORM_SYNC_WACS_TO_OFSC_01.01.0002.iar.yaml,TSGT_SMAR_FORM_SYNC_WACS_TO_OFSC|01.01.0002,TSGT_SMAR_FORM_SYNC_WACS_TO_OFSC,TSGT Smart Form Synchronization WACS to OFSC,01.01.0002,getActivityDetails(i0),Adapter_Invoke,,,,https://us-phoenix-1.utilities-cloud.oracleindustry.com:443/c2g65p/prod/wac/rest/apis/cm/general/sendActDetails/,ORAC_UTIL_REST_WACS_FOR_OFSC_WAC,getActivityDetails,
TSGT_SMAR_FORM_SYNC_WACS_TO_OFSC_01.01.0002.iar.yaml,TSGT_SMAR_FORM_SYNC_WACS_TO_OFSC|01.01.0002,TSGT_SMAR_FORM_SYNC_WACS_TO_OFSC,TSGT Smart Form Synchronization WACS to OFSC,01.01.0002,getActivityInstalledInventories(i2),Adapter_Invoke,,,,/rest/ofscCore/v1/activities/{activityId}/installedInventories,TSGT_OFSC_REST_FOR_WACS_OFSC,getActivityInstalledInventories,
TSGT_SMAR_FORM_SYNC_WACS_TO_OFSC_01.01.0002.iar.yaml,TSGT_SMAR_FORM_SYNC_WACS_TO_OFSC|01.01.0002,TSGT_SMAR_FORM_SYNC_WACS_TO_OFSC,TSGT Smart Form Synchronization WACS to OFSC,01.01.0002,updateInventory(i4),Adapter_Invoke,,,,https://tsgt.fs.ocs.oraclecloud.com/rest/ofscCore/v1/inventories/{inventoryId},OUTL-BRT-APP-OFSC_WACSOFSC,updateInventory,
TSGT_SYNC_EMP_LEAVE_WACS_TO_OFSC_01.01.0002.iar.yaml,TSGT_SYNC_EMP_LEAVE_WACS_TO_OFSC|01.01.0002,TSGT_SYNC_EMP_LEAVE_WACS_TO_OFSC,TSGT Sync Employee Leave WACS To OFSC,01.01.0002,SendErrorNotification(i4),IntegrationAction,TSGT_ENTERPRISENOTIFI,01.00.0000,TSGT EnterpriseNotificationService,/send,PRESEEDED_COLLOCATED_CONN_1741,SendErrorNotification,
TSGT_SYNC_EMP_LEAVE_WACS_TO_OFSC_01.01.0002.iar.yaml,TSGT_SYNC_EMP_LEAVE_WACS_TO_OFSC|01.01.0002,TSGT_SYNC_EMP_LEAVE_WACS_TO_OFSC,TSGT Sync Employee Leave WACS To OFSC,01.01.0002,sendEmailNotification(i3),IntegrationAction,TSGT_ENTERPRISENOTIFI,01.00.0000,TSGT EnterpriseNotificationService,/send,PRESEEDED_COLLOCATED_CONN_1741,sendEmailNotification,
TSGT_SYNC_EMP_LEAVE_WACS_TO_OFSC_01.01.0002.iar.yaml,TSGT_SYNC_EMP_LEAVE_WACS_TO_OFSC|01.01.0002,TSGT_SYNC_EMP_LEAVE_WACS_TO_OFSC,TSGT Sync Employee Leave WACS To OFSC,01.01.0002,sendErrorEmailNotification(i5),IntegrationAction,TSGT_ENTERPRISENOTIFI,01.00.0000,TSGT EnterpriseNotificationService,/send,PRESEEDED_COLLOCATED_CONN_1741,sendErrorEmailNotification,
TSGT_SYNC_EMP_LEAVE_WACS_TO_OFSC_01.01.0002.iar.yaml,TSGT_SYNC_EMP_LEAVE_WACS_TO_OFSC|01.01.0002,TSGT_SYNC_EMP_LEAVE_WACS_TO_OFSC,TSGT Sync Employee Leave WACS To OFSC,01.01.0002,sendNotification(i2),IntegrationAction,TSGT_ENTERPRISENOTIFI,01.00.0000,TSGT EnterpriseNotificationService,/send,PRESEEDED_COLLOCATED_CONN_1741,sendNotification,
TSGT_SYNC_EMP_LEAVE_WACS_TO_OFSC_01.01.0002.iar.yaml,TSGT_SYNC_EMP_LEAVE_WACS_TO_OFSC|01.01.0002,TSGT_SYNC_EMP_LEAVE_WACS_TO_OFSC,TSGT Sync Employee Leave WACS To OFSC,01.01.0002,getResourceDetails(i6),Adapter_Invoke,,,,https://tsgt1.test.fs.ocs.oraclecloud.com/rest/ofscCore/v1/resources/{resourceId},OUTL-BRT-APP-OFSC_WACSOFSC,getResourceDetails,
TSGT_SYNC_EMP_LEAVE_WACS_TO_OFSC_01.01.0002.iar.yaml,TSGT_SYNC_EMP_LEAVE_WACS_TO_OFSC|01.01.0002,TSGT_SYNC_EMP_LEAVE_WACS_TO_OFSC,TSGT Sync Employee Leave WACS To OFSC,01.01.0002,invokeBulkUpdateActivitiesRestApi(i0),Adapter_Invoke,,,,/rest/ofscCore/v1/activities/custom-actions/bulkUpdate,TSGT_OFSC_REST_FOR_WACS_OFSC,invokeBulkUpdateActivitiesRestApi,
TSGT_SYNC_EMP_LEAVE_WACS_TO_OFSC_01.01.0002.iar.yaml,TSGT_SYNC_EMP_LEAVE_WACS_TO_OFSC|01.01.0002,TSGT_SYNC_EMP_LEAVE_WACS_TO_OFSC,TSGT Sync Employee Leave WACS To OFSC,01.01.0002,invokeBulkUpdateWorkSchedulesRestApi(i1),Adapter_Invoke,,,,/rest/ofscCore/v1/resources/custom-actions/bulkUpdateWorkSchedules,TSGT_OFSC_REST_FOR_WACS_OFSC,invokeBulkUpdateWorkSchedulesRestApi,
TSGT_TASK_SYNC_WACS_TO_PPM_01.00.0003.iar.yaml,TSGT_TASK_SYNC_WACS_TO_PPM|01.00.0003,TSGT_TASK_SYNC_WACS_TO_PPM,TSGT Task Sync WACS To PPM,01.00.0003,sendNotification(i1),IntegrationAction,TSGT_ENTERPRISENOTIFI,01.00.0000,TSGT EnterpriseNotificationService,/send,PRESEEDED_COLLOCATED_CONN_1741,sendNotification,
TSGT_TASK_SYNC_WACS_TO_PPM_01.00.0003.iar.yaml,TSGT_TASK_SYNC_WACS_TO_PPM|01.00.0003,TSGT_TASK_SYNC_WACS_TO_PPM,TSGT Task Sync WACS To PPM,01.00.0003,createProjectTaskInPPM(i0),Adapter_Invoke,,,,,OUTL-BRT-APP-ERPPIM_WACSERPPIM,createProjectTaskInPPM,
TSGT_TASK_SYNC_WACS_TO_PPM_01.00.0003.iar.yaml,TSGT_TASK_SYNC_WACS_TO_PPM|01.00.0003,TSGT_TASK_SYNC_WACS_TO_PPM,TSGT Task Sync WACS To PPM,01.00.0003,getTaskDetails(i2),Adapter_Invoke,,,,,OUTL-BRT-APP-ERPPIM_WACSERPPIM,getTaskDetails,
TSGT_TASK_SYNC_WACS_TO_PPM_01.00.0003.iar.yaml,TSGT_TASK_SYNC_WACS_TO_PPM|01.00.0003,TSGT_TASK_SYNC_WACS_TO_PPM,TSGT Task Sync WACS To PPM,01.00.0003,updateTaskInPPM(i3),Adapter_Invoke,,,,,OUTL-BRT-APP-ERPPIM_WACSERPPIM,updateTaskInPPM,
TSGT_TESTSESSRESU_SYNC_DOBLTOWAC_01.00.0009.iar.yaml,TSGT_TESTSESSRESU_SYNC_DOBLTOWAC|01.00.0009,TSGT_TESTSESSRESU_SYNC_DOBLTOWAC,TSGT Test Session Results Sync Doble To WACS,01.00.0009,sendConsolidatedNotification(i19),IntegrationAction,TSGT_ENTERPRISENOTIFI,01.00.0000,TSGT EnterpriseNotificationService,/send,PRESEEDED_COLLOCATED_CONN_1741,sendConsolidatedNotification,
TSGT_TESTSESSRESU_SYNC_DOBLTOWAC_01.00.0009.iar.yaml,TSGT_TESTSESSRESU_SYNC_DOBLTOWAC|01.00.0009,TSGT_TESTSESSRESU_SYNC_DOBLTOWAC,TSGT Test Session Results Sync Doble To WACS,01.00.0009,sendNotification(i3),IntegrationAction,TSGT_ENTERPRISENOTIFI,01.00.0000,TSGT EnterpriseNotificationService,/send,PRESEEDED_COLLOCATED_CONN_1741,sendNotification,
TSGT_TESTSESSRESU_SYNC_DOBLTOWAC_01.00.0009.iar.yaml,TSGT_TESTSESSRESU_SYNC_DOBLTOWAC|01.00.0009,TSGT_TESTSESSRESU_SYNC_DOBLTOWAC,TSGT Test Session Results Sync Doble To WACS,01.00.0009,sendNotificationForBushing(i9),IntegrationAction,TSGT_ENTERPRISENOTIFI,01.00.0000,TSGT EnterpriseNotificationService,/send,PRESEEDED_COLLOCATED_CONN_1741,sendNotificationForBushing,
TSGT_TESTSESSRESU_SYNC_DOBLTOWAC_01.00.0009.iar.yaml,TSGT_TESTSESSRESU_SYNC_DOBLTOWAC|01.00.0009,TSGT_TESTSESSRESU_SYNC_DOBLTOWAC,TSGT Test Session Results Sync Doble To WACS,01.00.0009,sendNotificationForBushingFault(i8),IntegrationAction,TSGT_ENTERPRISENOTIFI,01.00.0000,TSGT EnterpriseNotificationService,/send,PRESEEDED_COLLOCATED_CONN_1741,sendNotificationForBushingFault,
TSGT_TESTSESSRESU_SYNC_DOBLTOWAC_01.00.0009.iar.yaml,TSGT_TESTSESSRESU_SYNC_DOBLTOWAC|01.00.0009,TSGT_TESTSESSRESU_SYNC_DOBLTOWAC,TSGT Test Session Results Sync Doble To WACS,01.00.0009,sendNotificationForOverAllFault(i11),IntegrationAction,TSGT_ENTERPRISENOTIFI,01.00.0000,TSGT EnterpriseNotificationService,/send,PRESEEDED_COLLOCATED_CONN_1741,sendNotificationForOverAllFault,
TSGT_TESTSESSRESU_SYNC_DOBLTOWAC_01.00.0009.iar.yaml,TSGT_TESTSESSRESU_SYNC_DOBLTOWAC|01.00.0009,TSGT_TESTSESSRESU_SYNC_DOBLTOWAC,TSGT Test Session Results Sync Doble To WACS,01.00.0009,sendNotificationForOverall(i10),IntegrationAction,TSGT_ENTERPRISENOTIFI,01.00.0000,TSGT EnterpriseNotificationService,/send,PRESEEDED_COLLOCATED_CONN_1741,sendNotificationForOverall,
TSGT_TESTSESSRESU_SYNC_DOBLTOWAC_01.00.0009.iar.yaml,TSGT_TESTSESSRESU_SYNC_DOBLTOWAC|01.00.0009,TSGT_TESTSESSRESU_SYNC_DOBLTOWAC,TSGT Test Session Results Sync Doble To WACS,01.00.0009,sendNotificationForSession(i7),IntegrationAction,TSGT_ENTERPRISENOTIFI,01.00.0000,TSGT EnterpriseNotificationService,/send,PRESEEDED_COLLOCATED_CONN_1741,sendNotificationForSession,
TSGT_TESTSESSRESU_SYNC_DOBLTOWAC_01.00.0009.iar.yaml,TSGT_TESTSESSRESU_SYNC_DOBLTOWAC|01.00.0009,TSGT_TESTSESSRESU_SYNC_DOBLTOWAC,TSGT Test Session Results Sync Doble To WACS,01.00.0009,sendNotification_FlexFieldsError(i13),IntegrationAction,TSGT_ENTERPRISENOTIFI,01.00.0000,TSGT EnterpriseNotificationService,/send,PRESEEDED_COLLOCATED_CONN_1741,sendNotification_FlexFieldsError,
TSGT_TESTSESSRESU_SYNC_DOBLTOWAC_01.00.0009.iar.yaml,TSGT_TESTSESSRESU_SYNC_DOBLTOWAC|01.00.0009,TSGT_TESTSESSRESU_SYNC_DOBLTOWAC,TSGT Test Session Results Sync Doble To WACS,01.00.0009,sendNotification_MainScope(i18),IntegrationAction,TSGT_ENTERPRISENOTIFI,01.00.0000,TSGT EnterpriseNotificationService,/send,PRESEEDED_COLLOCATED_CONN_1741,sendNotification_MainScope,
TSGT_TESTSESSRESU_SYNC_DOBLTOWAC_01.00.0009.iar.yaml,TSGT_TESTSESSRESU_SYNC_DOBLTOWAC|01.00.0009,TSGT_TESTSESSRESU_SYNC_DOBLTOWAC,TSGT Test Session Results Sync Doble To WACS,01.00.0009,sendNotification_SevHistError(i14),IntegrationAction,TSGT_ENTERPRISENOTIFI,01.00.0000,TSGT EnterpriseNotificationService,/send,PRESEEDED_COLLOCATED_CONN_1741,sendNotification_SevHistError,
TSGT_TESTSESSRESU_SYNC_DOBLTOWAC_01.00.0009.iar.yaml,TSGT_TESTSESSRESU_SYNC_DOBLTOWAC|01.00.0009,TSGT_TESTSESSRESU_SYNC_DOBLTOWAC,TSGT Test Session Results Sync Doble To WACS,01.00.0009,sendNotification_TransformerOverallSevHistError(i17),IntegrationAction,TSGT_ENTERPRISENOTIFI,01.00.0000,TSGT EnterpriseNotificationService,/send,PRESEEDED_COLLOCATED_CONN_1741,sendNotification_TransformerOverallSevHistError,
TSGT_TESTSESSRESU_SYNC_DOBLTOWAC_01.00.0009.iar.yaml,TSGT_TESTSESSRESU_SYNC_DOBLTOWAC|01.00.0009,TSGT_TESTSESSRESU_SYNC_DOBLTOWAC,TSGT Test Session Results Sync Doble To WACS,01.00.0009,getApparatusSpecialId(i16),Adapter_Invoke,,,,/api/dta/apparatus/{apparatusId},TSGT_DOBLE_REST,getApparatusSpecialId,
TSGT_TESTSESSRESU_SYNC_DOBLTOWAC_01.00.0009.iar.yaml,TSGT_TESTSESSRESU_SYNC_DOBLTOWAC|01.00.0009,TSGT_TESTSESSRESU_SYNC_DOBLTOWAC,TSGT Test Session Results Sync Doble To WACS,01.00.0009,getBushingSessionResults(i1),Adapter_Invoke,,,,/api/dta/sessions/{sessionId}/bushing,TSGT_DOBLE_REST,getBushingSessionResults,
TSGT_TESTSESSRESU_SYNC_DOBLTOWAC_01.00.0009.iar.yaml,TSGT_TESTSESSRESU_SYNC_DOBLTOWAC|01.00.0009,TSGT_TESTSESSRESU_SYNC_DOBLTOWAC,TSGT Test Session Results Sync Doble To WACS,01.00.0009,getBushingSubSystems(i2),Adapter_Invoke,,,,/api/dta/subsystems/{bushingId}/bushing,TSGT_DOBLE_REST,getBushingSubSystems,
TSGT_TESTSESSRESU_SYNC_DOBLTOWAC_01.00.0009.iar.yaml,TSGT_TESTSESSRESU_SYNC_DOBLTOWAC|01.00.0009,TSGT_TESTSESSRESU_SYNC_DOBLTOWAC,TSGT Test Session Results Sync Doble To WACS,01.00.0009,getTestSessions(i0),Adapter_Invoke,,,,/api/dta/sessions,TSGT_DOBLE_REST,getTestSessions,
TSGT_TESTSESSRESU_SYNC_DOBLTOWAC_01.00.0009.iar.yaml,TSGT_TESTSESSRESU_SYNC_DOBLTOWAC|01.00.0009,TSGT_TESTSESSRESU_SYNC_DOBLTOWAC,TSGT Test Session Results Sync Doble To WACS,01.00.0009,getTransformerOverallTestResultData(i4),Adapter_Invoke,,,,/api/dta/sessions/{sessionId}/transformerOverall,TSGT_DOBLE_REST,getTransformerOverallTestResultData,
TSGT_TESTSESSRESU_SYNC_DOBLTOWAC_01.00.0009.iar.yaml,TSGT_TESTSESSRESU_SYNC_DOBLTOWAC|01.00.0009,TSGT_TESTSESSRESU_SYNC_DOBLTOWAC,TSGT Test Session Results Sync Doble To WACS,01.00.0009,postBushingDataToWACS(i6),Adapter_Invoke,,,,https://us-phoenix-1.utilities-cloud.oracleindustry.com:443/c2g65p/prod/wac/rest/apis/cm/general/dobleBushingIntegrationInbound/,OUTL-BRT-REST-WACS_WACSERPPIM,postBushingDataToWACS,
TSGT_TESTSESSRESU_SYNC_DOBLTOWAC_01.00.0009.iar.yaml,TSGT_TESTSESSRESU_SYNC_DOBLTOWAC|01.00.0009,TSGT_TESTSESSRESU_SYNC_DOBLTOWAC,TSGT Test Session Results Sync Doble To WACS,01.00.0009,postBushingSevHistDataToWACS(i12),Adapter_Invoke,,,,https://us-phoenix-1.utilities-cloud.oracleindustry.com:443/c2g65p/prod/wac/rest/apis/cm/general/dobleBushingSvcHstIntegrationInbound/,OUTL-BRT-REST-WACS_WACSERPPIM,postBushingSevHistDataToWACS,
TSGT_TESTSESSRESU_SYNC_DOBLTOWAC_01.00.0009.iar.yaml,TSGT_TESTSESSRESU_SYNC_DOBLTOWAC|01.00.0009,TSGT_TESTSESSRESU_SYNC_DOBLTOWAC,TSGT Test Session Results Sync Doble To WACS,01.00.0009,postTransformerOverallDataToWACS(i5),Adapter_Invoke,,,,https://us-phoenix-1.utilities-cloud.oracleindustry.com:443/c2g65p/prod/wac/rest/apis/cm/general/dobleTestResultsIntegrationInbound/,OUTL-BRT-REST-WACS_WACSERPPIM,postTransformerOverallDataToWACS,
TSGT_TESTSESSRESU_SYNC_DOBLTOWAC_01.00.0009.iar.yaml,TSGT_TESTSESSRESU_SYNC_DOBLTOWAC|01.00.0009,TSGT_TESTSESSRESU_SYNC_DOBLTOWAC,TSGT Test Session Results Sync Doble To WACS,01.00.0009,postTransformerOverallSevHistDataToWACS(i15),Adapter_Invoke,,,,https://us-phoenix-1.utilities-cloud.oracleindustry.com:443/c2g65p/prod/wac/rest/apis/cm/general/dobleTestResultsSvcHstIntegrationInbound/,OUTL-BRT-REST-WACS_WACSERPPIM,postTransformerOverallSevHistDataToWACS,
TSGT_TEST_RESU_SYNC_POWE_TO_WACS_01.01.0000.iar.yaml,TSGT_TEST_RESU_SYNC_POWE_TO_WACS|01.01.0000,TSGT_TEST_RESU_SYNC_POWE_TO_WACS,TSGT Test Results Sync Powerbase To WACS,01.01.0000,sendErrNotification(i5),IntegrationAction,TSGT_ENTERPRISENOTIFI,01.00.0000,TSGT EnterpriseNotificationService,/send,PRESEEDED_COLLOCATED_CONN_1741,sendErrNotification,
TSGT_TEST_RESU_SYNC_POWE_TO_WACS_01.01.0000.iar.yaml,TSGT_TEST_RESU_SYNC_POWE_TO_WACS|01.01.0000,TSGT_TEST_RESU_SYNC_POWE_TO_WACS,TSGT Test Results Sync Powerbase To WACS,01.01.0000,sendErrorNotif(i8),IntegrationAction,TSGT_ENTERPRISENOTIFI,01.00.0000,TSGT EnterpriseNotificationService,/send,PRESEEDED_COLLOCATED_CONN_1741,sendErrorNotif,
TSGT_TEST_RESU_SYNC_POWE_TO_WACS_01.01.0000.iar.yaml,TSGT_TEST_RESU_SYNC_POWE_TO_WACS|01.01.0000,TSGT_TEST_RESU_SYNC_POWE_TO_WACS,TSGT Test Results Sync Powerbase To WACS,01.01.0000,sendErrorNotification(i3),IntegrationAction,TSGT_ENTERPRISENOTIFI,01.00.0000,TSGT EnterpriseNotificationService,/send,PRESEEDED_COLLOCATED_CONN_1741,sendErrorNotification,
TSGT_TEST_RESU_SYNC_POWE_TO_WACS_01.01.0000.iar.yaml,TSGT_TEST_RESU_SYNC_POWE_TO_WACS|01.01.0000,TSGT_TEST_RESU_SYNC_POWE_TO_WACS,TSGT Test Results Sync Powerbase To WACS,01.01.0000,sendNotification(i12),IntegrationAction,TSGT_ENTERPRISENOTIFI,01.00.0000,TSGT EnterpriseNotificationService,/send,PRESEEDED_COLLOCATED_CONN_1741,sendNotification,
TSGT_TEST_RESU_SYNC_POWE_TO_WACS_01.01.0000.iar.yaml,TSGT_TEST_RESU_SYNC_POWE_TO_WACS|01.01.0000,TSGT_TEST_RESU_SYNC_POWE_TO_WACS,TSGT Test Results Sync Powerbase To WACS,01.01.0000,CreateSession(i0),IntegrationAction,TSGT_POWERB_SESSIO_UTILIT_SERVIC,01.00.0000,TSGT Powerbase Session Utility Service,/getSession,PRESEEDED_COLLOCATED_CONN_1741,CreateSession,
TSGT_TEST_RESU_SYNC_POWE_TO_WACS_01.01.0000.iar.yaml,TSGT_TEST_RESU_SYNC_POWE_TO_WACS|01.01.0000,TSGT_TEST_RESU_SYNC_POWE_TO_WACS,TSGT Test Results Sync Powerbase To WACS,01.01.0000,closeSession(i4),IntegrationAction,TSGT_POWERB_SESSIO_UTILIT_SERVIC,01.00.0000,TSGT Powerbase Session Utility Service,/closeSession,PRESEEDED_COLLOCATED_CONN_1741,closeSession,
TSGT_TEST_RESU_SYNC_POWE_TO_WACS_01.01.0000.iar.yaml,TSGT_TEST_RESU_SYNC_POWE_TO_WACS|01.01.0000,TSGT_TEST_RESU_SYNC_POWE_TO_WACS,TSGT Test Results Sync Powerbase To WACS,01.01.0000,createLoadCheckServiceHistoryInWACS(i10),Adapter_Invoke,,,,https://us-phoenix-1.stg.utilities-cloud.oracleindustry.com:443/c2g65p/test/wac/rest/apis/cm/asset/serviceHistory/,OUTL-BRT-REST-WACS_WACSERPPIM,createLoadCheckServiceHistoryInWACS,
TSGT_TEST_RESU_SYNC_POWE_TO_WACS_01.01.0000.iar.yaml,TSGT_TEST_RESU_SYNC_POWE_TO_WACS|01.01.0000,TSGT_TEST_RESU_SYNC_POWE_TO_WACS,TSGT Test Results Sync Powerbase To WACS,01.01.0000,createServiceHistoryInWACS(i6),Adapter_Invoke,,,,https://us-phoenix-1.stg.utilities-cloud.oracleindustry.com:443/c2g65p/test/wac/rest/apis/cm/asset/serviceHistory/,OUTL-BRT-REST-WACS_WACSERPPIM,createServiceHistoryInWACS,
TSGT_TEST_RESU_SYNC_POWE_TO_WACS_01.01.0000.iar.yaml,TSGT_TEST_RESU_SYNC_POWE_TO_WACS|01.01.0000,TSGT_TEST_RESU_SYNC_POWE_TO_WACS,TSGT Test Results Sync Powerbase To WACS,01.01.0000,getDevicesFromPowerbase(i1),Adapter_Invoke,,,,/GetDevices,TSGT_POWERBASE_REST,getDevicesFromPowerbase,
TSGT_TEST_RESU_SYNC_POWE_TO_WACS_01.01.0000.iar.yaml,TSGT_TEST_RESU_SYNC_POWE_TO_WACS|01.01.0000,TSGT_TEST_RESU_SYNC_POWE_TO_WACS,TSGT Test Results Sync Powerbase To WACS,01.01.0000,getLoadCheckData(i9),Adapter_Invoke,,,,/GetDevices,TSGT_POWERBASE_REST,getLoadCheckData,
TSGT_TEST_RESU_SYNC_POWE_TO_WACS_01.01.0000.iar.yaml,TSGT_TEST_RESU_SYNC_POWE_TO_WACS|01.01.0000,TSGT_TEST_RESU_SYNC_POWE_TO_WACS,TSGT Test Results Sync Powerbase To WACS,01.01.0000,getLookUpData(i2),Adapter_Invoke,,,,/api/integration/v1/lookups/{name}/archive,TSGTRESTOI_CONN_WACS,getLookUpData,
TSGT_TEST_RESU_SYNC_POWE_TO_WACS_01.01.0000.iar.yaml,TSGT_TEST_RESU_SYNC_POWE_TO_WACS|01.01.0000,TSGT_TEST_RESU_SYNC_POWE_TO_WACS,TSGT Test Results Sync Powerbase To WACS,01.01.0000,updateDeviceFieldInPowerbase(i7),Adapter_Invoke,,,,/UpdateDevice,TSGT_POWERBASE_REST,updateDeviceFieldInPowerbase,
TSGT_TEST_RESU_SYNC_POWE_TO_WACS_01.01.0000.iar.yaml,TSGT_TEST_RESU_SYNC_POWE_TO_WACS|01.01.0000,TSGT_TEST_RESU_SYNC_POWE_TO_WACS,TSGT Test Results Sync Powerbase To WACS,01.01.0000,updateLoadCheckFlag(i11),Adapter_Invoke,,,,/UpdateDevice,TSGT_POWERBASE_REST,updateLoadCheckFlag,
TSGT_UPDA_WACS_ASSE_ID_INTO_POWE_01.00.0000.iar.yaml,TSGT_UPDA_WACS_ASSE_ID_INTO_POWE|01.00.0000,TSGT_UPDA_WACS_ASSE_ID_INTO_POWE,TSGT Update WACS Asset ID Into Power Base,01.00.0000,CreateSessionInPowerBase(i2),IntegrationAction,TSGT_POWERB_SESSIO_UTILIT_SERVIC,01.00.0000,TSGT Powerbase Session Utility Service,/getSession,PRESEEDED_COLLOCATED_CONN_1741,CreateSessionInPowerBase,
TSGT_UPDA_WACS_ASSE_ID_INTO_POWE_01.00.0000.iar.yaml,TSGT_UPDA_WACS_ASSE_ID_INTO_POWE|01.00.0000,TSGT_UPDA_WACS_ASSE_ID_INTO_POWE,TSGT Update WACS Asset ID Into Power Base,01.00.0000,closeSessionInPowerbase(i3),IntegrationAction,TSGT_POWERB_SESSIO_UTILIT_SERVIC,01.00.0000,TSGT Powerbase Session Utility Service,/closeSession,PRESEEDED_COLLOCATED_CONN_1741,closeSessionInPowerbase,
TSGT_UPDA_WACS_ASSE_ID_INTO_POWE_01.00.0000.iar.yaml,TSGT_UPDA_WACS_ASSE_ID_INTO_POWE|01.00.0000,TSGT_UPDA_WACS_ASSE_ID_INTO_POWE,TSGT Update WACS Asset ID Into Power Base,01.00.0000,moveFile(i4),Adapter_Invoke,,,,,TSGTFTP_CONN,moveFile,
TSGT_UPDA_WACS_ASSE_ID_INTO_POWE_01.00.0000.iar.yaml,TSGT_UPDA_WACS_ASSE_ID_INTO_POWE|01.00.0000,TSGT_UPDA_WACS_ASSE_ID_INTO_POWE,TSGT Update WACS Asset ID Into Power Base,01.00.0000,readFileFromSFTP(i0),Adapter_Invoke,,,,,TSGTFTP_CONN,readFileFromSFTP,
TSGT_UPDA_WACS_ASSE_ID_INTO_POWE_01.00.0000.iar.yaml,TSGT_UPDA_WACS_ASSE_ID_INTO_POWE|01.00.0000,TSGT_UPDA_WACS_ASSE_ID_INTO_POWE,TSGT Update WACS Asset ID Into Power Base,01.00.0000,updateDeviceInPowerbase(i1),Adapter_Invoke,,,,/UpdateDevice,TSGT_POWERBASE_REST,updateDeviceInPowerbase,
TSGT_VEHIC_RECAL_WACS_TO_NHTSA_01.00.0000.iar.yaml,TSGT_VEHIC_RECAL_WACS_TO_NHTSA|01.00.0000,TSGT_VEHIC_RECAL_WACS_TO_NHTSA,TSGT Vehicle Recall WACS to NHTSA,01.00.0000,sendNotification(i2),IntegrationAction,TSGT_ENTERPRISENOTIFI,01.00.0000,TSGT EnterpriseNotificationService,/send,PRESEEDED_COLLOCATED_CONN_1741,sendNotification,
TSGT_VEHIC_RECAL_WACS_TO_NHTSA_01.00.0000.iar.yaml,TSGT_VEHIC_RECAL_WACS_TO_NHTSA|01.00.0000,TSGT_VEHIC_RECAL_WACS_TO_NHTSA,TSGT Vehicle Recall WACS to NHTSA,01.00.0000,sendNotificationBODetails(i5),IntegrationAction,TSGT_ENTERPRISENOTIFI,01.00.0000,TSGT EnterpriseNotificationService,/send,PRESEEDED_COLLOCATED_CONN_1741,sendNotificationBODetails,
TSGT_VEHIC_RECAL_WACS_TO_NHTSA_01.00.0000.iar.yaml,TSGT_VEHIC_RECAL_WACS_TO_NHTSA|01.00.0000,TSGT_VEHIC_RECAL_WACS_TO_NHTSA,TSGT Vehicle Recall WACS to NHTSA,01.00.0000,sendVehicleRecallNotification(i4),IntegrationAction,TSGT_ENTERPRISENOTIFI,01.00.0000,TSGT EnterpriseNotificationService,/send,PRESEEDED_COLLOCATED_CONN_1741,sendVehicleRecallNotification,
TSGT_VEHIC_RECAL_WACS_TO_NHTSA_01.00.0000.iar.yaml,TSGT_VEHIC_RECAL_WACS_TO_NHTSA|01.00.0000,TSGT_VEHIC_RECAL_WACS_TO_NHTSA,TSGT Vehicle Recall WACS to NHTSA,01.00.0000,GetVehicleRecallDetails(i0),Adapter_Invoke,,,,https://us-phoenix-1.utilities-cloud.oracleindustry.com:443/c2g65p/prod/wac/rest/apis/cm/general/RetrieveFleetAssets/,OUTL-BRT-REST-WACS_WACSERPPIM,GetVehicleRecallDetails,
TSGT_VEHIC_RECAL_WACS_TO_NHTSA_01.00.0000.iar.yaml,TSGT_VEHIC_RECAL_WACS_TO_NHTSA|01.00.0000,TSGT_VEHIC_RECAL_WACS_TO_NHTSA,TSGT Vehicle Recall WACS to NHTSA,01.00.0000,GetVehicleRecallDetailsByMakeModelAndYear(i1),Adapter_Invoke,,,,/recallsByVehicle,TSGT_NHTSA_REST_CONNECTI,GetVehicleRecallDetailsByMakeModelAndYear,
TSGT_VEHIC_RECAL_WACS_TO_NHTSA_01.00.0000.iar.yaml,TSGT_VEHIC_RECAL_WACS_TO_NHTSA|01.00.0000,TSGT_VEHIC_RECAL_WACS_TO_NHTSA,TSGT Vehicle Recall WACS to NHTSA,01.00.0000,POSTVehicleRecallDetails(i3),Adapter_Invoke,,,,https://us-phoenix-1.utilities-cloud.oracleindustry.com:443/c2g65p/prod/wac/rest/apis/cm/general/recallData/,OUTL-BRT-REST-WACS_WACSERPPIM,POSTVehicleRecallDetails,
TSG_MOV_FIL_FRO_OBJ_STO_TO_ERP_S_01.01.0000.iar.yaml,TSG_MOV_FIL_FRO_OBJ_STO_TO_ERP_S|01.01.0000,TSG_MOV_FIL_FRO_OBJ_STO_TO_ERP_S,TSGT Move Files from Object Storage to ERP SFTP,01.01.0000,sendEmailNotification(i8),IntegrationAction,TSGT_ENTERPRISENOTIFI,01.00.0000,TSGT EnterpriseNotificationService,/send,PRESEEDED_COLLOCATED_CONN_1741,sendEmailNotification,
TSG_MOV_FIL_FRO_OBJ_STO_TO_ERP_S_01.01.0000.iar.yaml,TSG_MOV_FIL_FRO_OBJ_STO_TO_ERP_S|01.01.0000,TSG_MOV_FIL_FRO_OBJ_STO_TO_ERP_S,TSGT Move Files from Object Storage to ERP SFTP,01.01.0000,sendNotification(i7),IntegrationAction,TSGT_ENTERPRISENOTIFI,01.00.0000,TSGT EnterpriseNotificationService,/send,PRESEEDED_COLLOCATED_CONN_1741,sendNotification,
TSG_MOV_FIL_FRO_OBJ_STO_TO_ERP_S_01.01.0000.iar.yaml,TSG_MOV_FIL_FRO_OBJ_STO_TO_ERP_S|01.01.0000,TSG_MOV_FIL_FRO_OBJ_STO_TO_ERP_S,TSGT Move Files from Object Storage to ERP SFTP,01.01.0000,sendNotificationsForErrorFiles(i9),IntegrationAction,TSGT_ENTERPRISENOTIFI,01.00.0000,TSGT EnterpriseNotificationService,/send,PRESEEDED_COLLOCATED_CONN_1741,sendNotificationsForErrorFiles,
TSG_MOV_FIL_FRO_OBJ_STO_TO_ERP_S_01.01.0000.iar.yaml,TSG_MOV_FIL_FRO_OBJ_STO_TO_ERP_S|01.01.0000,TSG_MOV_FIL_FRO_OBJ_STO_TO_ERP_S,TSGT Move Files from Object Storage to ERP SFTP,01.01.0000,deleteEachFilefromOriginalBucket(i5),Adapter_Invoke,,,,/n/{namespaceName}/b/{bucketName}/o/{objectName},TSGTOBJECTSTORAG_CONN,deleteEachFilefromOriginalBucket,
TSG_MOV_FIL_FRO_OBJ_STO_TO_ERP_S_01.01.0000.iar.yaml,TSG_MOV_FIL_FRO_OBJ_STO_TO_ERP_S|01.01.0000,TSG_MOV_FIL_FRO_OBJ_STO_TO_ERP_S,TSGT Move Files from Object Storage to ERP SFTP,01.01.0000,deleteEachFilefromOriginalObjectStorageBucket(i6),Adapter_Invoke,,,,/n/{namespaceName}/b/{bucketName}/o/{objectName},TSGTOBJECTSTORAG_CONN,deleteEachFilefromOriginalObjectStorageBucket,
TSG_MOV_FIL_FRO_OBJ_STO_TO_ERP_S_01.01.0000.iar.yaml,TSG_MOV_FIL_FRO_OBJ_STO_TO_ERP_S|01.01.0000,TSG_MOV_FIL_FRO_OBJ_STO_TO_ERP_S,TSGT Move Files from Object Storage to ERP SFTP,01.01.0000,fetchFilesFromObjectStorage(i0),Adapter_Invoke,,,,/n/{namespaceName}/b/{bucketName}/o,TSGTOBJECTSTORAG_CONN,fetchFilesFromObjectStorage,
TSG_MOV_FIL_FRO_OBJ_STO_TO_ERP_S_01.01.0000.iar.yaml,TSG_MOV_FIL_FRO_OBJ_STO_TO_ERP_S|01.01.0000,TSG_MOV_FIL_FRO_OBJ_STO_TO_ERP_S,TSGT Move Files from Object Storage to ERP SFTP,01.01.0000,getLookUpData(i10),Adapter_Invoke,,,,/api/integration/v1/lookups/{name}/archive,TSGTRESTOI_CONN_WACS,getLookUpData,
TSG_MOV_FIL_FRO_OBJ_STO_TO_ERP_S_01.01.0000.iar.yaml,TSG_MOV_FIL_FRO_OBJ_STO_TO_ERP_S|01.01.0000,TSG_MOV_FIL_FRO_OBJ_STO_TO_ERP_S,TSGT Move Files from Object Storage to ERP SFTP,01.01.0000,moveEachFileToArchiveBucket(i3),Adapter_Invoke,,,,/n/{namespaceName}/b/{bucketName}/o/{objectName},TSGTOBJECTSTORAG_CONN,moveEachFileToArchiveBucket,
TSG_MOV_FIL_FRO_OBJ_STO_TO_ERP_S_01.01.0000.iar.yaml,TSG_MOV_FIL_FRO_OBJ_STO_TO_ERP_S|01.01.0000,TSG_MOV_FIL_FRO_OBJ_STO_TO_ERP_S,TSGT Move Files from Object Storage to ERP SFTP,01.01.0000,moveEachFileToErrorBucket(i4),Adapter_Invoke,,,,/n/{namespaceName}/b/{bucketName}/o/{objectName},TSGTOBJECTSTORAG_CONN,moveEachFileToErrorBucket,
TSG_MOV_FIL_FRO_OBJ_STO_TO_ERP_S_01.01.0000.iar.yaml,TSG_MOV_FIL_FRO_OBJ_STO_TO_ERP_S|01.01.0000,TSG_MOV_FIL_FRO_OBJ_STO_TO_ERP_S,TSGT Move Files from Object Storage to ERP SFTP,01.01.0000,moveFileToSFTP(i2),Adapter_Invoke,,,,,TSGTFTP_CONN,moveFileToSFTP,
TSG_MOV_FIL_FRO_OBJ_STO_TO_ERP_S_01.01.0000.iar.yaml,TSG_MOV_FIL_FRO_OBJ_STO_TO_ERP_S|01.01.0000,TSG_MOV_FIL_FRO_OBJ_STO_TO_ERP_S,TSGT Move Files from Object Storage to ERP SFTP,01.01.0000,readEachFileFromObjectStorage(i1),Adapter_Invoke,,,,/n/{namespaceName}/b/{bucketName}/o/{objectName},TSGTOBJECTSTORAG_CONN,readEachFileFromObjectStorage,
TSG_STO_ITE_DET_CRE_SYN_SCM_TO_W_01.01.0005.iar.yaml,TSG_STO_ITE_DET_CRE_SYN_SCM_TO_W|01.01.0005,TSG_STO_ITE_DET_CRE_SYN_SCM_TO_W,TSGT Stock Item Details Creation Sync SCM to WACS,01.01.0005,sendNotification(i1),IntegrationAction,TSGT_ENTERPRISENOTIFI,01.00.0000,TSGT EnterpriseNotificationService,/send,PRESEEDED_COLLOCATED_CONN_1741,sendNotification,
TSG_STO_ITE_DET_CRE_SYN_SCM_TO_W_01.01.0005.iar.yaml,TSG_STO_ITE_DET_CRE_SYN_SCM_TO_W|01.01.0005,TSG_STO_ITE_DET_CRE_SYN_SCM_TO_W,TSGT Stock Item Details Creation Sync SCM to WACS,01.01.0005,invokeStockItemDetailWACSIWS(i0),Adapter_Invoke,,,,https://us-phoenix-1.stg.utilities-cloud.oracleindustry.com:443/c2g65p/test/wac/rest/apis/cm/general/StockItemDetail/StockItemDetail,OUTL-BRT-REST-WACS_WACSERPPIM,invokeStockItemDetailWACSIWS,
TSG_STO_ITE_DET_UPD_SYN_SCM_WACS_01.01.0005.iar.yaml,TSG_STO_ITE_DET_UPD_SYN_SCM_WACS|01.01.0005,TSG_STO_ITE_DET_UPD_SYN_SCM_WACS,TSGT Stock Item Details Update Sync SCM to WACS,01.01.0005,sendNotification(i1),IntegrationAction,TSGT_ENTERPRISENOTIFI,01.00.0000,TSGT EnterpriseNotificationService,/send,PRESEEDED_COLLOCATED_CONN_1741,sendNotification,
TSG_STO_ITE_DET_UPD_SYN_SCM_WACS_01.01.0005.iar.yaml,TSG_STO_ITE_DET_UPD_SYN_SCM_WACS|01.01.0005,TSG_STO_ITE_DET_UPD_SYN_SCM_WACS,TSGT Stock Item Details Update Sync SCM to WACS,01.01.0005,WACS_StockItem(i2),Adapter_Invoke,,,,https://us-phoenix-1.stg.utilities-cloud.oracleindustry.com:443/c2g65p/test/wac/rest/apis/cm/general/StockItemDetail/StockItemDetail,OUTL-BRT-REST-WACS_WACSERPPIM,WACS_StockItem,
WACS_CONNECTION_TEST_01.00.0000.iar.yaml,WACS_CONNECTION_TEST|01.00.0000,WACS_CONNECTION_TEST,WACS Connection test,01.00.0000,sendNotification(i4),IntegrationAction,TSGT_ENTERPRISENOTIFI,01.00.0000,TSGT EnterpriseNotificationService,/send,PRESEEDED_COLLOCATED_CONN_1741,sendNotification,
