source_file,source_integration,source_integration_code,source_integration_name,source_integration_version,invoke,call_type,target_integration_code,target_version,target_integration_name,resource_uri,adapter_code,application_name,error
TSGTADAPT2ARINV_INTGSERVIC_IB_01.00.0000.iar.yaml,TSGTADAPT2ARINV_INTGSERVIC_IB|01.00.0000,TSGTADAPT2ARINV_INTGSERVIC_IB,TSGTAdapt2ARInvoice_IntgService_IB,01.00.0000,InvokeCommonLauncher(i0),IntegrationAction,TSGTCMNLAUNCHERF_SERVICE,01.00.0000,TSGTCmnLauncherFwk_Service,/invokeLauncher,PRESEEDED_COLLOCATED_CONN_1741,InvokeCommonLauncher,
TSGTADAPT2ARINV_INTGSERVIC_IB_01.00.0000.iar.yaml,TSGTADAPT2ARINV_INTGSERVIC_IB|01.00.0000,TSGTADAPT2ARINV_INTGSERVIC_IB,TSGTAdapt2ARInvoice_IntgService_IB,01.00.0000,SendNotification(i1),IntegrationAction,TSGTCMNNOTIFICAT_SERVICE,01.00.0000,TSGTCmnNotificationFwk_Service,/Notify,PRESEEDED_COLLOCATED_CONN_1741,SendNotification,
TSGTADAPT2ARINV_INTGSERVIC_IB_01.00.0000.iar.yaml,TSGTADAPT2ARINV_INTGSERVIC_IB|01.00.0000,TSGTADAPT2ARINV_INTGSERVIC_IB,TSGTAdapt2ARInvoice_IntgService_IB,01.00.0000,GetMetadataFromBO(i3),Adapter_Invoke,,,,/FWKOUTBOUNDINTGMETADATA,TSGTRESTVBCSBO_CONN,GetMetadataFromBO,
TSGTCMNAPPCOMPOS_SERVICE_01.00.0000.iar.yaml,TSGTCMNAPPCOMPOS_SERVICE|01.00.0000,TSGTCMNAPPCOMPOS_SERVICE,TSGTCmnAppComposerObjUpdate_Service,01.00.0000,GetFieldDetails(i0),Adapter_Invoke,,,,/fscmRestApi/resources/latest/{CustomObject},TSGTRESTERPCLOUD_CONN,GetFieldDetails,
TSGTCMNAPPCOMPOS_SERVICE_01.00.0000.iar.yaml,TSGTCMNAPPCOMPOS_SERVICE|01.00.0000,TSGTCMNAPPCOMPOS_SERVICE,TSGTCmnAppComposerObjUpdate_Service,01.00.0000,UpdateRESTAPI(i1),Adapter_Invoke,,,,/fscmRestApi/resources/latest,TSGTRESTERPCLOUD_CONN,UpdateRESTAPI,
TSGTCMNARERPORCH_SERVICE_01.00.0000.iar.yaml,TSGTCMNARERPORCH_SERVICE|01.00.0000,TSGTCMNARERPORCH_SERVICE,TSGTCmnARErpOrchestratorIbFwk_Service,01.00.0000,InvokeErrorHandlerService(i14),IntegrationAction,HC_CMN_NOTIFICA_SERVICE,01.00.0000,,/Notify,PRESEEDED_COLLOCATED_CONN_1741,InvokeErrorHandlerService,
TSGTCMNARERPORCH_SERVICE_01.00.0000.iar.yaml,TSGTCMNARERPORCH_SERVICE|01.00.0000,TSGTCMNARERPORCH_SERVICE,TSGTCmnARErpOrchestratorIbFwk_Service,01.00.0000,UpdateResultFileReport(i22),IntegrationAction,TSGTCMNFILEREFER_SERVICE,01.00.0000,TSGTCmnFileReferencetoObjectStorage_Service,/getFileFromObjectStorage,PRESEEDED_COLLOCATED_CONN_1741,UpdateResultFileReport,
TSGTCMNARERPORCH_SERVICE_01.00.0000.iar.yaml,TSGTCMNARERPORCH_SERVICE|01.00.0000,TSGTCMNARERPORCH_SERVICE,TSGTCmnARErpOrchestratorIbFwk_Service,01.00.0000,SendFailedEmailNotification(i11),IntegrationAction,TSGTCMNNOTIFICAT_SERVICE,01.00.0000,TSGTCmnNotificationFwk_Service,/Notify,PRESEEDED_COLLOCATED_CONN_1741,SendFailedEmailNotification,
TSGTCMNARERPORCH_SERVICE_01.00.0000.iar.yaml,TSGTCMNARERPORCH_SERVICE|01.00.0000,TSGTCMNARERPORCH_SERVICE,TSGTCmnARErpOrchestratorIbFwk_Service,01.00.0000,SendNotification(i15),IntegrationAction,TSGTCMNNOTIFICAT_SERVICE,01.00.0000,TSGTCmnNotificationFwk_Service,/Notify,PRESEEDED_COLLOCATED_CONN_1741,SendNotification,
TSGTCMNARERPORCH_SERVICE_01.00.0000.iar.yaml,TSGTCMNARERPORCH_SERVICE|01.00.0000,TSGTCMNARERPORCH_SERVICE,TSGTCmnARErpOrchestratorIbFwk_Service,01.00.0000,MoveFileToArchiveBucket(i18),IntegrationAction,TSGTCMNSRCOBJSTOTGTOBJSMO_SERVIC,01.00.0000,TSGTCmnSrcObjStorageToTgtObjStorageMove_Service,/getFileFromObjectStorage,PRESEEDED_COLLOCATED_CONN_1741,MoveFileToArchiveBucket,
TSGTCMNARERPORCH_SERVICE_01.00.0000.iar.yaml,TSGTCMNARERPORCH_SERVICE|01.00.0000,TSGTCMNARERPORCH_SERVICE,TSGTCmnARErpOrchestratorIbFwk_Service,01.00.0000,MoveFileToErrorBucket(i17),IntegrationAction,TSGTCMNSRCOBJSTOTGTOBJSMO_SERVIC,01.00.0000,TSGTCmnSrcObjStorageToTgtObjStorageMove_Service,/getFileFromObjectStorage,PRESEEDED_COLLOCATED_CONN_1741,MoveFileToErrorBucket,
TSGTCMNARERPORCH_SERVICE_01.00.0000.iar.yaml,TSGTCMNARERPORCH_SERVICE|01.00.0000,TSGTCMNARERPORCH_SERVICE,TSGTCmnARErpOrchestratorIbFwk_Service,01.00.0000,InvokeLoggerService-Initiation(i7),IntegrationAction,TSGTCMNUPSERTINS_SERVICE,01.00.0000,TSGTCmnUpsertInstanceTransaction_Service,/UpsertInstanceTransaction,PRESEEDED_COLLOCATED_CONN_1741,InvokeLoggerService-Initiation,
TSGTCMNARERPORCH_SERVICE_01.00.0000.iar.yaml,TSGTCMNARERPORCH_SERVICE|01.00.0000,TSGTCMNARERPORCH_SERVICE,TSGTCmnARErpOrchestratorIbFwk_Service,01.00.0000,UpdateESSJobId(i0),IntegrationAction,TSGTCMNUPSERTINS_SERVICE,01.00.0000,TSGTCmnUpsertInstanceTransaction_Service,/UpsertInstanceTransaction,PRESEEDED_COLLOCATED_CONN_1741,UpdateESSJobId,
TSGTCMNARERPORCH_SERVICE_01.00.0000.iar.yaml,TSGTCMNARERPORCH_SERVICE|01.00.0000,TSGTCMNARERPORCH_SERVICE,TSGTCmnARErpOrchestratorIbFwk_Service,01.00.0000,UpddateTransactionAndInstanceStatus(i10),IntegrationAction,TSGTCMNUPSERTINS_SERVICE,01.00.0000,TSGTCmnUpsertInstanceTransaction_Service,/UpsertInstanceTransaction,PRESEEDED_COLLOCATED_CONN_1741,UpddateTransactionAndInstanceStatus,
TSGTCMNARERPORCH_SERVICE_01.00.0000.iar.yaml,TSGTCMNARERPORCH_SERVICE|01.00.0000,TSGTCMNARERPORCH_SERVICE,TSGTCmnARErpOrchestratorIbFwk_Service,01.00.0000,ERP-BulkARInvoiceImport(i2),Adapter_Invoke,,,,,TSGTERPCLOUD_CONN,ERP-BulkARInvoiceImport,
TSGTCMNARERPORCH_SERVICE_01.00.0000.iar.yaml,TSGTCMNARERPORCH_SERVICE|01.00.0000,TSGTCMNARERPORCH_SERVICE,TSGTCmnARErpOrchestratorIbFwk_Service,01.00.0000,GetARInterfaceDistributionsData(i20),Adapter_Invoke,,,,,TSGTATPCLOUDDB_CONN,GetARInterfaceDistributionsData,
TSGTCMNARERPORCH_SERVICE_01.00.0000.iar.yaml,TSGTCMNARERPORCH_SERVICE|01.00.0000,TSGTCMNARERPORCH_SERVICE,TSGTCmnARErpOrchestratorIbFwk_Service,01.00.0000,GetARInterfaceLinesData(i19),Adapter_Invoke,,,,,TSGTATPCLOUDDB_CONN,GetARInterfaceLinesData,
TSGTCMNARERPORCH_SERVICE_01.00.0000.iar.yaml,TSGTCMNARERPORCH_SERVICE|01.00.0000,TSGTCMNARERPORCH_SERVICE,TSGTCmnARErpOrchestratorIbFwk_Service,01.00.0000,GetBusinessUnitIdentifier(i21),Adapter_Invoke,,,,,TSGTATPCLOUDDB_CONN,GetBusinessUnitIdentifier,
TSGTCMNARERPORCH_SERVICE_01.00.0000.iar.yaml,TSGTCMNARERPORCH_SERVICE|01.00.0000,TSGTCMNARERPORCH_SERVICE,TSGTCmnARErpOrchestratorIbFwk_Service,01.00.0000,GetCallbackStatus(i3),Adapter_Invoke,,,,/Logger/{Logger_Id}/action/getESSJobStatus,TSGTRESTVBCSBO_CONN,GetCallbackStatus,
TSGTCMNARERPORCH_SERVICE_01.00.0000.iar.yaml,TSGTCMNARERPORCH_SERVICE|01.00.0000,TSGTCMNARERPORCH_SERVICE,TSGTCmnARErpOrchestratorIbFwk_Service,01.00.0000,GetFailedRecordsReport(i8),Adapter_Invoke,,,,,TSGTSOAPERPBIP_CONN,GetFailedRecordsReport,
TSGTCMNARERPORCH_SERVICE_01.00.0000.iar.yaml,TSGTCMNARERPORCH_SERVICE|01.00.0000,TSGTCMNARERPORCH_SERVICE,TSGTCmnARErpOrchestratorIbFwk_Service,01.00.0000,GetFailedRecordsReportAsAttachment(i12),Adapter_Invoke,,,,,TSGTSOAPERPBIP_CONN,GetFailedRecordsReportAsAttachment,
TSGTCMNARERPORCH_SERVICE_01.00.0000.iar.yaml,TSGTCMNARERPORCH_SERVICE|01.00.0000,TSGTCMNARERPORCH_SERVICE,TSGTCmnARErpOrchestratorIbFwk_Service,01.00.0000,GetInstanceDetails(i4),Adapter_Invoke,,,,/Instances,TSGTRESTVBCSBO_CONN,GetInstanceDetails,
TSGTCMNARERPORCH_SERVICE_01.00.0000.iar.yaml,TSGTCMNARERPORCH_SERVICE|01.00.0000,TSGTCMNARERPORCH_SERVICE,TSGTCmnARErpOrchestratorIbFwk_Service,01.00.0000,GetInstanceDtls(i13),Adapter_Invoke,,,,/Instances,TSGTRESTVBCSBO_CONN,GetInstanceDtls,
TSGTCMNARERPORCH_SERVICE_01.00.0000.iar.yaml,TSGTCMNARERPORCH_SERVICE|01.00.0000,TSGTCMNARERPORCH_SERVICE,TSGTCmnARErpOrchestratorIbFwk_Service,01.00.0000,GetMetadataInfo(i1),Adapter_Invoke,,,,/FWKINBOUNDINTGMETADATA,TSGTRESTVBCSBO_CONN,GetMetadataInfo,
TSGTCMNARERPORCH_SERVICE_01.00.0000.iar.yaml,TSGTCMNARERPORCH_SERVICE|01.00.0000,TSGTCMNARERPORCH_SERVICE,TSGTCmnARErpOrchestratorIbFwk_Service,01.00.0000,GetSuccessRecordsReport(i6),Adapter_Invoke,,,,,TSGTSOAPERPBIP_CONN,GetSuccessRecordsReport,
TSGTCMNARERPORCH_SERVICE_01.00.0000.iar.yaml,TSGTCMNARERPORCH_SERVICE|01.00.0000,TSGTCMNARERPORCH_SERVICE,TSGTCmnARErpOrchestratorIbFwk_Service,01.00.0000,GetSuccessRecordsReportAttachment(i9),Adapter_Invoke,,,,,TSGTSOAPERPBIP_CONN,GetSuccessRecordsReportAttachment,
TSGTCMNARERPORCH_SERVICE_01.00.0000.iar.yaml,TSGTCMNARERPORCH_SERVICE|01.00.0000,TSGTCMNARERPORCH_SERVICE,TSGTCmnARErpOrchestratorIbFwk_Service,01.00.0000,GetTotalProcesssedCount(i5),Adapter_Invoke,,,,,TSGTSOAPERPBIP_CONN,GetTotalProcesssedCount,
TSGTCMNARERPORCH_SERVICE_01.00.0000.iar.yaml,TSGTCMNARERPORCH_SERVICE|01.00.0000,TSGTCMNARERPORCH_SERVICE,TSGTCmnARErpOrchestratorIbFwk_Service,01.00.0000,MoveFBDIZipFileToEnrichedBucket(i16),Adapter_Invoke,,,,/n/{namespace}/b/{bucketName}/o/{objectName},TSGTOBJECTSTORAG_CONN,MoveFBDIZipFileToEnrichedBucket,
TSGTCMNERPCALLBACKIBFWK_SERVICE_01.00.0000.iar.yaml,TSGTCMNERPCALLBACKIBFWK_SERVICE|01.00.0000,TSGTCMNERPCALLBACKIBFWK_SERVICE,TSGTCmnErpCallbackIbFwk_Service,01.00.0000,SendNotification(i9),IntegrationAction,TSGTCMNNOTIFICAT_SERVICE,01.00.0000,TSGTCmnNotificationFwk_Service,/Notify,PRESEEDED_COLLOCATED_CONN_1741,SendNotification,
TSGTCMNERPCALLBACKIBFWK_SERVICE_01.00.0000.iar.yaml,TSGTCMNERPCALLBACKIBFWK_SERVICE|01.00.0000,TSGTCMNERPCALLBACKIBFWK_SERVICE,TSGTCmnErpCallbackIbFwk_Service,01.00.0000,UpdateCallbackSuccessStatus(i1),IntegrationAction,TSGTCMNUPSERTINS_SERVICE,01.00.0000,TSGTCmnUpsertInstanceTransaction_Service,/UpsertInstanceTransaction,PRESEEDED_COLLOCATED_CONN_1741,UpdateCallbackSuccessStatus,
TSGTCMNERPCALLBACKIBFWK_SERVICE_01.00.0000.iar.yaml,TSGTCMNERPCALLBACKIBFWK_SERVICE|01.00.0000,TSGTCMNERPCALLBACKIBFWK_SERVICE,TSGTCmnErpCallbackIbFwk_Service,01.00.0000,UpdateInitialLog(i13),IntegrationAction,TSGTCMNUPSERTINS_SERVICE,01.00.0000,TSGTCmnUpsertInstanceTransaction_Service,/UpsertInstanceTransaction,PRESEEDED_COLLOCATED_CONN_1741,UpdateInitialLog,
TSGTCMNERPCALLBACKIBFWK_SERVICE_01.00.0000.iar.yaml,TSGTCMNERPCALLBACKIBFWK_SERVICE|01.00.0000,TSGTCMNERPCALLBACKIBFWK_SERVICE,TSGTCmnErpCallbackIbFwk_Service,01.00.0000,UpdateInstanceErrorLog(i2),IntegrationAction,TSGTCMNUPSERTINS_SERVICE,01.00.0000,TSGTCmnUpsertInstanceTransaction_Service,/UpsertInstanceTransaction,PRESEEDED_COLLOCATED_CONN_1741,UpdateInstanceErrorLog,
TSGTCMNERPCALLBACKIBFWK_SERVICE_01.00.0000.iar.yaml,TSGTCMNERPCALLBACKIBFWK_SERVICE|01.00.0000,TSGTCMNERPCALLBACKIBFWK_SERVICE,TSGTCmnErpCallbackIbFwk_Service,01.00.0000,UpdateTransactionAndInstancesLog(i14),IntegrationAction,TSGTCMNUPSERTINS_SERVICE,01.00.0000,TSGTCmnUpsertInstanceTransaction_Service,/UpsertInstanceTransaction,PRESEEDED_COLLOCATED_CONN_1741,UpdateTransactionAndInstancesLog,
TSGTCMNERPCALLBACKIBFWK_SERVICE_01.00.0000.iar.yaml,TSGTCMNERPCALLBACKIBFWK_SERVICE|01.00.0000,TSGTCMNERPCALLBACKIBFWK_SERVICE,TSGTCmnErpCallbackIbFwk_Service,01.00.0000,GetInboundMetadataFrmBO(i6),Adapter_Invoke,,,,/FWKINBOUNDINTGMETADATA,TSGTRESTVBCSBO_CONN,GetInboundMetadataFrmBO,
TSGTCMNERPCALLBACKIBFWK_SERVICE_01.00.0000.iar.yaml,TSGTCMNERPCALLBACKIBFWK_SERVICE|01.00.0000,TSGTCMNERPCALLBACKIBFWK_SERVICE,TSGTCmnErpCallbackIbFwk_Service,01.00.0000,GetTransactionDetail(i8),Adapter_Invoke,,,,/Transactions,TSGTRESTVBCSBO_CONN,GetTransactionDetail,
TSGTCMNERPCALLBACKIBFWK_SERVICE_01.00.0000.iar.yaml,TSGTCMNERPCALLBACKIBFWK_SERVICE|01.00.0000,TSGTCMNERPCALLBACKIBFWK_SERVICE,TSGTCmnErpCallbackIbFwk_Service,01.00.0000,GetTransactionId(i12),Adapter_Invoke,,,,/Instances,TSGTRESTVBCSBO_CONN,GetTransactionId,
TSGTCMNERPCALLBA_SERVICE_01.02.0000.iar.yaml,TSGTCMNERPCALLBA_SERVICE|01.02.0000,TSGTCMNERPCALLBA_SERVICE,TSGTCmnErpCallbackObFwk_Service,01.02.0000,InvokeCommonErrorNotification_6(i21),IntegrationAction,CIF_UTIL_CMN_NOTIFI_SERVIC,01.00.0001,,/notification,PRESEEDED_COLLOCATED_CONN_1741,InvokeCommonErrorNotification_6,
TSGTCMNERPCALLBA_SERVICE_01.02.0000.iar.yaml,TSGTCMNERPCALLBA_SERVICE|01.02.0000,TSGTCMNERPCALLBA_SERVICE,TSGTCmnErpCallbackObFwk_Service,01.02.0000,InvokeDispatcher(i43),IntegrationAction,TSGTCMNERPSFTPDISPOBFWK_SERVICE,01.00.0000,TSGTCmnErpSftpDispatcherObFwk_Service,/dispatcher,PRESEEDED_COLLOCATED_CONN_1741,InvokeDispatcher,
TSGTCMNERPCALLBA_SERVICE_01.02.0000.iar.yaml,TSGTCMNERPCALLBA_SERVICE|01.02.0000,TSGTCMNERPCALLBA_SERVICE,TSGTCmnErpCallbackObFwk_Service,01.02.0000,NotifyFailedReportExtraction(i26),IntegrationAction,TSGTCMNNOTIFICAT_SERVICE,01.00.0000,TSGTCmnNotificationFwk_Service,/Notify,PRESEEDED_COLLOCATED_CONN_1741,NotifyFailedReportExtraction,
TSGTCMNERPCALLBA_SERVICE_01.02.0000.iar.yaml,TSGTCMNERPCALLBA_SERVICE|01.02.0000,TSGTCMNERPCALLBA_SERVICE,TSGTCmnErpCallbackObFwk_Service,01.02.0000,UpdateInitLog(i8),IntegrationAction,TSGTCMNUPSERTINS_SERVICE,01.00.0000,TSGTCmnUpsertInstanceTransaction_Service,/UpsertInstanceTransaction,PRESEEDED_COLLOCATED_CONN_1741,UpdateInitLog,
TSGTCMNERPCALLBA_SERVICE_01.02.0000.iar.yaml,TSGTCMNERPCALLBA_SERVICE|01.02.0000,TSGTCMNERPCALLBA_SERVICE,TSGTCmnErpCallbackObFwk_Service,01.02.0000,UpdateInstanceBOStatus(i3),IntegrationAction,TSGTCMNUPSERTINS_SERVICE,01.00.0000,TSGTCmnUpsertInstanceTransaction_Service,/UpsertInstanceTransaction,PRESEEDED_COLLOCATED_CONN_1741,UpdateInstanceBOStatus,
TSGTCMNERPCALLBA_SERVICE_01.02.0000.iar.yaml,TSGTCMNERPCALLBA_SERVICE|01.02.0000,TSGTCMNERPCALLBA_SERVICE,TSGTCmnErpCallbackObFwk_Service,01.02.0000,DeleteFileFromUCM(i2),Adapter_Invoke,,,,,TSGTSOAPORCLGENE_CONN,DeleteFileFromUCM,
TSGTCMNERPCALLBA_SERVICE_01.02.0000.iar.yaml,TSGTCMNERPCALLBA_SERVICE|01.02.0000,TSGTCMNERPCALLBA_SERVICE,TSGTCmnErpCallbackObFwk_Service,01.02.0000,GetDocument(i0),Adapter_Invoke,,,,,TSGTERPCLOUD_CONN,GetDocument,
TSGTCMNERPCALLBA_SERVICE_01.02.0000.iar.yaml,TSGTCMNERPCALLBA_SERVICE|01.02.0000,TSGTCMNERPCALLBA_SERVICE,TSGTCmnErpCallbackObFwk_Service,01.02.0000,GetDocumentSoapGeneric(i6),Adapter_Invoke,,,,,TSGTSOAPORCLGENE_CONN,GetDocumentSoapGeneric,
TSGTCMNERPCALLBA_SERVICE_01.02.0000.iar.yaml,TSGTCMNERPCALLBA_SERVICE|01.02.0000,TSGTCMNERPCALLBA_SERVICE,TSGTCmnErpCallbackObFwk_Service,01.02.0000,GetInstanceCountFromBO(i25),Adapter_Invoke,,,,/Logger/{Logger_Id}/action/getInstanceCount,TSGTRESTVBCSBO_CONN,GetInstanceCountFromBO,
TSGTCMNERPCALLBA_SERVICE_01.02.0000.iar.yaml,TSGTCMNERPCALLBA_SERVICE|01.02.0000,TSGTCMNERPCALLBA_SERVICE,TSGTCmnErpCallbackObFwk_Service,01.02.0000,GetLastRunDateBIP(i5),Adapter_Invoke,,,,,TSGTSOAPERPBIP_CONN,GetLastRunDateBIP,
TSGTCMNERPCALLBA_SERVICE_01.02.0000.iar.yaml,TSGTCMNERPCALLBA_SERVICE|01.02.0000,TSGTCMNERPCALLBA_SERVICE,TSGTCmnErpCallbackObFwk_Service,01.02.0000,GetMetadataFromBO(i12),Adapter_Invoke,,,,/FWKOUTBOUNDINTGMETADATA,TSGTRESTVBCSBO_CONN,GetMetadataFromBO,
TSGTCMNERPCALLBA_SERVICE_01.02.0000.iar.yaml,TSGTCMNERPCALLBA_SERVICE|01.02.0000,TSGTCMNERPCALLBA_SERVICE,TSGTCmnErpCallbackObFwk_Service,01.02.0000,GetTransactionId(i1),Adapter_Invoke,,,,/Instances,TSGTRESTVBCSBO_CONN,GetTransactionId,
TSGTCMNERPCALLBA_SERVICE_01.02.0000.iar.yaml,TSGTCMNERPCALLBA_SERVICE|01.02.0000,TSGTCMNERPCALLBA_SERVICE,TSGTCmnErpCallbackObFwk_Service,01.02.0000,GetTransactionTypeId(i4),Adapter_Invoke,,,,/Transactions,TSGTRESTVBCSBO_CONN,GetTransactionTypeId,
TSGTCMNERPCALLBA_SERVICE_01.02.0000.iar.yaml,TSGTCMNERPCALLBA_SERVICE|01.02.0000,TSGTCMNERPCALLBA_SERVICE,TSGTCmnErpCallbackObFwk_Service,01.02.0000,GetTransaction_ID(i13),Adapter_Invoke,,,,/Instances,TSGTRESTVBCSBO_CONN,GetTransaction_ID,
TSGTCMNERPCALLBA_SERVICE_01.02.0000.iar.yaml,TSGTCMNERPCALLBA_SERVICE|01.02.0000,TSGTCMNERPCALLBA_SERVICE,TSGTCmnErpCallbackObFwk_Service,01.02.0000,Get_Transaction_Id(i24),Adapter_Invoke,,,,/Transactions,TSGTRESTVBCSBO_CONN,Get_Transaction_Id,
TSGTCMNERPCALLBA_SERVICE_01.02.0000.iar.yaml,TSGTCMNERPCALLBA_SERVICE|01.02.0000,TSGTCMNERPCALLBA_SERVICE,TSGTCmnErpCallbackObFwk_Service,01.02.0000,UpdateLastRunDateInBO(i9),Adapter_Invoke,,,,/FWKOUTBOUNDINTGMETADATA/{id},TSGTRESTVBCSBO_CONN,UpdateLastRunDateInBO,
TSGTCMNERPCALLBA_SERVICE_01.02.0000.iar.yaml,TSGTCMNERPCALLBA_SERVICE|01.02.0000,TSGTCMNERPCALLBA_SERVICE,TSGTCmnErpCallbackObFwk_Service,01.02.0000,UpdateTransactionBO(i7),Adapter_Invoke,,,,/Logger/{Logger_Id}/action/updateTransaction,TSGTRESTVBCSBO_CONN,UpdateTransactionBO,
TSGTCMNERPCALLBA_SERVICE_01.02.0000.iar.yaml,TSGTCMNERPCALLBA_SERVICE|01.02.0000,TSGTCMNERPCALLBA_SERVICE,TSGTCmnErpCallbackObFwk_Service,01.02.0000,UploadDocFileToArchiveBucket(i23),Adapter_Invoke,,,,/n/{nameSpaceName}/b/{bucketName}/o/{objectName},TSGTOBJECTSTORAG_CONN,UploadDocFileToArchiveBucket,
TSGTCMNERPCALLBA_SERVICE_01.02.0000.iar.yaml,TSGTCMNERPCALLBA_SERVICE|01.02.0000,TSGTCMNERPCALLBA_SERVICE,TSGTCmnErpCallbackObFwk_Service,01.02.0000,getnodatafoundFile(i30),Adapter_Invoke,,,,,TSGTSOAPORCLGENE_CONN,getnodatafoundFile,
TSGTCMNERPDATASY_SERVICE_01.00.0000.iar.yaml,TSGTCMNERPDATASY_SERVICE|01.00.0000,TSGTCMNERPDATASY_SERVICE,TSGTCmnErpDataSyncDispatcherObFwk_Service,01.00.0000,InsertintoOBStagetable(i15),IntegrationAction,TSGTCMNERPDISPAT_SERVICE,01.00.0000,TSGTCmnErpDispatcherDataInsertObFwk_Service,/insertOBStage/,PRESEEDED_COLLOCATED_CONN_1741,InsertintoOBStagetable,
TSGTCMNERPDATASY_SERVICE_01.00.0000.iar.yaml,TSGTCMNERPDATASY_SERVICE|01.00.0000,TSGTCMNERPDATASY_SERVICE,TSGTCmnErpDataSyncDispatcherObFwk_Service,01.00.0000,InvokeNotificationService(i13),IntegrationAction,TSGTCMNNOTIFICAT_SERVICE,01.00.0000,TSGTCmnNotificationFwk_Service,/Notify,PRESEEDED_COLLOCATED_CONN_1741,InvokeNotificationService,
TSGTCMNERPDATASY_SERVICE_01.00.0000.iar.yaml,TSGTCMNERPDATASY_SERVICE|01.00.0000,TSGTCMNERPDATASY_SERVICE,TSGTCmnErpDataSyncDispatcherObFwk_Service,01.00.0000,UpdInstanceBOStat(i12),IntegrationAction,TSGTCMNUPSERTINS_SERVICE,01.00.0000,TSGTCmnUpsertInstanceTransaction_Service,/UpsertInstanceTransaction,PRESEEDED_COLLOCATED_CONN_1741,UpdInstanceBOStat,
TSGTCMNERPDATASY_SERVICE_01.00.0000.iar.yaml,TSGTCMNERPDATASY_SERVICE|01.00.0000,TSGTCMNERPDATASY_SERVICE,TSGTCmnErpDataSyncDispatcherObFwk_Service,01.00.0000,UpdateInitLog(i2),IntegrationAction,TSGTCMNUPSERTINS_SERVICE,01.00.0000,TSGTCmnUpsertInstanceTransaction_Service,/UpsertInstanceTransaction,PRESEEDED_COLLOCATED_CONN_1741,UpdateInitLog,
TSGTCMNERPDATASY_SERVICE_01.00.0000.iar.yaml,TSGTCMNERPDATASY_SERVICE|01.00.0000,TSGTCMNERPDATASY_SERVICE,TSGTCmnErpDataSyncDispatcherObFwk_Service,01.00.0000,UpdateInstanceBOStatus(i7),IntegrationAction,TSGTCMNUPSERTINS_SERVICE,01.00.0000,TSGTCmnUpsertInstanceTransaction_Service,/UpsertInstanceTransaction,PRESEEDED_COLLOCATED_CONN_1741,UpdateInstanceBOStatus,
TSGTCMNERPDATASY_SERVICE_01.00.0000.iar.yaml,TSGTCMNERPDATASY_SERVICE|01.00.0000,TSGTCMNERPDATASY_SERVICE,TSGTCmnErpDataSyncDispatcherObFwk_Service,01.00.0000,UpdateTransactionAndInstanceLog(i4),IntegrationAction,TSGTCMNUPSERTINS_SERVICE,01.00.0000,TSGTCmnUpsertInstanceTransaction_Service,/UpsertInstanceTransaction,PRESEEDED_COLLOCATED_CONN_1741,UpdateTransactionAndInstanceLog,
TSGTCMNERPDATASY_SERVICE_01.00.0000.iar.yaml,TSGTCMNERPDATASY_SERVICE|01.00.0000,TSGTCMNERPDATASY_SERVICE,TSGTCmnErpDataSyncDispatcherObFwk_Service,01.00.0000,ErrorHandler(i11),IntegrationAction,UIC_CMN_ERRORHAN_SERVICE,01.00.0001,,https://prod-axeufspbztar-px.integration.ocp.oraclecloud.com:443/ic/api/integration/v1/flows/rest/UIC_CMN_ERRORHAN_SERVICE/1.0/ErrorHandler,PRESEEDED_COLLOCATED_CONN_1741,ErrorHandler,
TSGTCMNERPDATASY_SERVICE_01.00.0000.iar.yaml,TSGTCMNERPDATASY_SERVICE|01.00.0000,TSGTCMNERPDATASY_SERVICE,TSGTCmnErpDataSyncDispatcherObFwk_Service,01.00.0000,GetFileFromBucket(i14),Adapter_Invoke,,,,/n/{nameSpaceName}/b/{bucketName}/o/{objectName},TSGTOBJECTSTORAG_CONN,GetFileFromBucket,
TSGTCMNERPDATASY_SERVICE_01.00.0000.iar.yaml,TSGTCMNERPDATASY_SERVICE|01.00.0000,TSGTCMNERPDATASY_SERVICE,TSGTCmnErpDataSyncDispatcherObFwk_Service,01.00.0000,GetInstanceCount(i9),Adapter_Invoke,,,,/Logger/{Logger_Id}/action/getInstanceCount,TSGTRESTVBCSBO_CONN,GetInstanceCount,
TSGTCMNERPDATASY_SERVICE_01.00.0000.iar.yaml,TSGTCMNERPDATASY_SERVICE|01.00.0000,TSGTCMNERPDATASY_SERVICE,TSGTCmnErpDataSyncDispatcherObFwk_Service,01.00.0000,GetInstanceDetails(i6),Adapter_Invoke,,,,/Instances,TSGTRESTVBCSBO_CONN,GetInstanceDetails,
TSGTCMNERPDATASY_SERVICE_01.00.0000.iar.yaml,TSGTCMNERPDATASY_SERVICE|01.00.0000,TSGTCMNERPDATASY_SERVICE,TSGTCmnErpDataSyncDispatcherObFwk_Service,01.00.0000,GetInstanceDetailsForReprocess(i10),Adapter_Invoke,,,,/Instances,TSGTRESTVBCSBO_CONN,GetInstanceDetailsForReprocess,
TSGTCMNERPDATASY_SERVICE_01.00.0000.iar.yaml,TSGTCMNERPDATASY_SERVICE|01.00.0000,TSGTCMNERPDATASY_SERVICE,TSGTCmnErpDataSyncDispatcherObFwk_Service,01.00.0000,GetInstanceDtls(i8),Adapter_Invoke,,,,/Instances,TSGTRESTVBCSBO_CONN,GetInstanceDtls,
TSGTCMNERPDATASY_SERVICE_01.00.0000.iar.yaml,TSGTCMNERPDATASY_SERVICE|01.00.0000,TSGTCMNERPDATASY_SERVICE,TSGTCmnErpDataSyncDispatcherObFwk_Service,01.00.0000,GetLastRunDateBIP(i0),Adapter_Invoke,,,,,TSGTSOAPERPBIP_CONN,GetLastRunDateBIP,
TSGTCMNERPDATASY_SERVICE_01.00.0000.iar.yaml,TSGTCMNERPDATASY_SERVICE|01.00.0000,TSGTCMNERPDATASY_SERVICE,TSGTCmnErpDataSyncDispatcherObFwk_Service,01.00.0000,GetMetaDatafromBO(i16),Adapter_Invoke,,,,/FWKOUTBOUNDINTGMETADATA,TSGTRESTVBCSBO_CONN,GetMetaDatafromBO,
TSGTCMNERPDATASY_SERVICE_01.00.0000.iar.yaml,TSGTCMNERPDATASY_SERVICE|01.00.0000,TSGTCMNERPDATASY_SERVICE,TSGTCmnErpDataSyncDispatcherObFwk_Service,01.00.0000,GetTransactionDetails(i1),Adapter_Invoke,,,,/Transactions,TSGTRESTVBCSBO_CONN,GetTransactionDetails,
TSGTCMNERPDATASY_SERVICE_01.00.0000.iar.yaml,TSGTCMNERPDATASY_SERVICE|01.00.0000,TSGTCMNERPDATASY_SERVICE,TSGTCmnErpDataSyncDispatcherObFwk_Service,01.00.0000,SyncStagetabletoXref(i3),Adapter_Invoke,,,,,TSGTATPCLOUDDB_CONN,SyncStagetabletoXref,
TSGTCMNERPDATASY_SERVICE_01.00.0000.iar.yaml,TSGTCMNERPDATASY_SERVICE|01.00.0000,TSGTCMNERPDATASY_SERVICE,TSGTCmnErpDataSyncDispatcherObFwk_Service,01.00.0000,UpdateLastrunDateinBO(i5),Adapter_Invoke,,,,/FWKOUTBOUNDINTGMETADATA/{Id},TSGTRESTVBCSBO_CONN,UpdateLastrunDateinBO,
TSGTCMNERPDISPAT_SERVICE_01.00.0000.iar.yaml,TSGTCMNERPDISPAT_SERVICE|01.00.0000,TSGTCMNERPDISPAT_SERVICE,TSGTCmnErpDispatcherDataInsertObFwk_Service,01.00.0000,InsertintoOBStageTable(i0),Adapter_Invoke,,,,,TSGTATPCLOUDDB_CONN,InsertintoOBStageTable,
TSGTCMNERPLAUNCH_SERVICE_01.00.0000.iar.yaml,TSGTCMNERPLAUNCH_SERVICE|01.00.0000,TSGTCMNERPLAUNCH_SERVICE,TSGTCmnErpLauncherIbFwk_Service,01.00.0000,InvokeMediatorService(i3),IntegrationAction,TSGTCMNERPMEDIATORIBFWK_SERVICE,01.00.0000,TSGTCmnErpMediatorIbFwk_Service,/transform,PRESEEDED_COLLOCATED_CONN_1741,InvokeMediatorService,
TSGTCMNERPLAUNCH_SERVICE_01.00.0000.iar.yaml,TSGTCMNERPLAUNCH_SERVICE|01.00.0000,TSGTCMNERPLAUNCH_SERVICE,TSGTCmnErpLauncherIbFwk_Service,01.00.0000,InvokeErrorNotificationService(i11),IntegrationAction,TSGTCMNNOTIFICAT_SERVICE,01.00.0000,TSGTCmnNotificationFwk_Service,/Notify,PRESEEDED_COLLOCATED_CONN_1741,InvokeErrorNotificationService,
TSGTCMNERPLAUNCH_SERVICE_01.00.0000.iar.yaml,TSGTCMNERPLAUNCH_SERVICE|01.00.0000,TSGTCMNERPLAUNCH_SERVICE,TSGTCmnErpLauncherIbFwk_Service,01.00.0000,MoveFileFromErrorBucketToRawBucket(i8),IntegrationAction,TSGTCMNSRCOBJSTOTGTOBJSMO_SERVIC,01.00.0000,TSGTCmnSrcObjStorageToTgtObjStorageMove_Service,/getFileFromObjectStorage,PRESEEDED_COLLOCATED_CONN_1741,MoveFileFromErrorBucketToRawBucket,
TSGTCMNERPLAUNCH_SERVICE_01.00.0000.iar.yaml,TSGTCMNERPLAUNCH_SERVICE|01.00.0000,TSGTCMNERPLAUNCH_SERVICE,TSGTCmnErpLauncherIbFwk_Service,01.00.0000,MoveFileToErrorBucketObjectStorage(i4),IntegrationAction,TSGTCMNSRCOBJSTOTGTOBJSMO_SERVIC,01.00.0000,TSGTCmnSrcObjStorageToTgtObjStorageMove_Service,/getFileFromObjectStorage,PRESEEDED_COLLOCATED_CONN_1741,MoveFileToErrorBucketObjectStorage,
TSGTCMNERPLAUNCH_SERVICE_01.00.0000.iar.yaml,TSGTCMNERPLAUNCH_SERVICE|01.00.0000,TSGTCMNERPLAUNCH_SERVICE,TSGTCmnErpLauncherIbFwk_Service,01.00.0000,UpdateInitLog(i6),IntegrationAction,TSGTCMNUPSERTINS_SERVICE,01.00.0000,TSGTCmnUpsertInstanceTransaction_Service,/UpsertInstanceTransaction,PRESEEDED_COLLOCATED_CONN_1741,UpdateInitLog,
TSGTCMNERPLAUNCH_SERVICE_01.00.0000.iar.yaml,TSGTCMNERPLAUNCH_SERVICE|01.00.0000,TSGTCMNERPLAUNCH_SERVICE,TSGTCmnErpLauncherIbFwk_Service,01.00.0000,Updatelogs(i7),IntegrationAction,TSGTCMNUPSERTINS_SERVICE,01.00.0000,TSGTCmnUpsertInstanceTransaction_Service,/UpsertInstanceTransaction,PRESEEDED_COLLOCATED_CONN_1741,Updatelogs,
TSGTCMNERPLAUNCH_SERVICE_01.00.0000.iar.yaml,TSGTCMNERPLAUNCH_SERVICE|01.00.0000,TSGTCMNERPLAUNCH_SERVICE,TSGTCmnErpLauncherIbFwk_Service,01.00.0000,InvokeNotificationService(i9),IntegrationAction,UTIL_CMN_NOTIFICATION_SERVICE,01.00.0000,,/notification,PRESEEDED_COLLOCATED_CONN_1741,InvokeNotificationService,
TSGTCMNERPLAUNCH_SERVICE_01.00.0000.iar.yaml,TSGTCMNERPLAUNCH_SERVICE|01.00.0000,TSGTCMNERPLAUNCH_SERVICE,TSGTCmnErpLauncherIbFwk_Service,01.00.0000,GetInboundMetadataFromBO(i2),Adapter_Invoke,,,,/FWKINBOUNDINTGMETADATA,TSGTRESTVBCSBO_CONN,GetInboundMetadataFromBO,
TSGTCMNERPLAUNCH_SERVICE_01.00.0000.iar.yaml,TSGTCMNERPLAUNCH_SERVICE|01.00.0000,TSGTCMNERPLAUNCH_SERVICE,TSGTCmnErpLauncherIbFwk_Service,01.00.0000,GetInstanceDetails(i0),Adapter_Invoke,,,,/Instances,TSGTRESTVBCSBO_CONN,GetInstanceDetails,
TSGTCMNERPLAUNCH_SERVICE_01.00.0000.iar.yaml,TSGTCMNERPLAUNCH_SERVICE|01.00.0000,TSGTCMNERPLAUNCH_SERVICE,TSGTCmnErpLauncherIbFwk_Service,01.00.0000,GetTransactionDetails(i10),Adapter_Invoke,,,,/TransactionTypes,TSGTRESTVBCSBO_CONN,GetTransactionDetails,
TSGTCMNERPLAUNCH_SERVICE_01.00.0000.iar.yaml,TSGTCMNERPLAUNCH_SERVICE|01.00.0000,TSGTCMNERPLAUNCH_SERVICE,TSGTCmnErpLauncherIbFwk_Service,01.00.0000,UpdateLastRunDetails(i5),Adapter_Invoke,,,,/FWKINBOUNDINTGMETADATA/{id},TSGTRESTVBCSBO_CONN,UpdateLastRunDetails,
TSGTCMNERPLAUNCH_SERVICE_01.00.0000.iar.yaml,TSGTCMNERPLAUNCH_SERVICE|01.00.0000,TSGTCMNERPLAUNCH_SERVICE,TSGTCmnErpLauncherIbFwk_Service,01.00.0000,getRawFiles(i1),Adapter_Invoke,,,,/n/{nameSpaceName}/b/{bucketName}/o/,TSGTOBJECTSTORAG_CONN,getRawFiles,
TSGTCMNERPLAUNCH_SERVICE_OB_01.00.0000.iar.yaml,TSGTCMNERPLAUNCH_SERVICE_OB|01.00.0000,TSGTCMNERPLAUNCH_SERVICE_OB,TSGTCmnErpLauncherObFwk_Service,01.00.0000,InvokeNotify(i19),IntegrationAction,TSGTCMNNOTIFICAT_SERVICE,01.00.0000,TSGTCmnNotificationFwk_Service,/Notify,PRESEEDED_COLLOCATED_CONN_1741,InvokeNotify,
TSGTCMNERPLAUNCH_SERVICE_OB_01.00.0000.iar.yaml,TSGTCMNERPLAUNCH_SERVICE_OB|01.00.0000,TSGTCMNERPLAUNCH_SERVICE_OB,TSGTCmnErpLauncherObFwk_Service,01.00.0000,UpdateErrorTransactionAndInstances(i18),IntegrationAction,TSGTCMNUPSERTINS_SERVICE,01.00.0000,TSGTCmnUpsertInstanceTransaction_Service,/UpsertInstanceTransaction,PRESEEDED_COLLOCATED_CONN_1741,UpdateErrorTransactionAndInstances,
TSGTCMNERPLAUNCH_SERVICE_OB_01.00.0000.iar.yaml,TSGTCMNERPLAUNCH_SERVICE_OB|01.00.0000,TSGTCMNERPLAUNCH_SERVICE_OB,TSGTCmnErpLauncherObFwk_Service,01.00.0000,UpdateTransactionAndInstance(i20),IntegrationAction,TSGTCMNUPSERTINS_SERVICE,01.00.0000,TSGTCmnUpsertInstanceTransaction_Service,/UpsertInstanceTransaction,PRESEEDED_COLLOCATED_CONN_1741,UpdateTransactionAndInstance,
TSGTCMNERPLAUNCH_SERVICE_OB_01.00.0000.iar.yaml,TSGTCMNERPLAUNCH_SERVICE_OB|01.00.0000,TSGTCMNERPLAUNCH_SERVICE_OB,TSGTCmnErpLauncherObFwk_Service,01.00.0000,UpdateTransactionAndInstanceDetail(i15),IntegrationAction,TSGTCMNUPSERTINS_SERVICE,01.00.0000,TSGTCmnUpsertInstanceTransaction_Service,/UpsertInstanceTransaction,PRESEEDED_COLLOCATED_CONN_1741,UpdateTransactionAndInstanceDetail,
TSGTCMNERPLAUNCH_SERVICE_OB_01.00.0000.iar.yaml,TSGTCMNERPLAUNCH_SERVICE_OB|01.00.0000,TSGTCMNERPLAUNCH_SERVICE_OB,TSGTCmnErpLauncherObFwk_Service,01.00.0000,InvokeCMNNotification(i8),IntegrationAction,UTIL_CMN_NOTIFICATION_SERVICE,01.00.0000,,/notification,PRESEEDED_COLLOCATED_CONN_1741,InvokeCMNNotification,
TSGTCMNERPLAUNCH_SERVICE_OB_01.00.0000.iar.yaml,TSGTCMNERPLAUNCH_SERVICE_OB|01.00.0000,TSGTCMNERPLAUNCH_SERVICE_OB,TSGTCmnErpLauncherObFwk_Service,01.00.0000,GetInstanceBOCount(i12),Adapter_Invoke,,,,/Logger/{Logger_Id}/action/getInstanceCount,TSGTRESTVBCSBO_CONN,GetInstanceBOCount,
TSGTCMNERPLAUNCH_SERVICE_OB_01.00.0000.iar.yaml,TSGTCMNERPLAUNCH_SERVICE_OB|01.00.0000,TSGTCMNERPLAUNCH_SERVICE_OB,TSGTCmnErpLauncherObFwk_Service,01.00.0000,GetInstanceDtls(i21),Adapter_Invoke,,,,/Instances,TSGTRESTVBCSBO_CONN,GetInstanceDtls,
TSGTCMNERPLAUNCH_SERVICE_OB_01.00.0000.iar.yaml,TSGTCMNERPLAUNCH_SERVICE_OB|01.00.0000,TSGTCMNERPLAUNCH_SERVICE_OB,TSGTCmnErpLauncherObFwk_Service,01.00.0000,GetMetaDatafromBOReq(i7),Adapter_Invoke,,,,/FWKOUTBOUNDINTGMETADATA,TSGTRESTVBCSBO_CONN,GetMetaDatafromBOReq,
TSGTCMNERPLAUNCH_SERVICE_OB_01.00.0000.iar.yaml,TSGTCMNERPLAUNCH_SERVICE_OB|01.00.0000,TSGTCMNERPLAUNCH_SERVICE_OB,TSGTCmnErpLauncherObFwk_Service,01.00.0000,GetMetadataFromBO(i17),Adapter_Invoke,,,,/FWKOUTBOUNDINTGMETADATA,TSGTRESTVBCSBO_CONN,GetMetadataFromBO,
TSGTCMNERPLAUNCH_SERVICE_OB_01.00.0000.iar.yaml,TSGTCMNERPLAUNCH_SERVICE_OB|01.00.0000,TSGTCMNERPLAUNCH_SERVICE_OB,TSGTCmnErpLauncherObFwk_Service,01.00.0000,InvokeBulkExport(i14),Adapter_Invoke,,,,,TSGTERPCLOUD_CONN,InvokeBulkExport,
TSGTCMNERPLAUNCH_SERVICE_OB_01.00.0000.iar.yaml,TSGTCMNERPLAUNCH_SERVICE_OB|01.00.0000,TSGTCMNERPLAUNCH_SERVICE_OB,TSGTCmnErpLauncherObFwk_Service,01.00.0000,UpdateTransactionBO(i6),Adapter_Invoke,,,,/Logger/{Logger_Id}/action/updateTransaction,TSGTRESTVBCSBO_CONN,UpdateTransactionBO,
TSGTCMNERPMEDIATDATAINSER_SERVIC_01.00.0000.iar.yaml,TSGTCMNERPMEDIATDATAINSER_SERVIC|01.00.0000,TSGTCMNERPMEDIATDATAINSER_SERVIC,TSGTCmnErpMediatorDataInsertIbFwk_Service,01.00.0000,UpdateDataInsertStatusToInstance(i3),IntegrationAction,TSGTCMNUPSERTINS_SERVICE,01.00.0000,TSGTCmnUpsertInstanceTransaction_Service,/UpsertInstanceTransaction,PRESEEDED_COLLOCATED_CONN_1741,UpdateDataInsertStatusToInstance,
TSGTCMNERPMEDIATDATAINSER_SERVIC_01.00.0000.iar.yaml,TSGTCMNERPMEDIATDATAINSER_SERVIC|01.00.0000,TSGTCMNERPMEDIATDATAINSER_SERVIC,TSGTCmnErpMediatorDataInsertIbFwk_Service,01.00.0000,DownloadFileFromBucket(i0),Adapter_Invoke,,,,/n/{nameSpaceName}/b/{bucketName}/o/{objectName},TSGTOBJECTSTORAG_CONN,DownloadFileFromBucket,
TSGTCMNERPMEDIATDATAINSER_SERVIC_01.00.0000.iar.yaml,TSGTCMNERPMEDIATDATAINSER_SERVIC|01.00.0000,TSGTCMNERPMEDIATDATAINSER_SERVIC,TSGTCmnErpMediatorDataInsertIbFwk_Service,01.00.0000,InsertDataToStagging(i1),Adapter_Invoke,,,,,TSGTATPCLOUDDB_CONN,InsertDataToStagging,
TSGTCMNERPMEDIATDATAINSER_SERVIC_01.00.0000.iar.yaml,TSGTCMNERPMEDIATDATAINSER_SERVIC|01.00.0000,TSGTCMNERPMEDIATDATAINSER_SERVIC,TSGTCmnErpMediatorDataInsertIbFwk_Service,01.00.0000,InsertDataToStaging(i2),Adapter_Invoke,,,,,TSGTATPCLOUDDB_CONN,InsertDataToStaging,
TSGTCMNERPMEDIATORIBFWK_SERVICE_01.00.0000.iar.yaml,TSGTCMNERPMEDIATORIBFWK_SERVICE|01.00.0000,TSGTCMNERPMEDIATORIBFWK_SERVICE,TSGTCmnErpMediatorIbFwk_Service,01.00.0000,InvokeInsertStaggingService(i8),IntegrationAction,TSGTCMNERPMEDIATDATAINSER_SERVIC,01.00.0000,TSGTCmnErpMediatorDataInsertIbFwk_Service,/insertStage,PRESEEDED_COLLOCATED_CONN_1741,InvokeInsertStaggingService,
TSGTCMNERPMEDIATORIBFWK_SERVICE_01.00.0000.iar.yaml,TSGTCMNERPMEDIATORIBFWK_SERVICE|01.00.0000,TSGTCMNERPMEDIATORIBFWK_SERVICE,TSGTCmnErpMediatorIbFwk_Service,01.00.0000,InvokeUploadErrorFileToObjectStorage(i16),IntegrationAction,TSGTCMNFILEREFER_SERVICE,01.00.0000,TSGTCmnFileReferencetoObjectStorage_Service,/getFileFromObjectStorage,PRESEEDED_COLLOCATED_CONN_1741,InvokeUploadErrorFileToObjectStorage,
TSGTCMNERPMEDIATORIBFWK_SERVICE_01.00.0000.iar.yaml,TSGTCMNERPMEDIATORIBFWK_SERVICE|01.00.0000,TSGTCMNERPMEDIATORIBFWK_SERVICE,TSGTCmnErpMediatorIbFwk_Service,01.00.0000,InvokeOrchestratorService(i4),IntegrationAction,TSGTCMNGLERPORCHIBFWK_SERVICE,01.00.0000,,/InputRestOrchCall/,PRESEEDED_COLLOCATED_CONN_1741,InvokeOrchestratorService,
TSGTCMNERPMEDIATORIBFWK_SERVICE_01.00.0000.iar.yaml,TSGTCMNERPMEDIATORIBFWK_SERVICE|01.00.0000,TSGTCMNERPMEDIATORIBFWK_SERVICE,TSGTCmnErpMediatorIbFwk_Service,01.00.0000,InvokeSyncXref(i13),IntegrationAction,TSGTCMNLAUNCHERF_SERVICE,01.00.0000,TSGTCmnLauncherFwk_Service,/invokeLauncher,PRESEEDED_COLLOCATED_CONN_1741,InvokeSyncXref,
TSGTCMNERPMEDIATORIBFWK_SERVICE_01.00.0000.iar.yaml,TSGTCMNERPMEDIATORIBFWK_SERVICE|01.00.0000,TSGTCMNERPMEDIATORIBFWK_SERVICE,TSGTCmnErpMediatorIbFwk_Service,01.00.0000,SendEmailNotification(i7),IntegrationAction,TSGTCMNNOTIFICAT_SERVICE,01.00.0000,TSGTCmnNotificationFwk_Service,/Notify,PRESEEDED_COLLOCATED_CONN_1741,SendEmailNotification,
TSGTCMNERPMEDIATORIBFWK_SERVICE_01.00.0000.iar.yaml,TSGTCMNERPMEDIATORIBFWK_SERVICE|01.00.0000,TSGTCMNERPMEDIATORIBFWK_SERVICE,TSGTCmnErpMediatorIbFwk_Service,01.00.0000,MoveToArchive(i17),IntegrationAction,TSGTCMNOBJECTSTOSFTPMOVE_SERVICE,01.00.0000,TSGTCmnObjectStorageToSFTPMove_Service,/getFileFromObjectStorage,PRESEEDED_COLLOCATED_CONN_1741,MoveToArchive,
TSGTCMNERPMEDIATORIBFWK_SERVICE_01.00.0000.iar.yaml,TSGTCMNERPMEDIATORIBFWK_SERVICE|01.00.0000,TSGTCMNERPMEDIATORIBFWK_SERVICE,TSGTCmnErpMediatorIbFwk_Service,01.00.0000,MoveFileToErrorBucket(i10),IntegrationAction,TSGTCMNSRCOBJSTOTGTOBJSMO_SERVIC,01.00.0000,TSGTCmnSrcObjStorageToTgtObjStorageMove_Service,/getFileFromObjectStorage,PRESEEDED_COLLOCATED_CONN_1741,MoveFileToErrorBucket,
TSGTCMNERPMEDIATORIBFWK_SERVICE_01.00.0000.iar.yaml,TSGTCMNERPMEDIATORIBFWK_SERVICE|01.00.0000,TSGTCMNERPMEDIATORIBFWK_SERVICE,TSGTCmnErpMediatorIbFwk_Service,01.00.0000,UpdateInitTransactionAndInstanceLog(i2),IntegrationAction,TSGTCMNUPSERTINS_SERVICE,01.00.0000,TSGTCmnUpsertInstanceTransaction_Service,/UpsertInstanceTransaction,PRESEEDED_COLLOCATED_CONN_1741,UpdateInitTransactionAndInstanceLog,
TSGTCMNERPMEDIATORIBFWK_SERVICE_01.00.0000.iar.yaml,TSGTCMNERPMEDIATORIBFWK_SERVICE|01.00.0000,TSGTCMNERPMEDIATORIBFWK_SERVICE,TSGTCmnErpMediatorIbFwk_Service,01.00.0000,UpdateTransactionAndInstanceLog(i1),IntegrationAction,TSGTCMNUPSERTINS_SERVICE,01.00.0000,TSGTCmnUpsertInstanceTransaction_Service,/UpsertInstanceTransaction,PRESEEDED_COLLOCATED_CONN_1741,UpdateTransactionAndInstanceLog,
TSGTCMNERPMEDIATORIBFWK_SERVICE_01.00.0000.iar.yaml,TSGTCMNERPMEDIATORIBFWK_SERVICE|01.00.0000,TSGTCMNERPMEDIATORIBFWK_SERVICE,TSGTCmnErpMediatorIbFwk_Service,01.00.0000,GetErrorRecords(i11),Adapter_Invoke,,,,,TSGTATPCLOUDDB_CONN,GetErrorRecords,
TSGTCMNERPMEDIATORIBFWK_SERVICE_01.00.0000.iar.yaml,TSGTCMNERPMEDIATORIBFWK_SERVICE|01.00.0000,TSGTCMNERPMEDIATORIBFWK_SERVICE,TSGTCmnErpMediatorIbFwk_Service,01.00.0000,GetErrorRecordsForAttachment(i15),Adapter_Invoke,,,,,TSGTATPCLOUDDB_CONN,GetErrorRecordsForAttachment,
TSGTCMNERPMEDIATORIBFWK_SERVICE_01.00.0000.iar.yaml,TSGTCMNERPMEDIATORIBFWK_SERVICE|01.00.0000,TSGTCMNERPMEDIATORIBFWK_SERVICE,TSGTCmnErpMediatorIbFwk_Service,01.00.0000,GetInboundMetadataFromBO(i6),Adapter_Invoke,,,,/FWKINBOUNDINTGMETADATA,TSGTRESTVBCSBO_CONN,GetInboundMetadataFromBO,
TSGTCMNERPMEDIATORIBFWK_SERVICE_01.00.0000.iar.yaml,TSGTCMNERPMEDIATORIBFWK_SERVICE|01.00.0000,TSGTCMNERPMEDIATORIBFWK_SERVICE,TSGTCmnErpMediatorIbFwk_Service,01.00.0000,GetInstanceDtls(i3),Adapter_Invoke,,,,/Instances,TSGTRESTVBCSBO_CONN,GetInstanceDtls,
TSGTCMNERPMEDIATORIBFWK_SERVICE_01.00.0000.iar.yaml,TSGTCMNERPMEDIATORIBFWK_SERVICE|01.00.0000,TSGTCMNERPMEDIATORIBFWK_SERVICE,TSGTCmnErpMediatorIbFwk_Service,01.00.0000,GetInstanceStatus(i9),Adapter_Invoke,,,,/Instances,TSGTRESTVBCSBO_CONN,GetInstanceStatus,
TSGTCMNERPMEDIATORIBFWK_SERVICE_01.00.0000.iar.yaml,TSGTCMNERPMEDIATORIBFWK_SERVICE|01.00.0000,TSGTCMNERPMEDIATORIBFWK_SERVICE,TSGTCmnErpMediatorIbFwk_Service,01.00.0000,GetTransactionDetails(i5),Adapter_Invoke,,,,/TransactionTypes,TSGTRESTVBCSBO_CONN,GetTransactionDetails,
TSGTCMNERPMEDIATORIBFWK_SERVICE_01.00.0000.iar.yaml,TSGTCMNERPMEDIATORIBFWK_SERVICE|01.00.0000,TSGTCMNERPMEDIATORIBFWK_SERVICE,TSGTCmnErpMediatorIbFwk_Service,01.00.0000,GetXrefData(i12),Adapter_Invoke,,,,/FWKINBOUNDINTGMETADATA,TSGTRESTVBCSBO_CONN,GetXrefData,
TSGTCMNERPMEDIATORIBFWK_SERVICE_01.00.0000.iar.yaml,TSGTCMNERPMEDIATORIBFWK_SERVICE|01.00.0000,TSGTCMNERPMEDIATORIBFWK_SERVICE,TSGTCmnErpMediatorIbFwk_Service,01.00.0000,GetXrefTransStatus(i18),Adapter_Invoke,,,,/Transactions,TSGTRESTVBCSBO_CONN,GetXrefTransStatus,
TSGTCMNERPMEDIATORIBFWK_SERVICE_01.00.0000.iar.yaml,TSGTCMNERPMEDIATORIBFWK_SERVICE|01.00.0000,TSGTCMNERPMEDIATORIBFWK_SERVICE,TSGTCmnErpMediatorIbFwk_Service,01.00.0000,TransformStageToFBDIPrc(i0),Adapter_Invoke,,,,,TSGTATPCLOUDDB_CONN,TransformStageToFBDIPrc,
TSGTCMNERPSFTPDISPOBFWK_SERVICE_01.00.0000.iar.yaml,TSGTCMNERPSFTPDISPOBFWK_SERVICE|01.00.0000,TSGTCMNERPSFTPDISPOBFWK_SERVICE,TSGTCmnErpSftpDispatcherObFwk_Service,01.00.0000,invokeErrNotification(i14),IntegrationAction,CIF_UTIL_CMN_NOTIFI_SERVIC,01.00.0001,,/notification,PRESEEDED_COLLOCATED_CONN_1741,invokeErrNotification,
TSGTCMNERPSFTPDISPOBFWK_SERVICE_01.00.0000.iar.yaml,TSGTCMNERPSFTPDISPOBFWK_SERVICE|01.00.0000,TSGTCMNERPSFTPDISPOBFWK_SERVICE,TSGTCmnErpSftpDispatcherObFwk_Service,01.00.0000,Notification(i4),IntegrationAction,TSGTCMNNOTIFICAT_SERVICE,01.00.0000,TSGTCmnNotificationFwk_Service,/Notify,PRESEEDED_COLLOCATED_CONN_1741,Notification,
TSGTCMNERPSFTPDISPOBFWK_SERVICE_01.00.0000.iar.yaml,TSGTCMNERPSFTPDISPOBFWK_SERVICE|01.00.0000,TSGTCMNERPSFTPDISPOBFWK_SERVICE,TSGTCmnErpSftpDispatcherObFwk_Service,01.00.0000,ExtractFileFromArchiveAndUploadToSftp(i28),IntegrationAction,TSGTCMNOBJECTSTOSFTPMOVE_SERVICE,01.00.0000,TSGTCmnObjectStorageToSFTPMove_Service,/getFileFromObjectStorage,PRESEEDED_COLLOCATED_CONN_1741,ExtractFileFromArchiveAndUploadToSftp,
TSGTCMNERPSFTPDISPOBFWK_SERVICE_01.00.0000.iar.yaml,TSGTCMNERPSFTPDISPOBFWK_SERVICE|01.00.0000,TSGTCMNERPSFTPDISPOBFWK_SERVICE,TSGTCmnErpSftpDispatcherObFwk_Service,01.00.0000,UploadBICCFilesToSftp(i2),IntegrationAction,TSGTCMNOBJECTSTOSFTPMOVE_SERVICE,01.00.0000,TSGTCmnObjectStorageToSFTPMove_Service,/getFileFromObjectStorage,PRESEEDED_COLLOCATED_CONN_1741,UploadBICCFilesToSftp,
TSGTCMNERPSFTPDISPOBFWK_SERVICE_01.00.0000.iar.yaml,TSGTCMNERPSFTPDISPOBFWK_SERVICE|01.00.0000,TSGTCMNERPSFTPDISPOBFWK_SERVICE,TSGTCmnErpSftpDispatcherObFwk_Service,01.00.0000,UpdInstanceBOStatus(i7),IntegrationAction,TSGTCMNUPSERTINS_SERVICE,01.00.0000,TSGTCmnUpsertInstanceTransaction_Service,/UpsertInstanceTransaction,PRESEEDED_COLLOCATED_CONN_1741,UpdInstanceBOStatus,
TSGTCMNERPSFTPDISPOBFWK_SERVICE_01.00.0000.iar.yaml,TSGTCMNERPSFTPDISPOBFWK_SERVICE|01.00.0000,TSGTCMNERPSFTPDISPOBFWK_SERVICE,TSGTCmnErpSftpDispatcherObFwk_Service,01.00.0000,UpdateInitLog(i24),IntegrationAction,TSGTCMNUPSERTINS_SERVICE,01.00.0000,TSGTCmnUpsertInstanceTransaction_Service,/UpsertInstanceTransaction,PRESEEDED_COLLOCATED_CONN_1741,UpdateInitLog,
TSGTCMNERPSFTPDISPOBFWK_SERVICE_01.00.0000.iar.yaml,TSGTCMNERPSFTPDISPOBFWK_SERVICE|01.00.0000,TSGTCMNERPSFTPDISPOBFWK_SERVICE,TSGTCmnErpSftpDispatcherObFwk_Service,01.00.0000,UpdateInstanceBOStatus(i22),IntegrationAction,TSGTCMNUPSERTINS_SERVICE,01.00.0000,TSGTCmnUpsertInstanceTransaction_Service,/UpsertInstanceTransaction,PRESEEDED_COLLOCATED_CONN_1741,UpdateInstanceBOStatus,
TSGTCMNERPSFTPDISPOBFWK_SERVICE_01.00.0000.iar.yaml,TSGTCMNERPSFTPDISPOBFWK_SERVICE|01.00.0000,TSGTCMNERPSFTPDISPOBFWK_SERVICE,TSGTCmnErpSftpDispatcherObFwk_Service,01.00.0000,UpdateTransAndInstanceForCallback(i29),IntegrationAction,TSGTCMNUPSERTINS_SERVICE,01.00.0000,TSGTCmnUpsertInstanceTransaction_Service,/UpsertInstanceTransaction,PRESEEDED_COLLOCATED_CONN_1741,UpdateTransAndInstanceForCallback,
TSGTCMNERPSFTPDISPOBFWK_SERVICE_01.00.0000.iar.yaml,TSGTCMNERPSFTPDISPOBFWK_SERVICE|01.00.0000,TSGTCMNERPSFTPDISPOBFWK_SERVICE,TSGTCmnErpSftpDispatcherObFwk_Service,01.00.0000,GetAllFiles(i18),Adapter_Invoke,,,,/n/{namespaceName}/b/{bucketName}/o,TSGTRESTVBCSBO_CONN,GetAllFiles,
TSGTCMNERPSFTPDISPOBFWK_SERVICE_01.00.0000.iar.yaml,TSGTCMNERPSFTPDISPOBFWK_SERVICE|01.00.0000,TSGTCMNERPSFTPDISPOBFWK_SERVICE,TSGTCmnErpSftpDispatcherObFwk_Service,01.00.0000,GetInstanceCount(i3),Adapter_Invoke,,,,/Logger/{Logger_Id}/action/getInstanceCount,TSGTRESTVBCSBO_CONN,GetInstanceCount,
TSGTCMNERPSFTPDISPOBFWK_SERVICE_01.00.0000.iar.yaml,TSGTCMNERPSFTPDISPOBFWK_SERVICE|01.00.0000,TSGTCMNERPSFTPDISPOBFWK_SERVICE,TSGTCmnErpSftpDispatcherObFwk_Service,01.00.0000,GetInstanceCountBICC(i23),Adapter_Invoke,,,,/Logger/{Logger_Id}/action/getInstanceCount,TSGTRESTVBCSBO_CONN,GetInstanceCountBICC,
TSGTCMNERPSFTPDISPOBFWK_SERVICE_01.00.0000.iar.yaml,TSGTCMNERPSFTPDISPOBFWK_SERVICE|01.00.0000,TSGTCMNERPSFTPDISPOBFWK_SERVICE,TSGTCmnErpSftpDispatcherObFwk_Service,01.00.0000,GetInstanceDetails(i6),Adapter_Invoke,,,,/Instances,TSGTRESTVBCSBO_CONN,GetInstanceDetails,
TSGTCMNERPSFTPDISPOBFWK_SERVICE_01.00.0000.iar.yaml,TSGTCMNERPSFTPDISPOBFWK_SERVICE|01.00.0000,TSGTCMNERPSFTPDISPOBFWK_SERVICE,TSGTCmnErpSftpDispatcherObFwk_Service,01.00.0000,GetInstanceDetailsForReprocess(i8),Adapter_Invoke,,,,/Instances,TSGTRESTVBCSBO_CONN,GetInstanceDetailsForReprocess,
TSGTCMNERPSFTPDISPOBFWK_SERVICE_01.00.0000.iar.yaml,TSGTCMNERPSFTPDISPOBFWK_SERVICE|01.00.0000,TSGTCMNERPSFTPDISPOBFWK_SERVICE,TSGTCmnErpSftpDispatcherObFwk_Service,01.00.0000,GetInstanceDtls(i15),Adapter_Invoke,,,,/Instances,TSGTRESTVBCSBO_CONN,GetInstanceDtls,
TSGTCMNERPSFTPDISPOBFWK_SERVICE_01.00.0000.iar.yaml,TSGTCMNERPSFTPDISPOBFWK_SERVICE|01.00.0000,TSGTCMNERPSFTPDISPOBFWK_SERVICE,TSGTCmnErpSftpDispatcherObFwk_Service,01.00.0000,GetLastRundatetime(i5),Adapter_Invoke,,,,,TSGTSOAPERPBIP_CONN,GetLastRundatetime,
TSGTCMNERPSFTPDISPOBFWK_SERVICE_01.00.0000.iar.yaml,TSGTCMNERPSFTPDISPOBFWK_SERVICE|01.00.0000,TSGTCMNERPSFTPDISPOBFWK_SERVICE,TSGTCmnErpSftpDispatcherObFwk_Service,01.00.0000,GetLatestInstance(i27),Adapter_Invoke,,,,/Instances,TSGTRESTVBCSBO_CONN,GetLatestInstance,
TSGTCMNERPSFTPDISPOBFWK_SERVICE_01.00.0000.iar.yaml,TSGTCMNERPSFTPDISPOBFWK_SERVICE|01.00.0000,TSGTCMNERPSFTPDISPOBFWK_SERVICE,TSGTCmnErpSftpDispatcherObFwk_Service,01.00.0000,GetMetadataFromBO(i1),Adapter_Invoke,,,,/FWKOUTBOUNDINTGMETADATA,TSGTRESTVBCSBO_CONN,GetMetadataFromBO,
TSGTCMNERPSFTPDISPOBFWK_SERVICE_01.00.0000.iar.yaml,TSGTCMNERPSFTPDISPOBFWK_SERVICE|01.00.0000,TSGTCMNERPSFTPDISPOBFWK_SERVICE,TSGTCmnErpSftpDispatcherObFwk_Service,01.00.0000,GetTransactionDetails(i0),Adapter_Invoke,,,,/Transactions,TSGTRESTVBCSBO_CONN,GetTransactionDetails,
TSGTCMNERPSFTPDISPOBFWK_SERVICE_01.00.0000.iar.yaml,TSGTCMNERPSFTPDISPOBFWK_SERVICE|01.00.0000,TSGTCMNERPSFTPDISPOBFWK_SERVICE,TSGTCmnErpSftpDispatcherObFwk_Service,01.00.0000,GetTransactionId(i9),Adapter_Invoke,,,,/Instances,TSGTRESTVBCSBO_CONN,GetTransactionId,
TSGTCMNERPSFTPDISPOBFWK_SERVICE_01.00.0000.iar.yaml,TSGTCMNERPSFTPDISPOBFWK_SERVICE|01.00.0000,TSGTCMNERPSFTPDISPOBFWK_SERVICE,TSGTCmnErpSftpDispatcherObFwk_Service,01.00.0000,UpdateLastRunDate(i26),Adapter_Invoke,,,,/FWKOUTBOUNDINTGMETADATA/{Id},TSGTRESTVBCSBO_CONN,UpdateLastRunDate,
TSGTCMNERPSFTPDISPOBFWK_SERVICE_01.00.0000.iar.yaml,TSGTCMNERPSFTPDISPOBFWK_SERVICE|01.00.0000,TSGTCMNERPSFTPDISPOBFWK_SERVICE,TSGTCmnErpSftpDispatcherObFwk_Service,01.00.0000,UpdateLog_BO(i12),Adapter_Invoke,,,,/Logger/{Logger_Id}/action/updateLog,TSGTRESTVBCSBO_CONN,UpdateLog_BO,
TSGTCMNERPSFTPDISPOBFWK_SERVICE_01.00.0000.iar.yaml,TSGTCMNERPSFTPDISPOBFWK_SERVICE|01.00.0000,TSGTCMNERPSFTPDISPOBFWK_SERVICE,TSGTCmnErpSftpDispatcherObFwk_Service,01.00.0000,UpdateObjectStorageExtractDetails(i25),Adapter_Invoke,,,,/FWKBICCEXTRACTS,TSGTRESTVBCSBO_CONN,UpdateObjectStorageExtractDetails,
TSGTCMNERPSFTPDISPOBFWK_SERVICE_01.00.0000.iar.yaml,TSGTCMNERPSFTPDISPOBFWK_SERVICE|01.00.0000,TSGTCMNERPSFTPDISPOBFWK_SERVICE,TSGTCmnErpSftpDispatcherObFwk_Service,01.00.0000,UpdateTransactionBO(i11),Adapter_Invoke,,,,/Logger/{Logger_Id}/action/updateTransaction,TSGTRESTVBCSBO_CONN,UpdateTransactionBO,
TSGTCMNERPSFTPDISPOBFWK_SERVICE_01.00.0000.iar.yaml,TSGTCMNERPSFTPDISPOBFWK_SERVICE|01.00.0000,TSGTCMNERPSFTPDISPOBFWK_SERVICE,TSGTCmnErpSftpDispatcherObFwk_Service,01.00.0000,getInstanceCountBO(i10),Adapter_Invoke,,,,/Logger/{Logger_Id}/action/getInstanceCount,TSGTRESTVBCSBO_CONN,getInstanceCountBO,
TSGTCMNERPSFTPDISPOBFWK_SERVICE_01.00.0000.iar.yaml,TSGTCMNERPSFTPDISPOBFWK_SERVICE|01.00.0000,TSGTCMNERPSFTPDISPOBFWK_SERVICE,TSGTCmnErpSftpDispatcherObFwk_Service,01.00.0000,getTransaction_ID(i13),Adapter_Invoke,,,,/Transactions,TSGTRESTVBCSBO_CONN,getTransaction_ID,
TSGTCMNFILEREFER_SERVICE_01.00.0000.iar.yaml,TSGTCMNFILEREFER_SERVICE|01.00.0000,TSGTCMNFILEREFER_SERVICE,TSGTCmnFileReferencetoObjectStorage_Service,01.00.0000,MoveFileToBucket(i0),Adapter_Invoke,,,,/n/{namespaceName}/b/{bucketName}/o/{objectName},TSGTOBJECTSTORAG_CONN,MoveFileToBucket,
TSGTCMNGETESSLOGINTG_SERVICE_01.00.0000.iar.yaml,TSGTCMNGETESSLOGINTG_SERVICE|01.00.0000,TSGTCMNGETESSLOGINTG_SERVICE,TSGTCmnGetEssLogIntg_Service,01.00.0000,InvokeESSLogOutputService(i0),IntegrationAction,TSGTCMNGETESSLOGOUT_SERVICE,01.00.0000,TSGTCmnGetEssLogOutput_Service,/getDocumentforESSJobId,PRESEEDED_COLLOCATED_CONN_1741,InvokeESSLogOutputService,
TSGTCMNGETESSLOGINTG_SERVICE_01.00.0000.iar.yaml,TSGTCMNGETESSLOGINTG_SERVICE|01.00.0000,TSGTCMNGETESSLOGINTG_SERVICE,TSGTCmnGetEssLogIntg_Service,01.00.0000,SendNotification(i1),IntegrationAction,TSGTCMNNOTIFICAT_SERVICE,01.00.0000,TSGTCmnNotificationFwk_Service,/Notify,PRESEEDED_COLLOCATED_CONN_1741,SendNotification,
TSGTCMNGETESSLOGINTG_SERVICE_01.00.0000.iar.yaml,TSGTCMNGETESSLOGINTG_SERVICE|01.00.0000,TSGTCMNGETESSLOGINTG_SERVICE,TSGTCmnGetEssLogIntg_Service,01.00.0000,GetMetadataFromBO(i3),Adapter_Invoke,,,,/FWKOUTBOUNDINTGMETADATA,TSGTRESTVBCSBO_CONN,GetMetadataFromBO,
TSGTCMNGETESSLOGOUT_SERVICE_01.00.0000.iar.yaml,TSGTCMNGETESSLOGOUT_SERVICE|01.00.0000,TSGTCMNGETESSLOGOUT_SERVICE,TSGTCmnGetEssLogOutput_Service,01.00.0000,SendNotification(i6),IntegrationAction,TSGTCMNNOTIFICAT_SERVICE,01.00.0000,TSGTCmnNotificationFwk_Service,/Notify,PRESEEDED_COLLOCATED_CONN_1741,SendNotification,
TSGTCMNGETESSLOGOUT_SERVICE_01.00.0000.iar.yaml,TSGTCMNGETESSLOGOUT_SERVICE|01.00.0000,TSGTCMNGETESSLOGOUT_SERVICE,TSGTCmnGetEssLogOutput_Service,01.00.0000,DownloadESSJobDetails(i1),Adapter_Invoke,,,,,TSGTERPCLOUD_CONN,DownloadESSJobDetails,
TSGTCMNGETESSLOGOUT_SERVICE_01.00.0000.iar.yaml,TSGTCMNGETESSLOGOUT_SERVICE|01.00.0000,TSGTCMNGETESSLOGOUT_SERVICE,TSGTCmnGetEssLogOutput_Service,01.00.0000,GetDocumentData(i4),Adapter_Invoke,,,,,TSGTSOAPSCHEDSER_CONN,GetDocumentData,
TSGTCMNGETESSLOGOUT_SERVICE_01.00.0000.iar.yaml,TSGTCMNGETESSLOGOUT_SERVICE|01.00.0000,TSGTCMNGETESSLOGOUT_SERVICE,TSGTCmnGetEssLogOutput_Service,01.00.0000,GetESSJobName(i0),Adapter_Invoke,,,,,TSGTERPCLOUD_CONN,GetESSJobName,
TSGTCMNGETESSLOGOUT_SERVICE_01.00.0000.iar.yaml,TSGTCMNGETESSLOGOUT_SERVICE|01.00.0000,TSGTCMNGETESSLOGOUT_SERVICE,TSGTCmnGetEssLogOutput_Service,01.00.0000,GetEssJobInstanceId(i2),Adapter_Invoke,,,,,TSGTSOAPERPBIP_CONN,GetEssJobInstanceId,
TSGTCMNGETESSLOGOUT_SERVICE_01.00.0000.iar.yaml,TSGTCMNGETESSLOGOUT_SERVICE|01.00.0000,TSGTCMNGETESSLOGOUT_SERVICE,TSGTCmnGetEssLogOutput_Service,01.00.0000,GetJobOutputId(i3),Adapter_Invoke,,,,,TSGTSOAPSCHEDSER_CONN,GetJobOutputId,
TSGTCMNHCMDISPAT_SERVICE_02.01.0001.iar.yaml,TSGTCMNHCMDISPAT_SERVICE|02.01.0001,TSGTCMNHCMDISPAT_SERVICE,TSGTCmnHcmDispatcher_Service,02.01.0001,EmailNotification(i25),IntegrationAction,TSGTCMNHCMNOTIFI_SERVICE,01.01.0000,TSGTCmnHcmNotification_Service,/notification,PRESEEDED_COLLOCATED_CONN_1741,EmailNotification,
TSGTCMNHCMDISPAT_SERVICE_02.01.0001.iar.yaml,TSGTCMNHCMDISPAT_SERVICE|02.01.0001,TSGTCMNHCMDISPAT_SERVICE,TSGTCmnHcmDispatcher_Service,02.01.0001,SuccessNotification(i4),IntegrationAction,TSGTCMNHCMNOTIFI_SERVICE,01.00.0000,TSGTCmnHcmNotification_Service,/notification,PRESEEDED_COLLOCATED_CONN_1741,SuccessNotification,
TSGTCMNHCMDISPAT_SERVICE_02.01.0001.iar.yaml,TSGTCMNHCMDISPAT_SERVICE|02.01.0001,TSGTCMNHCMDISPAT_SERVICE,TSGTCmnHcmDispatcher_Service,02.01.0001,invokeSnapService(i16),IntegrationAction,TSGTHCMOTLSNAP_SERVICE,01.00.0000,TSGTHcmOTLSnap_Service,/CallSnapService,PRESEEDED_COLLOCATED_CONN_1741,invokeSnapService,
TSGTCMNHCMDISPAT_SERVICE_02.01.0001.iar.yaml,TSGTCMNHCMDISPAT_SERVICE|02.01.0001,TSGTCMNHCMDISPAT_SERVICE,TSGTCmnHcmDispatcher_Service,02.01.0001,DeleteFileAtTarget(i17),IntegrationAction,TSGT_DELET_FILE_FROM_OIC_SFTP,01.00.0000,TSGT Delete File from OIC SFTP,/sailpoint,PRESEEDED_COLLOCATED_CONN_1741,DeleteFileAtTarget,
TSGTCMNHCMDISPAT_SERVICE_02.01.0001.iar.yaml,TSGTCMNHCMDISPAT_SERVICE|02.01.0001,TSGTCMNHCMDISPAT_SERVICE,TSGTCmnHcmDispatcher_Service,02.01.0001,DeleteFileFromArchive(i21),IntegrationAction,TSGT_DELET_FILE_FROM_OIC_SFTP,01.00.0000,TSGT Delete File from OIC SFTP,/sailpoint,PRESEEDED_COLLOCATED_CONN_1741,DeleteFileFromArchive,
TSGTCMNHCMDISPAT_SERVICE_02.01.0001.iar.yaml,TSGTCMNHCMDISPAT_SERVICE|02.01.0001,TSGTCMNHCMDISPAT_SERVICE,TSGTCmnHcmDispatcher_Service,02.01.0001,DeleteFileFromSource(i6),Adapter_Invoke,,,,,TSGTFTP_CONN,DeleteFileFromSource,
TSGTCMNHCMDISPAT_SERVICE_02.01.0001.iar.yaml,TSGTCMNHCMDISPAT_SERVICE|02.01.0001,TSGTCMNHCMDISPAT_SERVICE,TSGTCmnHcmDispatcher_Service,02.01.0001,DownloadFile(i3),Adapter_Invoke,,,,,TSGTFTP_CONN,DownloadFile,
TSGTCMNHCMDISPAT_SERVICE_02.01.0001.iar.yaml,TSGTCMNHCMDISPAT_SERVICE|02.01.0001,TSGTCMNHCMDISPAT_SERVICE,TSGTCmnHcmDispatcher_Service,02.01.0001,GetAllinstances(i14),Adapter_Invoke,,,,/instances,TSGTRESTVBCSBO_CONN,GetAllinstances,
TSGTCMNHCMDISPAT_SERVICE_02.01.0001.iar.yaml,TSGTCMNHCMDISPAT_SERVICE|02.01.0001,TSGTCMNHCMDISPAT_SERVICE,TSGTCmnHcmDispatcher_Service,02.01.0001,MovetoTargetFolder(i23),Adapter_Invoke,,,,,TSGTFTP_CONN,MovetoTargetFolder,
TSGTCMNHCMDISPAT_SERVICE_02.01.0001.iar.yaml,TSGTCMNHCMDISPAT_SERVICE|02.01.0001,TSGTCMNHCMDISPAT_SERVICE,TSGTCmnHcmDispatcher_Service,02.01.0001,UpdateInstanceLog(i15),Adapter_Invoke,,,,/instances/{instances_id},TSGTRESTVBCSBO_CONN,UpdateInstanceLog,
TSGTCMNHCMDISPAT_SERVICE_02.01.0001.iar.yaml,TSGTCMNHCMDISPAT_SERVICE|02.01.0001,TSGTCMNHCMDISPAT_SERVICE,TSGTCmnHcmDispatcher_Service,02.01.0001,UpdateTransaction_ERROR(i12),Adapter_Invoke,,,,/Logger/{Logger_Id}/action/updateTransaction,TSGTRESTVBCSBO_CONN,UpdateTransaction_ERROR,
TSGTCMNHCMDISPAT_SERVICE_02.01.0001.iar.yaml,TSGTCMNHCMDISPAT_SERVICE|02.01.0001,TSGTCMNHCMDISPAT_SERVICE,TSGTCmnHcmDispatcher_Service,02.01.0001,WriteFileTOHSA(i18),Adapter_Invoke,,,,,TSGTHSAFTP_CONN,WriteFileTOHSA,
TSGTCMNHCMDISPAT_SERVICE_02.01.0001.iar.yaml,TSGTCMNHCMDISPAT_SERVICE|02.01.0001,TSGTCMNHCMDISPAT_SERVICE,TSGTCmnHcmDispatcher_Service,02.01.0001,WriteFileToArchive_4Extract(i22),Adapter_Invoke,,,,,TSGTFTP_CONN,WriteFileToArchive_4Extract,
TSGTCMNHCMDISPAT_SERVICE_02.01.0001.iar.yaml,TSGTCMNHCMDISPAT_SERVICE|02.01.0001,TSGTCMNHCMDISPAT_SERVICE,TSGTCmnHcmDispatcher_Service,02.01.0001,WriteFileToDeltaDentalFTp(i20),Adapter_Invoke,,,,,TSGTDELTADENTALF_CONN,WriteFileToDeltaDentalFTp,
TSGTCMNHCMDISPAT_SERVICE_02.01.0001.iar.yaml,TSGTCMNHCMDISPAT_SERVICE|02.01.0001,TSGTCMNHCMDISPAT_SERVICE,TSGTCmnHcmDispatcher_Service,02.01.0001,WriteFileToEpmFTP(i11),Adapter_Invoke,,,,,TSGTFTP_CONN,WriteFileToEpmFTP,
TSGTCMNHCMDISPAT_SERVICE_02.01.0001.iar.yaml,TSGTCMNHCMDISPAT_SERVICE|02.01.0001,TSGTCMNHCMDISPAT_SERVICE,TSGTCmnHcmDispatcher_Service,02.01.0001,WriteFileToKaiseFTP(i19),Adapter_Invoke,,,,,TSGTKAISERFTP_CONN,WriteFileToKaiseFTP,
TSGTCMNHCMDISPAT_SERVICE_02.01.0001.iar.yaml,TSGTCMNHCMDISPAT_SERVICE|02.01.0001,TSGTCMNHCMDISPAT_SERVICE,TSGTCmnHcmDispatcher_Service,02.01.0001,WriteFileToVspSFTP(i10),Adapter_Invoke,,,,,TSGTVSPFTP_CONN,WriteFileToVspSFTP,
TSGTCMNHCMDISPAT_SERVICE_02.01.0001.iar.yaml,TSGTCMNHCMDISPAT_SERVICE|02.01.0001,TSGTCMNHCMDISPAT_SERVICE,TSGTCmnHcmDispatcher_Service,02.01.0001,downloadExtractFile(i9),Adapter_Invoke,,,,,TSGTFTP_CONN,downloadExtractFile,
TSGTCMNHCMDISPAT_SERVICE_02.01.0001.iar.yaml,TSGTCMNHCMDISPAT_SERVICE|02.01.0001,TSGTCMNHCMDISPAT_SERVICE,TSGTCmnHcmDispatcher_Service,02.01.0001,getInstanceDetails(i1),Adapter_Invoke,,,,/Instances,TSGTRESTVBCSBO_CONN,getInstanceDetails,
TSGTCMNHCMDISPAT_SERVICE_02.01.0001.iar.yaml,TSGTCMNHCMDISPAT_SERVICE|02.01.0001,TSGTCMNHCMDISPAT_SERVICE,TSGTCmnHcmDispatcher_Service,02.01.0001,getOutboundMetadata(i0),Adapter_Invoke,,,,/FWKOUTBOUNDINTGMETADATA,TSGTRESTVBCSBO_CONN,getOutboundMetadata,
TSGTCMNHCMDISPAT_SERVICE_02.01.0001.iar.yaml,TSGTCMNHCMDISPAT_SERVICE|02.01.0001,TSGTCMNHCMDISPAT_SERVICE,TSGTCmnHcmDispatcher_Service,02.01.0001,updateInstanceStatus(i2),Adapter_Invoke,,,,/Instances/{Instance_Id},TSGTRESTVBCSBO_CONN,updateInstanceStatus,
TSGTCMNHCMDISPAT_SERVICE_02.01.0001.iar.yaml,TSGTCMNHCMDISPAT_SERVICE|02.01.0001,TSGTCMNHCMDISPAT_SERVICE,TSGTCmnHcmDispatcher_Service,02.01.0001,updateLastRunDate(i7),Adapter_Invoke,,,,/FWKOUTBOUNDINTGMETADATA/{Id},TSGTRESTVBCSBO_CONN,updateLastRunDate,
TSGTCMNHCMDISPAT_SERVICE_02.01.0001.iar.yaml,TSGTCMNHCMDISPAT_SERVICE|02.01.0001,TSGTCMNHCMDISPAT_SERVICE,TSGTCmnHcmDispatcher_Service,02.01.0001,updateTransactionStatus(i5),Adapter_Invoke,,,,/Logger/{Logger_Id}/action/updateTransaction,TSGTRESTVBCSBO_CONN,updateTransactionStatus,
TSGTCMNHCMDISPAT_SERVICE_02.01.0001.iar.yaml,TSGTCMNHCMDISPAT_SERVICE|02.01.0001,TSGTCMNHCMDISPAT_SERVICE,TSGTCmnHcmDispatcher_Service,02.01.0001,uploadFileToObjectStr(i8),Adapter_Invoke,,,,/n/{nameSpaceName}/b/{bucketName}/o/{objectName},TSGTOBJECTSTORAG_CONN,uploadFileToObjectStr,
TSGTCMNHCMDISPAT_SERVICE_02.01.0001.iar.yaml,TSGTCMNHCMDISPAT_SERVICE|02.01.0001,TSGTCMNHCMDISPAT_SERVICE,TSGTCmnHcmDispatcher_Service,02.01.0001,writeFileToCobraTP(i24),Adapter_Invoke,,,,,TSGTCOBRAFTP_CONN,writeFileToCobraTP,
TSGTCMNHCMEXTRAC_SERVICE_01.00.0000.iar.yaml,TSGTCMNHCMEXTRAC_SERVICE|01.00.0000,TSGTCMNHCMEXTRAC_SERVICE,TSGTCmnHcmExtractProcess_Service,01.00.0000,invokeDispatcherService(i10),IntegrationAction,TSGTCMNHCMDISPAT_SERVICE,01.00.0000,TSGTCmnHcmDispatcher_Service,/hcmOutboundLauncher,PRESEEDED_COLLOCATED_CONN_1741,invokeDispatcherService,
TSGTCMNHCMEXTRAC_SERVICE_01.00.0000.iar.yaml,TSGTCMNHCMEXTRAC_SERVICE|01.00.0000,TSGTCMNHCMEXTRAC_SERVICE,TSGTCmnHcmExtractProcess_Service,01.00.0000,InvokeErrNtf(i13),RESTToOIC,TSGTCMNHCMNOTIFI_SERVICE,1.0,TSGTCmnHcmNotification_Service,/api/integration/v1/flows/rest/TSGTCMNHCMNOTIFI_SERVICE/1.0/notification,TSGTRESTOICINVOK_CONN,InvokeErrNtf,
TSGTCMNHCMEXTRAC_SERVICE_01.00.0000.iar.yaml,TSGTCMNHCMEXTRAC_SERVICE|01.00.0000,TSGTCMNHCMEXTRAC_SERVICE,TSGTCmnHcmExtractProcess_Service,01.00.0000,InvokeErrorNotifications(i18),RESTToOIC,TSGTCMNHCMNOTIFI_SERVICE,1.0,TSGTCmnHcmNotification_Service,/api/integration/v1/flows/rest/TSGTCMNHCMNOTIFI_SERVICE/1.0/notification,TSGTRESTOICINVOK_CONN,InvokeErrorNotifications,
TSGTCMNHCMEXTRAC_SERVICE_01.00.0000.iar.yaml,TSGTCMNHCMEXTRAC_SERVICE|01.00.0000,TSGTCMNHCMEXTRAC_SERVICE,TSGTCmnHcmExtractProcess_Service,01.00.0000,NotifyError(i21),RESTToOIC,TSGTCMNHCMNOTIFI_SERVICE,1.0,TSGTCmnHcmNotification_Service,/api/integration/v1/flows/rest/TSGTCMNHCMNOTIFI_SERVICE/1.0/notification,TSGTRESTOICINVOK_CONN,NotifyError,
TSGTCMNHCMEXTRAC_SERVICE_01.00.0000.iar.yaml,TSGTCMNHCMEXTRAC_SERVICE|01.00.0000,TSGTCMNHCMEXTRAC_SERVICE,TSGTCmnHcmExtractProcess_Service,01.00.0000,GetAllInstances(i24),Adapter_Invoke,,,,/Instances,TSGTRESTVBCSBO_CONN,GetAllInstances,
TSGTCMNHCMEXTRAC_SERVICE_01.00.0000.iar.yaml,TSGTCMNHCMEXTRAC_SERVICE|01.00.0000,TSGTCMNHCMEXTRAC_SERVICE,TSGTCmnHcmExtractProcess_Service,01.00.0000,GetExtractFileDetails(i2),Adapter_Invoke,,,,,TSGTSOAPHCMBIP_CONN,GetExtractFileDetails,
TSGTCMNHCMEXTRAC_SERVICE_01.00.0000.iar.yaml,TSGTCMNHCMEXTRAC_SERVICE|01.00.0000,TSGTCMNHCMEXTRAC_SERVICE,TSGTCmnHcmExtractProcess_Service,01.00.0000,GetHCMExtractStatus(i1),Adapter_Invoke,,,,,TSGTADAPTERHCM_CONN,GetHCMExtractStatus,
TSGTCMNHCMEXTRAC_SERVICE_01.00.0000.iar.yaml,TSGTCMNHCMEXTRAC_SERVICE|01.00.0000,TSGTCMNHCMEXTRAC_SERVICE,TSGTCmnHcmExtractProcess_Service,01.00.0000,GetInstanceDetails(i15),Adapter_Invoke,,,,/Instances/{Instances_Id},TSGTRESTVBCSBO_CONN,GetInstanceDetails,
TSGTCMNHCMEXTRAC_SERVICE_01.00.0000.iar.yaml,TSGTCMNHCMEXTRAC_SERVICE|01.00.0000,TSGTCMNHCMEXTRAC_SERVICE,TSGTCmnHcmExtractProcess_Service,01.00.0000,GetInstanceId(i3),Adapter_Invoke,,,,/na,TSGTRESTVBCSBO_CONN,GetInstanceId,
TSGTCMNHCMEXTRAC_SERVICE_01.00.0000.iar.yaml,TSGTCMNHCMEXTRAC_SERVICE|01.00.0000,TSGTCMNHCMEXTRAC_SERVICE,TSGTCmnHcmExtractProcess_Service,01.00.0000,GetInstancesCount(i9),Adapter_Invoke,,,,/Logger/{Logger_Id}/action/getInstanceCount,TSGTRESTVBCSBO_CONN,GetInstancesCount,
TSGTCMNHCMEXTRAC_SERVICE_01.00.0000.iar.yaml,TSGTCMNHCMEXTRAC_SERVICE|01.00.0000,TSGTCMNHCMEXTRAC_SERVICE,TSGTCmnHcmExtractProcess_Service,01.00.0000,GetOutboundIntegrationMetadata(i8),Adapter_Invoke,,,,/FWKOUTBOUNDINTGMETADATA,TSGTRESTVBCSBO_CONN,GetOutboundIntegrationMetadata,
TSGTCMNHCMEXTRAC_SERVICE_01.00.0000.iar.yaml,TSGTCMNHCMEXTRAC_SERVICE|01.00.0000,TSGTCMNHCMEXTRAC_SERVICE,TSGTCmnHcmExtractProcess_Service,01.00.0000,GetTransactionInstances(i25),Adapter_Invoke,,,,/Instances,TSGTRESTVBCSBO_CONN,GetTransactionInstances,
TSGTCMNHCMEXTRAC_SERVICE_01.00.0000.iar.yaml,TSGTCMNHCMEXTRAC_SERVICE|01.00.0000,TSGTCMNHCMEXTRAC_SERVICE,TSGTCmnHcmExtractProcess_Service,01.00.0000,InsertNewInstance(i16),Adapter_Invoke,,,,/Logger/{Logger_Id}/action/insertInstanceLog,TSGTRESTVBCSBO_CONN,InsertNewInstance,
TSGTCMNHCMEXTRAC_SERVICE_01.00.0000.iar.yaml,TSGTCMNHCMEXTRAC_SERVICE|01.00.0000,TSGTCMNHCMEXTRAC_SERVICE,TSGTCmnHcmExtractProcess_Service,01.00.0000,InsertNewInstanceBO(i17),Adapter_Invoke,,,,/Logger/{Logger_Id}/action/insertInstanceLog,TSGTRESTVBCSBO_CONN,InsertNewInstanceBO,
TSGTCMNHCMEXTRAC_SERVICE_01.00.0000.iar.yaml,TSGTCMNHCMEXTRAC_SERVICE|01.00.0000,TSGTCMNHCMEXTRAC_SERVICE,TSGTCmnHcmExtractProcess_Service,01.00.0000,InvokeHCMExtract(i0),Adapter_Invoke,,,,,TSGTADAPTERHCM_CONN,InvokeHCMExtract,
TSGTCMNHCMEXTRAC_SERVICE_01.00.0000.iar.yaml,TSGTCMNHCMEXTRAC_SERVICE|01.00.0000,TSGTCMNHCMEXTRAC_SERVICE,TSGTCmnHcmExtractProcess_Service,01.00.0000,UpdateInstanceFault(i20),Adapter_Invoke,,,,/Instances/{Instances_Id},TSGTRESTVBCSBO_CONN,UpdateInstanceFault,
TSGTCMNHCMEXTRAC_SERVICE_01.00.0000.iar.yaml,TSGTCMNHCMEXTRAC_SERVICE|01.00.0000,TSGTCMNHCMEXTRAC_SERVICE,TSGTCmnHcmExtractProcess_Service,01.00.0000,UpdateInstanceLog(i12),Adapter_Invoke,,,,/Instances/{Instances_Id},TSGTRESTVBCSBO_CONN,UpdateInstanceLog,
TSGTCMNHCMEXTRAC_SERVICE_01.00.0000.iar.yaml,TSGTCMNHCMEXTRAC_SERVICE|01.00.0000,TSGTCMNHCMEXTRAC_SERVICE,TSGTCmnHcmExtractProcess_Service,01.00.0000,UpdateLog(i4),Adapter_Invoke,,,,/Logger/{Logger_Id}/action/updateLog,TSGTRESTVBCSBO_CONN,UpdateLog,
TSGTCMNHCMEXTRAC_SERVICE_01.00.0000.iar.yaml,TSGTCMNHCMEXTRAC_SERVICE|01.00.0000,TSGTCMNHCMEXTRAC_SERVICE,TSGTCmnHcmExtractProcess_Service,01.00.0000,UpdateLogTable(i7),Adapter_Invoke,,,,/Logger/{Logger_Id}/action/updateLog,TSGTRESTVBCSBO_CONN,UpdateLogTable,
TSGTCMNHCMEXTRAC_SERVICE_01.00.0000.iar.yaml,TSGTCMNHCMEXTRAC_SERVICE|01.00.0000,TSGTCMNHCMEXTRAC_SERVICE,TSGTCmnHcmExtractProcess_Service,01.00.0000,UpdateTransactionError(i11),Adapter_Invoke,,,,/Logger/{Logger_Id}/action/updateTransaction,TSGTRESTVBCSBO_CONN,UpdateTransactionError,
TSGTCMNHCMEXTRAC_SERVICE_01.00.0000.iar.yaml,TSGTCMNHCMEXTRAC_SERVICE|01.00.0000,TSGTCMNHCMEXTRAC_SERVICE,TSGTCmnHcmExtractProcess_Service,01.00.0000,UpdateTransactionError1(i19),Adapter_Invoke,,,,/Logger/{Logger_Id}/action/updateTransaction,TSGTRESTVBCSBO_CONN,UpdateTransactionError1,
TSGTCMNHCMEXTRAC_SERVICE_01.00.0000.iar.yaml,TSGTCMNHCMEXTRAC_SERVICE|01.00.0000,TSGTCMNHCMEXTRAC_SERVICE,TSGTCmnHcmExtractProcess_Service,01.00.0000,UpdateTransactionError2(i22),Adapter_Invoke,,,,/Logger/{Logger_Id}/action/updateTransaction,TSGTRESTVBCSBO_CONN,UpdateTransactionError2,
TSGTCMNHCMEXTRAC_SERVICE_01.00.0000.iar.yaml,TSGTCMNHCMEXTRAC_SERVICE|01.00.0000,TSGTCMNHCMEXTRAC_SERVICE,TSGTCmnHcmExtractProcess_Service,01.00.0000,UpdateTransactionFileName(i14),Adapter_Invoke,,,,/Logger/{Logger_Id}/action/updateTransaction,TSGTRESTVBCSBO_CONN,UpdateTransactionFileName,
TSGTCMNHCMEXTRAC_SERVICE_01.00.0000.iar.yaml,TSGTCMNHCMEXTRAC_SERVICE|01.00.0000,TSGTCMNHCMEXTRAC_SERVICE,TSGTCmnHcmExtractProcess_Service,01.00.0000,UpdateTransactionRecord(i6),Adapter_Invoke,,,,/Logger/{Logger_Id}/action/updateTransaction,TSGTRESTVBCSBO_CONN,UpdateTransactionRecord,
TSGTCMNHCMEXTRAC_SERVICE_01.00.0000.iar.yaml,TSGTCMNHCMEXTRAC_SERVICE|01.00.0000,TSGTCMNHCMEXTRAC_SERVICE,TSGTCmnHcmExtractProcess_Service,01.00.0000,UpdateTransactionStatus(i5),Adapter_Invoke,,,,/Logger/{Logger_Id}/action/updateTransaction,TSGTRESTVBCSBO_CONN,UpdateTransactionStatus,
TSGTCMNHCMINBOUN_SERVICE_01.00.0000.iar.yaml,TSGTCMNHCMINBOUN_SERVICE|01.00.0000,TSGTCMNHCMINBOUN_SERVICE,TSGTCmnHcmInboundProcess_Service,01.00.0000,CallErrorNotifi(i5),IntegrationAction,TSGTCMNHCMNOTIFI_SERVICE,01.00.0000,TSGTCmnHcmNotification_Service,/notification,PRESEEDED_COLLOCATED_CONN_1741,CallErrorNotifi,
TSGTCMNHCMINBOUN_SERVICE_01.00.0000.iar.yaml,TSGTCMNHCMINBOUN_SERVICE|01.00.0000,TSGTCMNHCMINBOUN_SERVICE,TSGTCmnHcmInboundProcess_Service,01.00.0000,EmailNotification(i12),RESTToOIC,TSGTCMNHCMNOTIFI_SERVICE,1.0,TSGTCmnHcmNotification_Service,/api/integration/v1/flows/rest/TSGTCMNHCMNOTIFI_SERVICE/1.0/notification,TSGTRESTOICINVOK_CONN,EmailNotification,
TSGTCMNHCMINBOUN_SERVICE_01.00.0000.iar.yaml,TSGTCMNHCMINBOUN_SERVICE|01.00.0000,TSGTCMNHCMINBOUN_SERVICE,TSGTCmnHcmInboundProcess_Service,01.00.0000,InvokeErrorNotifications(i7),RESTToOIC,TSGTCMNHCMNOTIFI_SERVICE,1.0,TSGTCmnHcmNotification_Service,/api/integration/v1/flows/rest/TSGTCMNHCMNOTIFI_SERVICE/1.0/notification,TSGTRESTOICINVOK_CONN,InvokeErrorNotifications,
TSGTCMNHCMINBOUN_SERVICE_01.00.0000.iar.yaml,TSGTCMNHCMINBOUN_SERVICE|01.00.0000,TSGTCMNHCMINBOUN_SERVICE,TSGTCmnHcmInboundProcess_Service,01.00.0000,callEntityTransformService(i8),RESTToOIC,{code},1.0,,/api/integration/v1/flows/rest/{code}/1.0/transform ,TSGTRESTOICINVOK_CONN,callEntityTransformService,
TSGTCMNHCMINBOUN_SERVICE_01.00.0000.iar.yaml,TSGTCMNHCMINBOUN_SERVICE|01.00.0000,TSGTCMNHCMINBOUN_SERVICE,TSGTCmnHcmInboundProcess_Service,01.00.0000,GetErrorFile(i2),Adapter_Invoke,,,,/n/{namespaceName}/b/{bucketName}/o/{objectName},TSGTOBJECTSTORAG_CONN,GetErrorFile,
TSGTCMNHCMINBOUN_SERVICE_01.00.0000.iar.yaml,TSGTCMNHCMINBOUN_SERVICE|01.00.0000,TSGTCMNHCMINBOUN_SERVICE,TSGTCmnHcmInboundProcess_Service,01.00.0000,GetFileFromArchiveBucket(i14),Adapter_Invoke,,,,/n/{nameSpaceName}/b/{bucketName}/o/{objectName},TSGTOBJECTSTORAG_CONN,GetFileFromArchiveBucket,
TSGTCMNHCMINBOUN_SERVICE_01.00.0000.iar.yaml,TSGTCMNHCMINBOUN_SERVICE|01.00.0000,TSGTCMNHCMINBOUN_SERVICE,TSGTCmnHcmInboundProcess_Service,01.00.0000,GetInboundMetadataFromBO(i6),Adapter_Invoke,,,,/FWKINBOUNDINTGMETADATA,TSGTRESTVBCSBO_CONN,GetInboundMetadataFromBO,
TSGTCMNHCMINBOUN_SERVICE_01.00.0000.iar.yaml,TSGTCMNHCMINBOUN_SERVICE|01.00.0000,TSGTCMNHCMINBOUN_SERVICE,TSGTCmnHcmInboundProcess_Service,01.00.0000,GetTransactionId(i1),Adapter_Invoke,,,,/Transactions,TSGTRESTVBCSBO_CONN,GetTransactionId,
TSGTCMNHCMINBOUN_SERVICE_01.00.0000.iar.yaml,TSGTCMNHCMINBOUN_SERVICE|01.00.0000,TSGTCMNHCMINBOUN_SERVICE,TSGTCmnHcmInboundProcess_Service,01.00.0000,InsertIntoTrnxTbl(i4),Adapter_Invoke,,,,/Logger/{LoggerId}/action/insertLog,TSGTRESTVBCSBO_CONN,InsertIntoTrnxTbl,
TSGTCMNHCMINBOUN_SERVICE_01.00.0000.iar.yaml,TSGTCMNHCMINBOUN_SERVICE|01.00.0000,TSGTCMNHCMINBOUN_SERVICE,TSGTCmnHcmInboundProcess_Service,01.00.0000,ListObjectFile(i0),Adapter_Invoke,,,,/n/{namespaceName}/b/{bucketName}/o,TSGTOBJECTSTORAG_CONN,ListObjectFile,
TSGTCMNHCMINBOUN_SERVICE_01.00.0000.iar.yaml,TSGTCMNHCMINBOUN_SERVICE|01.00.0000,TSGTCMNHCMINBOUN_SERVICE,TSGTCmnHcmInboundProcess_Service,01.00.0000,UpdateTransaction(i11),Adapter_Invoke,,,,/Logger/{Logger_Id}/action/updateTransaction,TSGTRESTVBCSBO_CONN,UpdateTransaction,
TSGTCMNHCMINBOUN_SERVICE_01.00.0000.iar.yaml,TSGTCMNHCMINBOUN_SERVICE|01.00.0000,TSGTCMNHCMINBOUN_SERVICE,TSGTCmnHcmInboundProcess_Service,01.00.0000,UpdateTransactionBO_ERROR(i10),Adapter_Invoke,,,,/Logger/{Logger_Id}/action/updateTransaction,TSGTRESTVBCSBO_CONN,UpdateTransactionBO_ERROR,
TSGTCMNHCMINBOUN_SERVICE_01.00.0000.iar.yaml,TSGTCMNHCMINBOUN_SERVICE|01.00.0000,TSGTCMNHCMINBOUN_SERVICE,TSGTCmnHcmInboundProcess_Service,01.00.0000,UploadRawFile(i3),Adapter_Invoke,,,,/n/{namespaceName}/b/{bucketName}/o/{objectName},TSGTOBJECTSTORAG_CONN,UploadRawFile,
TSGTCMNHCMINBOUN_SERVICE_01.00.0000.iar.yaml,TSGTCMNHCMINBOUN_SERVICE|01.00.0000,TSGTCMNHCMINBOUN_SERVICE,TSGTCmnHcmInboundProcess_Service,01.00.0000,getInstances(i13),Adapter_Invoke,,,,/Instances,TSGTRESTVBCSBO_CONN,getInstances,
TSGTCMNHCMINBOUN_SERVICE_01.00.0000.iar.yaml,TSGTCMNHCMINBOUN_SERVICE|01.00.0000,TSGTCMNHCMINBOUN_SERVICE,TSGTCmnHcmInboundProcess_Service,01.00.0000,updateTransactionBO(i9),Adapter_Invoke,,,,/Logger/{Logger_Id}/action/updateTransaction,TSGTRESTVBCSBO_CONN,updateTransactionBO,
TSGTCMNHCMLAUNCH_SERVICE_01.00.0001.iar.yaml,TSGTCMNHCMLAUNCH_SERVICE|01.00.0001,TSGTCMNHCMLAUNCH_SERVICE,TSGTCmnHcmLauncherFwk_Service,01.00.0001,callInboundLauncher(i4),RESTToOIC,TSGTCMNHCMINBOUN_SERVICE,1.0,TSGTCmnHcmInboundProcess_Service,/api/integration/v1/flows/rest/TSGTCMNHCMINBOUN_SERVICE/1.0/transform,TSGTRESTOICINVOK_CONN,callInboundLauncher,
TSGTCMNHCMLAUNCH_SERVICE_01.00.0001.iar.yaml,TSGTCMNHCMLAUNCH_SERVICE|01.00.0001,TSGTCMNHCMLAUNCH_SERVICE,TSGTCmnHcmLauncherFwk_Service,01.00.0001,ErrorNotification(i3),IntegrationAction,TSGTCMNHCMNOTIFI_SERVICE,01.01.0001,TSGTCmnHcmNotification_Service,/notification,PRESEEDED_COLLOCATED_CONN_1741,ErrorNotification,
TSGTCMNHCMLAUNCH_SERVICE_01.00.0001.iar.yaml,TSGTCMNHCMLAUNCH_SERVICE|01.00.0001,TSGTCMNHCMLAUNCH_SERVICE,TSGTCmnHcmLauncherFwk_Service,01.00.0001,SendNotification(i0),IntegrationAction,TSGTCMNHCMNOTIFI_SERVICE,01.01.0001,TSGTCmnHcmNotification_Service,/notification,PRESEEDED_COLLOCATED_CONN_1741,SendNotification,
TSGTCMNHCMLAUNCH_SERVICE_01.00.0001.iar.yaml,TSGTCMNHCMLAUNCH_SERVICE|01.00.0001,TSGTCMNHCMLAUNCH_SERVICE,TSGTCmnHcmLauncherFwk_Service,01.00.0001,callOutboundLauncher(i13),RESTToOIC,{IntegrationCode},1.0,,/api/integration/v1/flows/rest/{IntegrationCode}/1.0/hcmOutboundLauncher,TSGTRESTOICINVOK_CONN,callOutboundLauncher,
TSGTCMNHCMLAUNCH_SERVICE_01.00.0001.iar.yaml,TSGTCMNHCMLAUNCH_SERVICE|01.00.0001,TSGTCMNHCMLAUNCH_SERVICE,TSGTCmnHcmLauncherFwk_Service,01.00.0001,DeleteSourceFile(i12),Adapter_Invoke,,,,,TSGTFTP_CONN,DeleteSourceFile,
TSGTCMNHCMLAUNCH_SERVICE_01.00.0001.iar.yaml,TSGTCMNHCMLAUNCH_SERVICE|01.00.0001,TSGTCMNHCMLAUNCH_SERVICE,TSGTCmnHcmLauncherFwk_Service,01.00.0001,DownloadFileToStage(i9),Adapter_Invoke,,,,,TSGTFTP_CONN,DownloadFileToStage,
TSGTCMNHCMLAUNCH_SERVICE_01.00.0001.iar.yaml,TSGTCMNHCMLAUNCH_SERVICE|01.00.0001,TSGTCMNHCMLAUNCH_SERVICE,TSGTCmnHcmLauncherFwk_Service,01.00.0001,GetMetadata(i6),Adapter_Invoke,,,,/FWKINBOUNDINTGMETADATA,TSGTRESTVBCSBO_CONN,GetMetadata,
TSGTCMNHCMLAUNCH_SERVICE_01.00.0001.iar.yaml,TSGTCMNHCMLAUNCH_SERVICE|01.00.0001,TSGTCMNHCMLAUNCH_SERVICE,TSGTCmnHcmLauncherFwk_Service,01.00.0001,GetOutboundIntegrationMetadata(i10),Adapter_Invoke,,,,/FWKOUTBOUNDINTGMETADATA,TSGTRESTVBCSBO_CONN,GetOutboundIntegrationMetadata,
TSGTCMNHCMLAUNCH_SERVICE_01.00.0001.iar.yaml,TSGTCMNHCMLAUNCH_SERVICE|01.00.0001,TSGTCMNHCMLAUNCH_SERVICE,TSGTCmnHcmLauncherFwk_Service,01.00.0001,GetTransactionDetails(i1),Adapter_Invoke,,,,/TransactionTypes,TSGTRESTVBCSBO_CONN,GetTransactionDetails,
TSGTCMNHCMLAUNCH_SERVICE_01.00.0001.iar.yaml,TSGTCMNHCMLAUNCH_SERVICE|01.00.0001,TSGTCMNHCMLAUNCH_SERVICE,TSGTCmnHcmLauncherFwk_Service,01.00.0001,InsertRecordintoTransactionTable(i7),Adapter_Invoke,,,,/Logger/{LoggerId}/action/insertLog,TSGTRESTVBCSBO_CONN,InsertRecordintoTransactionTable,
TSGTCMNHCMLAUNCH_SERVICE_01.00.0001.iar.yaml,TSGTCMNHCMLAUNCH_SERVICE|01.00.0001,TSGTCMNHCMLAUNCH_SERVICE,TSGTCmnHcmLauncherFwk_Service,01.00.0001,ListInboundFiles(i8),Adapter_Invoke,,,,,TSGTFTP_CONN,ListInboundFiles,
TSGTCMNHCMLAUNCH_SERVICE_01.00.0001.iar.yaml,TSGTCMNHCMLAUNCH_SERVICE|01.00.0001,TSGTCMNHCMLAUNCH_SERVICE,TSGTCmnHcmLauncherFwk_Service,01.00.0001,UploadFileToRawBucket(i5),Adapter_Invoke,,,,/n/{namespaceName}/b/{bucketName}/o/{objectName},TSGTOBJECTSTORAG_CONN,UploadFileToRawBucket,
TSGTCMNHCMLAUNCH_SERVICE_01.00.0001.iar.yaml,TSGTCMNHCMLAUNCH_SERVICE|01.00.0001,TSGTCMNHCMLAUNCH_SERVICE,TSGTCmnHcmLauncherFwk_Service,01.00.0001,updateLastRunDate(i11),Adapter_Invoke,,,,/FWKINBOUNDINTGMETADATA/{id},TSGTRESTVBCSBO_CONN,updateLastRunDate,
TSGTCMNHCMNOTIFI_SERVICE_01.01.0002.iar.yaml,TSGTCMNHCMNOTIFI_SERVICE|01.01.0002,TSGTCMNHCMNOTIFI_SERVICE,TSGTCmnHcmNotification_Service,01.01.0002,GetEnrichFile(i1),Adapter_Invoke,,,,/n/{namespaceName}/b/{bucketName}/o/{objectName},TSGTOBJECTSTORAG_CONN,GetEnrichFile,
TSGTCMNHCMNOTIFI_SERVICE_02.01.0003.iar.yaml,TSGTCMNHCMNOTIFI_SERVICE|02.01.0003,TSGTCMNHCMNOTIFI_SERVICE,TSGTCmnHcmNotification_Service,02.01.0003,GetEnrichFile(i1),Adapter_Invoke,,,,/n/{namespaceName}/b/{bucketName}/o/{objectName},TSGTOBJECTSTORAG_CONN,GetEnrichFile,
TSGTCMNHCMNOTIFI_SERVICE_01.01.0002.iar.yaml,TSGTCMNHCMNOTIFI_SERVICE|01.01.0002,TSGTCMNHCMNOTIFI_SERVICE,TSGTCmnHcmNotification_Service,01.01.0002,GetInboundMetaDataDetails(i3),Adapter_Invoke,,,,/FWKINBOUNDINTGMETADATA,TSGTRESTVBCSBO_CONN,GetInboundMetaDataDetails,
TSGTCMNHCMNOTIFI_SERVICE_02.01.0003.iar.yaml,TSGTCMNHCMNOTIFI_SERVICE|02.01.0003,TSGTCMNHCMNOTIFI_SERVICE,TSGTCmnHcmNotification_Service,02.01.0003,GetInboundMetaDataDetails(i3),Adapter_Invoke,,,,/FWKINBOUNDINTGMETADATA,TSGTRESTVBCSBO_CONN,GetInboundMetaDataDetails,
TSGTCMNHCMNOTIFI_SERVICE_01.01.0002.iar.yaml,TSGTCMNHCMNOTIFI_SERVICE|01.01.0002,TSGTCMNHCMNOTIFI_SERVICE,TSGTCmnHcmNotification_Service,01.01.0002,getInstanceDetails(i0),Adapter_Invoke,,,,/Instances,TSGTRESTVBCSBO_CONN,getInstanceDetails,
TSGTCMNHCMNOTIFI_SERVICE_02.01.0003.iar.yaml,TSGTCMNHCMNOTIFI_SERVICE|02.01.0003,TSGTCMNHCMNOTIFI_SERVICE,TSGTCmnHcmNotification_Service,02.01.0003,getInstanceDetails(i0),Adapter_Invoke,,,,/Instances,TSGTRESTVBCSBO_CONN,getInstanceDetails,
TSGTCMNHCMNOTIFI_SERVICE_01.01.0002.iar.yaml,TSGTCMNHCMNOTIFI_SERVICE|01.01.0002,TSGTCMNHCMNOTIFI_SERVICE,TSGTCmnHcmNotification_Service,01.01.0002,getOutboundMetadata(i5),Adapter_Invoke,,,,/FWKOUTBOUNDINTGMETADATA,TSGTRESTVBCSBO_CONN,getOutboundMetadata,
TSGTCMNHCMNOTIFI_SERVICE_02.01.0003.iar.yaml,TSGTCMNHCMNOTIFI_SERVICE|02.01.0003,TSGTCMNHCMNOTIFI_SERVICE,TSGTCmnHcmNotification_Service,02.01.0003,getOutboundMetadata(i5),Adapter_Invoke,,,,/FWKOUTBOUNDINTGMETADATA,TSGTRESTVBCSBO_CONN,getOutboundMetadata,
TSGTCMNHCMNOTIFI_SERVICE_01.01.0002.iar.yaml,TSGTCMNHCMNOTIFI_SERVICE|01.01.0002,TSGTCMNHCMNOTIFI_SERVICE,TSGTCmnHcmNotification_Service,01.01.0002,getTransactionDetails(i2),Adapter_Invoke,,,,/Transactions,TSGTRESTVBCSBO_CONN,getTransactionDetails,
TSGTCMNHCMNOTIFI_SERVICE_02.01.0003.iar.yaml,TSGTCMNHCMNOTIFI_SERVICE|02.01.0003,TSGTCMNHCMNOTIFI_SERVICE,TSGTCmnHcmNotification_Service,02.01.0003,getTransactionDetails(i2),Adapter_Invoke,,,,/Transactions,TSGTRESTVBCSBO_CONN,getTransactionDetails,
TSGTCMNHCMNOTIFI_SERVICE_01.01.0002.iar.yaml,TSGTCMNHCMNOTIFI_SERVICE|01.01.0002,TSGTCMNHCMNOTIFI_SERVICE,TSGTCmnHcmNotification_Service,01.01.0002,getTransactionTypes(i4),Adapter_Invoke,,,,/TransactionTypes,TSGTRESTVBCSBO_CONN,getTransactionTypes,
TSGTCMNHCMNOTIFI_SERVICE_02.01.0003.iar.yaml,TSGTCMNHCMNOTIFI_SERVICE|02.01.0003,TSGTCMNHCMNOTIFI_SERVICE,TSGTCmnHcmNotification_Service,02.01.0003,getTransactionTypes(i4),Adapter_Invoke,,,,/TransactionTypes,TSGTRESTVBCSBO_CONN,getTransactionTypes,
TSGTCMNLAUNCHERF_SERVICE_01.00.0000.iar.yaml,TSGTCMNLAUNCHERF_SERVICE|01.00.0000,TSGTCMNLAUNCHERF_SERVICE,TSGTCmnLauncherFwk_Service,01.00.0000,InvokeERPCommonLauncher(i6),IntegrationAction,TSGTCMNERPLAUNCH_SERVICE,01.00.0000,TSGTCmnErpLauncherIbFwk_Service,/InvokeLauncher,PRESEEDED_COLLOCATED_CONN_1741,InvokeERPCommonLauncher,
TSGTCMNLAUNCHERF_SERVICE_01.00.0000.iar.yaml,TSGTCMNLAUNCHERF_SERVICE|01.00.0000,TSGTCMNLAUNCHERF_SERVICE,TSGTCmnLauncherFwk_Service,01.00.0000,InvokeERPCommonLauncherOut(i7),IntegrationAction,TSGTCMNERPLAUNCH_SERVICE_OB,01.00.0000,TSGTCmnErpLauncherObFwk_Service,/erpOutboundLauncher,PRESEEDED_COLLOCATED_CONN_1741,InvokeERPCommonLauncherOut,
TSGTCMNLAUNCHERF_SERVICE_01.00.0000.iar.yaml,TSGTCMNLAUNCHERF_SERVICE|01.00.0000,TSGTCMNLAUNCHERF_SERVICE,TSGTCmnLauncherFwk_Service,01.00.0000,InvokeHCMCommonLauncher(i8),IntegrationAction,TSGTCMNHCMLAUNCH_SERVICE,01.00.0000,TSGTCmnHcmLauncherFwk_Service,/InvokeLauncher,PRESEEDED_COLLOCATED_CONN_1741,InvokeHCMCommonLauncher,
TSGTCMNLAUNCHERF_SERVICE_01.00.0000.iar.yaml,TSGTCMNLAUNCHERF_SERVICE|01.00.0000,TSGTCMNLAUNCHERF_SERVICE,TSGTCmnLauncherFwk_Service,01.00.0000,ErrorNotify(i2),IntegrationAction,TSGTCMNNOTIFICAT_SERVICE,01.00.0000,TSGTCmnNotificationFwk_Service,/Notify,PRESEEDED_COLLOCATED_CONN_1741,ErrorNotify,
TSGTCMNLAUNCHERF_SERVICE_01.00.0000.iar.yaml,TSGTCMNLAUNCHERF_SERVICE|01.00.0000,TSGTCMNLAUNCHERF_SERVICE,TSGTCmnLauncherFwk_Service,01.00.0000,MoveToArchiveOrDeleteFile(i14),IntegrationAction,TSGTCMNSFTPFILEO_SERVICE,01.00.0000,TSGTCmnSFTPFileOperation_Service,/MoveToArchive,PRESEEDED_COLLOCATED_CONN_1741,MoveToArchiveOrDeleteFile,
TSGTCMNLAUNCHERF_SERVICE_01.00.0000.iar.yaml,TSGTCMNLAUNCHERF_SERVICE|01.00.0000,TSGTCMNLAUNCHERF_SERVICE,TSGTCmnLauncherFwk_Service,01.00.0000,GetFileFromSftpAndMoveToObjectStorage(i11),IntegrationAction,TSGTCMNSFTPTOOBJSTORAGEMOV_SERVI,01.00.0000,TSGTCmnSFTPtoObjectStorageMove_Service,/getFileFromObjectStorage,PRESEEDED_COLLOCATED_CONN_1741,GetFileFromSftpAndMoveToObjectStorage,
TSGTCMNLAUNCHERF_SERVICE_01.00.0000.iar.yaml,TSGTCMNLAUNCHERF_SERVICE|01.00.0000,TSGTCMNLAUNCHERF_SERVICE,TSGTCmnLauncherFwk_Service,01.00.0000,UpdateLogAndTransactions(i3),IntegrationAction,TSGTCMNUPSERTINS_SERVICE,01.00.0000,TSGTCmnUpsertInstanceTransaction_Service,/UpsertInstanceTransaction,PRESEEDED_COLLOCATED_CONN_1741,UpdateLogAndTransactions,
TSGTCMNLAUNCHERF_SERVICE_01.00.0000.iar.yaml,TSGTCMNLAUNCHERF_SERVICE|01.00.0000,TSGTCMNLAUNCHERF_SERVICE,TSGTCmnLauncherFwk_Service,01.00.0000,UpdateLogTransactionupdateStatus(i4),IntegrationAction,TSGTCMNUPSERTINS_SERVICE,01.00.0000,TSGTCmnUpsertInstanceTransaction_Service,/UpsertInstanceTransaction,PRESEEDED_COLLOCATED_CONN_1741,UpdateLogTransactionupdateStatus,
TSGTCMNLAUNCHERF_SERVICE_01.00.0000.iar.yaml,TSGTCMNLAUNCHERF_SERVICE|01.00.0000,TSGTCMNLAUNCHERF_SERVICE,TSGTCmnLauncherFwk_Service,01.00.0000,DeleteFileFromSFTP(i5),Adapter_Invoke,,,,,TSGTFTP_CONN,DeleteFileFromSFTP,
TSGTCMNLAUNCHERF_SERVICE_01.00.0000.iar.yaml,TSGTCMNLAUNCHERF_SERVICE|01.00.0000,TSGTCMNLAUNCHERF_SERVICE,TSGTCmnLauncherFwk_Service,01.00.0000,GetInboundMetadataDetails(i1),Adapter_Invoke,,,,/FWKINBOUNDINTGMETADATA,TSGTRESTVBCSBO_CONN,GetInboundMetadataDetails,
TSGTCMNLAUNCHERF_SERVICE_01.00.0000.iar.yaml,TSGTCMNLAUNCHERF_SERVICE|01.00.0000,TSGTCMNLAUNCHERF_SERVICE,TSGTCmnLauncherFwk_Service,01.00.0000,GetOutboundMetadataFromBO(i9),Adapter_Invoke,,,,/FWKOUTBOUNDINTGMETADATA,TSGTRESTVBCSBO_CONN,GetOutboundMetadataFromBO,
TSGTCMNLAUNCHERF_SERVICE_01.00.0000.iar.yaml,TSGTCMNLAUNCHERF_SERVICE|01.00.0000,TSGTCMNLAUNCHERF_SERVICE,TSGTCmnLauncherFwk_Service,01.00.0000,InsertRecToTransactionIB(i12),Adapter_Invoke,,,,/Logger/{LoggerId}/action/insertLog,TSGTRESTVBCSBO_CONN,InsertRecToTransactionIB,
TSGTCMNLAUNCHERF_SERVICE_01.00.0000.iar.yaml,TSGTCMNLAUNCHERF_SERVICE|01.00.0000,TSGTCMNLAUNCHERF_SERVICE,TSGTCmnLauncherFwk_Service,01.00.0000,InsertRecordToTransaction(i10),Adapter_Invoke,,,,/Logger/{LoggerId}/action/insertLog,TSGTRESTVBCSBO_CONN,InsertRecordToTransaction,
TSGTCMNLAUNCHERF_SERVICE_01.00.0000.iar.yaml,TSGTCMNLAUNCHERF_SERVICE|01.00.0000,TSGTCMNLAUNCHERF_SERVICE,TSGTCmnLauncherFwk_Service,01.00.0000,ListFiles(i0),Adapter_Invoke,,,,,TSGTFTP_CONN,ListFiles,
TSGTCMNNOTIFICAT_SERVICE_01.00.0000.iar.yaml,TSGTCMNNOTIFICAT_SERVICE|01.00.0000,TSGTCMNNOTIFICAT_SERVICE,TSGTCmnNotificationFwk_Service,01.00.0000,downloadFiles(i0),Adapter_Invoke,,,,,TSGTFTP_CONN,downloadFiles,
TSGTCMNOBJECTSTOSFTPMOVE_SERVICE_01.00.0000.iar.yaml,TSGTCMNOBJECTSTOSFTPMOVE_SERVICE|01.00.0000,TSGTCMNOBJECTSTOSFTPMOVE_SERVICE,TSGTCmnObjectStorageToSFTPMove_Service,01.00.0000,GetFileFromBucket(i0),Adapter_Invoke,,,,/n/{nameSpaceName}/b/{bucketName}/o/{objectName},TSGTOBJECTSTORAG_CONN,GetFileFromBucket,
TSGTCMNOBJECTSTOSFTPMOVE_SERVICE_01.00.0000.iar.yaml,TSGTCMNOBJECTSTOSFTPMOVE_SERVICE|01.00.0000,TSGTCMNOBJECTSTOSFTPMOVE_SERVICE,TSGTCmnObjectStorageToSFTPMove_Service,01.00.0000,UploadToRapidSftp(i2),Adapter_Invoke,,,,,TSGTRAPIDFTP_CONN,UploadToRapidSftp,
TSGTCMNOBJECTSTOSFTPMOVE_SERVICE_01.00.0000.iar.yaml,TSGTCMNOBJECTSTOSFTPMOVE_SERVICE|01.00.0000,TSGTCMNOBJECTSTOSFTPMOVE_SERVICE,TSGTCmnObjectStorageToSFTPMove_Service,01.00.0000,UploadToSftp(i1),Adapter_Invoke,,,,,TSGTFTP_CONN,UploadToSftp,
TSGTCMNOBJECTSTOSFTPMOVE_SERVICE_01.00.0000.iar.yaml,TSGTCMNOBJECTSTOSFTPMOVE_SERVICE|01.00.0000,TSGTCMNOBJECTSTOSFTPMOVE_SERVICE,TSGTCmnObjectStorageToSFTPMove_Service,01.00.0000,UploadToVelocitySftp(i3),Adapter_Invoke,,,,,TSGTVELOCITYFTP_CONN,UploadToVelocitySftp,
TSGTCMNOBJSTRGFILE_SERVICE_01.00.0000.iar.yaml,TSGTCMNOBJSTRGFILE_SERVICE|01.00.0000,TSGTCMNOBJSTRGFILE_SERVICE,TSGTCmnObjStrgFile_Service,01.00.0000,DeleteFileFromObjStrg(i1),Adapter_Invoke,,,,/n/{namespacename}/b/{bucketName}/o/{objectName},TSGTOBJECTSTORAG_CONN,DeleteFileFromObjStrg,
TSGTCMNOBJSTRGFILE_SERVICE_01.00.0000.iar.yaml,TSGTCMNOBJSTRGFILE_SERVICE|01.00.0000,TSGTCMNOBJSTRGFILE_SERVICE,TSGTCmnObjStrgFile_Service,01.00.0000,GetObjStorageFile(i0),Adapter_Invoke,,,,/n/{namespacename}/b/{bucketName}/o/,TSGTOBJECTSTORAG_CONN,GetObjStorageFile,
TSGTCMNOBJSTRGFI_SERVICE_01.00.0000.iar.yaml,TSGTCMNOBJSTRGFI_SERVICE|01.00.0000,TSGTCMNOBJSTRGFI_SERVICE,TSGTCmnObjStrgFileDownload_Service,01.00.0000,GetFileFromObjectStorage(i0),Adapter_Invoke,,,,/n/{nameSpaceName}/b/{bucketName}/o/{objectName},TSGTOBJECTSTORAG_CONN,GetFileFromObjectStorage,
TSGTCMNOBJSTRGFI_SERVICE_01.00.0000.iar.yaml,TSGTCMNOBJSTRGFI_SERVICE|01.00.0000,TSGTCMNOBJSTRGFI_SERVICE,TSGTCmnObjStrgFileDownload_Service,01.00.0000,getFilesFromErrorBucket(i1),Adapter_Invoke,,,,/n/{namespaceName}/b/{bucketName}/o/{objectName},TSGTOBJECTSTORAG_CONN,getFilesFromErrorBucket,
TSGTCMNOBJSTRGPU_SERVICE_01.00.0000.iar.yaml,TSGTCMNOBJSTRGPU_SERVICE|01.00.0000,TSGTCMNOBJSTRGPU_SERVICE,TSGTCmnObjStrgPurge_Service,01.00.0000,InvokeNotificationService(i5),IntegrationAction,TSGTCMNNOTIFICAT_SERVICE,01.00.0000,TSGTCmnNotificationFwk_Service,/Notify,PRESEEDED_COLLOCATED_CONN_1741,InvokeNotificationService,
TSGTCMNOBJSTRGPU_SERVICE_01.00.0000.iar.yaml,TSGTCMNOBJSTRGPU_SERVICE|01.00.0000,TSGTCMNOBJSTRGPU_SERVICE,TSGTCmnObjStrgPurge_Service,01.00.0000,InvokeDeleteFileFromObjStorage(i6),IntegrationAction,TSGTCMNOBJSTRGFILE_SERVICE,01.00.0000,TSGTCmnObjStrgFile_Service,/PurgeObjectStorage,PRESEEDED_COLLOCATED_CONN_1741,InvokeDeleteFileFromObjStorage,
TSGTCMNOBJSTRGPU_SERVICE_01.00.0000.iar.yaml,TSGTCMNOBJSTRGPU_SERVICE|01.00.0000,TSGTCMNOBJSTRGPU_SERVICE,TSGTCmnObjStrgPurge_Service,01.00.0000,InvokeFindFileInBucket(i4),IntegrationAction,TSGTCMNOBJSTRGFILE_SERVICE,01.00.0000,TSGTCmnObjStrgFile_Service,/PurgeObjectStorage,PRESEEDED_COLLOCATED_CONN_1741,InvokeFindFileInBucket,
TSGTCMNOBJSTRGPU_SERVICE_01.00.0000.iar.yaml,TSGTCMNOBJSTRGPU_SERVICE|01.00.0000,TSGTCMNOBJSTRGPU_SERVICE,TSGTCmnObjStrgPurge_Service,01.00.0000,InvokeUpdateTransactionBO(i7),IntegrationAction,TSGTCMNUPSERTINS_SERVICE,01.00.0000,TSGTCmnUpsertInstanceTransaction_Service,/UpsertInstanceTransaction,PRESEEDED_COLLOCATED_CONN_1741,InvokeUpdateTransactionBO,
TSGTCMNOBJSTRGPU_SERVICE_01.00.0000.iar.yaml,TSGTCMNOBJSTRGPU_SERVICE|01.00.0000,TSGTCMNOBJSTRGPU_SERVICE,TSGTCmnObjStrgPurge_Service,01.00.0000,GetInboundMetadata(i0),Adapter_Invoke,,,,/FWKINBOUNDINTGMETADATA,TSGTRESTVBCSBO_CONN,GetInboundMetadata,
TSGTCMNOBJSTRGPU_SERVICE_01.00.0000.iar.yaml,TSGTCMNOBJSTRGPU_SERVICE|01.00.0000,TSGTCMNOBJSTRGPU_SERVICE,TSGTCmnObjStrgPurge_Service,01.00.0000,GetInstances(i3),Adapter_Invoke,,,,/Instances,TSGTRESTVBCSBO_CONN,GetInstances,
TSGTCMNOBJSTRGPU_SERVICE_01.00.0000.iar.yaml,TSGTCMNOBJSTRGPU_SERVICE|01.00.0000,TSGTCMNOBJSTRGPU_SERVICE,TSGTCmnObjStrgPurge_Service,01.00.0000,GetOutboundMetadata(i1),Adapter_Invoke,,,,/FWKOUTBOUNDINTGMETADATA,TSGTRESTVBCSBO_CONN,GetOutboundMetadata,
TSGTCMNOBJSTRGPU_SERVICE_01.00.0000.iar.yaml,TSGTCMNOBJSTRGPU_SERVICE|01.00.0000,TSGTCMNOBJSTRGPU_SERVICE,TSGTCmnObjStrgPurge_Service,01.00.0000,GetTransactions(i2),Adapter_Invoke,,,,/Transactions,TSGTRESTVBCSBO_CONN,GetTransactions,
TSGTCMNPURGEOS_INTGSERVICE_01.00.0000.iar.yaml,TSGTCMNPURGEOS_INTGSERVICE|01.00.0000,TSGTCMNPURGEOS_INTGSERVICE,TSGTCmnPurgeOS_IntgService,01.00.0000,InvokePurgeObjectStorageINT(i0),IntegrationAction,TSGTCMNOBJSTRGPU_SERVICE,01.00.0000,TSGTCmnObjStrgPurge_Service,/,PRESEEDED_COLLOCATED_CONN_1741,InvokePurgeObjectStorageINT,
TSGTCMNPURGESFTP_INTGSERVICE_01.00.0000.iar.yaml,TSGTCMNPURGESFTP_INTGSERVICE|01.00.0000,TSGTCMNPURGESFTP_INTGSERVICE,TSGTCmnPurgeSFTP_IntgService,01.00.0000,InvokePurgeSFTPService(i1),IntegrationAction,TSGTCMNSFTPPURGE_SERVICE,01.00.0000,TSGTCmnSFTPPurge_Service,/,PRESEEDED_COLLOCATED_CONN_1741,InvokePurgeSFTPService,
TSGTCMNREPROCESS_SERVICE_01.00.0000.iar.yaml,TSGTCMNREPROCESS_SERVICE|01.00.0000,TSGTCMNREPROCESS_SERVICE,TSGTCmnReprocess_Service,01.00.0000,InvokeInboundlauncherReprocess(i16),IntegrationAction,TSGTCMNERPLAUNCH_SERVICE,01.00.0000,TSGTCmnErpLauncherIbFwk_Service,/InvokeLauncher,PRESEEDED_COLLOCATED_CONN_1741,InvokeInboundlauncherReprocess,
TSGTCMNREPROCESS_SERVICE_01.00.0000.iar.yaml,TSGTCMNREPROCESS_SERVICE|01.00.0000,TSGTCMNREPROCESS_SERVICE,TSGTCmnReprocess_Service,01.00.0000,InvokeLauncherinRepublishmode(i1),IntegrationAction,TSGTCMNERPLAUNCH_SERVICE_OB,01.00.0000,TSGTCmnErpLauncherObFwk_Service,/erpOutboundLauncher,PRESEEDED_COLLOCATED_CONN_1741,InvokeLauncherinRepublishmode,
TSGTCMNREPROCESS_SERVICE_01.00.0000.iar.yaml,TSGTCMNREPROCESS_SERVICE|01.00.0000,TSGTCMNREPROCESS_SERVICE,TSGTCmnReprocess_Service,01.00.0000,UpdateTransaction(i11),IntegrationAction,TSGTCMNUPSERTINS_SERVICE,01.00.0000,TSGTCmnUpsertInstanceTransaction_Service,/UpsertInstanceTransaction,PRESEEDED_COLLOCATED_CONN_1741,UpdateTransaction,
TSGTCMNREPROCESS_SERVICE_01.00.0000.iar.yaml,TSGTCMNREPROCESS_SERVICE|01.00.0000,TSGTCMNREPROCESS_SERVICE,TSGTCmnReprocess_Service,01.00.0000,UpdateTransactions(i13),IntegrationAction,TSGTCMNUPSERTINS_SERVICE,01.00.0000,TSGTCmnUpsertInstanceTransaction_Service,/UpsertInstanceTransaction,PRESEEDED_COLLOCATED_CONN_1741,UpdateTransactions,
TSGTCMNREPROCESS_SERVICE_01.00.0000.iar.yaml,TSGTCMNREPROCESS_SERVICE|01.00.0000,TSGTCMNREPROCESS_SERVICE,TSGTCmnReprocess_Service,01.00.0000,CheckFileExistsInObjectStorage(i17),Adapter_Invoke,,,,/n/{namespace}/b/{bucketName}/o/{objectName},TSGTOBJECTSTORAG_CONN,CheckFileExistsInObjectStorage,
TSGTCMNREPROCESS_SERVICE_01.00.0000.iar.yaml,TSGTCMNREPROCESS_SERVICE|01.00.0000,TSGTCMNREPROCESS_SERVICE,TSGTCmnReprocess_Service,01.00.0000,GetInboundMetadata(i4),Adapter_Invoke,,,,/FWKINBOUNDINTGMETADATA,TSGTRESTVBCSBO_CONN,GetInboundMetadata,
TSGTCMNREPROCESS_SERVICE_01.00.0000.iar.yaml,TSGTCMNREPROCESS_SERVICE|01.00.0000,TSGTCMNREPROCESS_SERVICE,TSGTCmnReprocess_Service,01.00.0000,GetOutboundMetadata(i7),Adapter_Invoke,,,,/FWKOUTBOUNDINTGMETADATA,TSGTRESTVBCSBO_CONN,GetOutboundMetadata,
TSGTCMNREPROCESS_SERVICE_01.00.0000.iar.yaml,TSGTCMNREPROCESS_SERVICE|01.00.0000,TSGTCMNREPROCESS_SERVICE,TSGTCmnReprocess_Service,01.00.0000,GetTransactionTypeId(i0),Adapter_Invoke,,,,/Transactions,TSGTRESTVBCSBO_CONN,GetTransactionTypeId,
TSGTCMNREPROCESS_SERVICE_01.00.0000.iar.yaml,TSGTCMNREPROCESS_SERVICE|01.00.0000,TSGTCMNREPROCESS_SERVICE,TSGTCmnReprocess_Service,01.00.0000,InsertToInstance(i18),Adapter_Invoke,,,,/Logger/{Logger_Id}/action/reprocessInstanceLog,TSGTRESTVBCSBO_CONN,InsertToInstance,
TSGTCMNREPROCESS_SERVICE_01.00.0000.iar.yaml,TSGTCMNREPROCESS_SERVICE|01.00.0000,TSGTCMNREPROCESS_SERVICE,TSGTCmnReprocess_Service,01.00.0000,UpdateLog_BO(i3),Adapter_Invoke,,,,/Logger/{Logger_Id}/action/reprocessInstanceLog,TSGTRESTVBCSBO_CONN,UpdateLog_BO,
TSGTCMNREPROCESS_SERVICE_01.00.0000.iar.yaml,TSGTCMNREPROCESS_SERVICE|01.00.0000,TSGTCMNREPROCESS_SERVICE,TSGTCmnReprocess_Service,01.00.0000,getInstanceCount(i2),Adapter_Invoke,,,,/Logger/{Logger_Id}/action/getInstanceCount,TSGTRESTVBCSBO_CONN,getInstanceCount,
TSGTCMNREPUBLISH_SERVICE_01.00.0000.iar.yaml,TSGTCMNREPUBLISH_SERVICE|01.00.0000,TSGTCMNREPUBLISH_SERVICE,TSGTCmnRepublish_Service,01.00.0000,invokeErrNotification(i9),IntegrationAction,CIF_UTIL_CMN_NOTIFI_SERVIC,01.00.0000,,/notification,PRESEEDED_COLLOCATED_CONN_1741,invokeErrNotification,
TSGTCMNREPUBLISH_SERVICE_01.00.0000.iar.yaml,TSGTCMNREPUBLISH_SERVICE|01.00.0000,TSGTCMNREPUBLISH_SERVICE,TSGTCmnRepublish_Service,01.00.0000,InvokeCMNDispatcher(i1),IntegrationAction,TSGTCMNERPSFTPDISPOBFWK_SERVICE,01.00.0000,TSGTCmnErpSftpDispatcherObFwk_Service,/dispatcher,PRESEEDED_COLLOCATED_CONN_1741,InvokeCMNDispatcher,
TSGTCMNREPUBLISH_SERVICE_01.00.0000.iar.yaml,TSGTCMNREPUBLISH_SERVICE|01.00.0000,TSGTCMNREPUBLISH_SERVICE,TSGTCmnRepublish_Service,01.00.0000,UpdateInsances(i14),IntegrationAction,TSGTCMNUPSERTINS_SERVICE,01.00.0000,TSGTCmnUpsertInstanceTransaction_Service,/UpsertInstanceTransaction,PRESEEDED_COLLOCATED_CONN_1741,UpdateInsances,
TSGTCMNREPUBLISH_SERVICE_01.00.0000.iar.yaml,TSGTCMNREPUBLISH_SERVICE|01.00.0000,TSGTCMNREPUBLISH_SERVICE,TSGTCmnRepublish_Service,01.00.0000,UpdateTransaction(i11),IntegrationAction,TSGTCMNUPSERTINS_SERVICE,01.00.0000,TSGTCmnUpsertInstanceTransaction_Service,/UpsertInstanceTransaction,PRESEEDED_COLLOCATED_CONN_1741,UpdateTransaction,
TSGTCMNREPUBLISH_SERVICE_01.00.0000.iar.yaml,TSGTCMNREPUBLISH_SERVICE|01.00.0000,TSGTCMNREPUBLISH_SERVICE,TSGTCmnRepublish_Service,01.00.0000,UpdateTransactions(i13),IntegrationAction,TSGTCMNUPSERTINS_SERVICE,01.00.0000,TSGTCmnUpsertInstanceTransaction_Service,/UpsertInstanceTransaction,PRESEEDED_COLLOCATED_CONN_1741,UpdateTransactions,
TSGTCMNREPUBLISH_SERVICE_01.00.0000.iar.yaml,TSGTCMNREPUBLISH_SERVICE|01.00.0000,TSGTCMNREPUBLISH_SERVICE,TSGTCmnRepublish_Service,01.00.0000,invokeErrNotification_1(i12),IntegrationAction,UTIL_CMN_NOTIFICATION_SERVICE,01.00.0000,,/notification,PRESEEDED_COLLOCATED_CONN_1741,invokeErrNotification_1,
TSGTCMNREPUBLISH_SERVICE_01.00.0000.iar.yaml,TSGTCMNREPUBLISH_SERVICE|01.00.0000,TSGTCMNREPUBLISH_SERVICE,TSGTCmnRepublish_Service,01.00.0000,GetOutboundMetadata(i7),Adapter_Invoke,,,,/FWKOUTBOUNDINTGMETADATA,TSGTRESTVBCSBO_CONN,GetOutboundMetadata,
TSGTCMNREPUBLISH_SERVICE_01.00.0000.iar.yaml,TSGTCMNREPUBLISH_SERVICE|01.00.0000,TSGTCMNREPUBLISH_SERVICE,TSGTCmnRepublish_Service,01.00.0000,GetTransactionTypeId(i0),Adapter_Invoke,,,,/Transactions,TSGTRESTVBCSBO_CONN,GetTransactionTypeId,
TSGTCMNREPUBLISH_SERVICE_01.00.0000.iar.yaml,TSGTCMNREPUBLISH_SERVICE|01.00.0000,TSGTCMNREPUBLISH_SERVICE,TSGTCmnRepublish_Service,01.00.0000,UpdateLog_BO(i3),Adapter_Invoke,,,,/Logger/{Logger_Id}/action/reprocessInstanceLog,TSGTRESTVBCSBO_CONN,UpdateLog_BO,
TSGTCMNREPUBLISH_SERVICE_01.00.0000.iar.yaml,TSGTCMNREPUBLISH_SERVICE|01.00.0000,TSGTCMNREPUBLISH_SERVICE,TSGTCmnRepublish_Service,01.00.0000,UpdateTransactionBO(i10),Adapter_Invoke,,,,/Logger/{Logger_Id}/action/updateTransaction,TSGTRESTVBCSBO_CONN,UpdateTransactionBO,
TSGTCMNREPUBLISH_SERVICE_01.00.0000.iar.yaml,TSGTCMNREPUBLISH_SERVICE|01.00.0000,TSGTCMNREPUBLISH_SERVICE,TSGTCmnRepublish_Service,01.00.0000,getInstanceBOCount(i5),Adapter_Invoke,,,,/Logger/{Logger_Id}/action/getInstanceCount,TSGTRESTVBCSBO_CONN,getInstanceBOCount,
TSGTCMNREPUBLISH_SERVICE_01.00.0000.iar.yaml,TSGTCMNREPUBLISH_SERVICE|01.00.0000,TSGTCMNREPUBLISH_SERVICE,TSGTCmnRepublish_Service,01.00.0000,getInstanceCount(i2),Adapter_Invoke,,,,/Logger/{Logger_Id}/action/getInstanceCount,TSGTRESTVBCSBO_CONN,getInstanceCount,
TSGTCMNREPUBLISH_SERVICE_01.00.0000.iar.yaml,TSGTCMNREPUBLISH_SERVICE|01.00.0000,TSGTCMNREPUBLISH_SERVICE,TSGTCmnRepublish_Service,01.00.0000,getTransactionBo(i6),Adapter_Invoke,,,,/Logger/{Logger_Id}/action/updateTransaction,TSGTRESTVBCSBO_CONN,getTransactionBo,
TSGTCMNREPUBLISH_SERVICE_01.00.0000.iar.yaml,TSGTCMNREPUBLISH_SERVICE|01.00.0000,TSGTCMNREPUBLISH_SERVICE,TSGTCmnRepublish_Service,01.00.0000,gettransactionTypeId_1(i8),Adapter_Invoke,,,,/Transactions,TSGTRESTVBCSBO_CONN,gettransactionTypeId_1,
TSGTCMNRESENDPRO_SERVICE_01.00.0000.iar.yaml,TSGTCMNRESENDPRO_SERVICE|01.00.0000,TSGTCMNRESENDPRO_SERVICE,TSGTCmnResendProcessingResults_Service,01.00.0000,InvokeCmnNotificationService(i0),IntegrationAction,TSGTCMNNOTIFICAT_SERVICE,01.00.0000,TSGTCmnNotificationFwk_Service,/Notify,PRESEEDED_COLLOCATED_CONN_1741,InvokeCmnNotificationService,
TSGTCMNRESENDPRO_SERVICE_01.00.0000.iar.yaml,TSGTCMNRESENDPRO_SERVICE|01.00.0000,TSGTCMNRESENDPRO_SERVICE,TSGTCmnResendProcessingResults_Service,01.00.0000,InvokeDownloadObjStrFileService(i4),IntegrationAction,TSGTCMNOBJSTRGFI_SERVICE,01.00.0000,TSGTCmnObjStrgFileDownload_Service,/downloadFileFromObjStorage,PRESEEDED_COLLOCATED_CONN_1741,InvokeDownloadObjStrFileService,
TSGTCMNRESENDPRO_SERVICE_01.00.0000.iar.yaml,TSGTCMNRESENDPRO_SERVICE|01.00.0000,TSGTCMNRESENDPRO_SERVICE,TSGTCmnResendProcessingResults_Service,01.00.0000,GetInstanceDetails(i3),Adapter_Invoke,,,,/Instances,TSGTRESTVBCSBO_CONN,GetInstanceDetails,
TSGTCMNRESENDPRO_SERVICE_01.00.0000.iar.yaml,TSGTCMNRESENDPRO_SERVICE|01.00.0000,TSGTCMNRESENDPRO_SERVICE,TSGTCmnResendProcessingResults_Service,01.00.0000,GetMetadataInfo(i1),Adapter_Invoke,,,,/FWKINBOUNDINTGMETADATA,TSGTRESTVBCSBO_CONN,GetMetadataInfo,
TSGTCMNRESENDPRO_SERVICE_01.00.0000.iar.yaml,TSGTCMNRESENDPRO_SERVICE|01.00.0000,TSGTCMNRESENDPRO_SERVICE,TSGTCmnResendProcessingResults_Service,01.00.0000,GetOutboundMetadata(i5),Adapter_Invoke,,,,/FWKOUTBOUNDINTGMETADATA,TSGTRESTVBCSBO_CONN,GetOutboundMetadata,
TSGTCMNRESENDPRO_SERVICE_01.00.0000.iar.yaml,TSGTCMNRESENDPRO_SERVICE|01.00.0000,TSGTCMNRESENDPRO_SERVICE,TSGTCmnResendProcessingResults_Service,01.00.0000,GetTransactionInfo(i2),Adapter_Invoke,,,,/Transactions,TSGTRESTVBCSBO_CONN,GetTransactionInfo,
TSGTCMNSENDESSLOGOUTPUTEMAIL_01.00.0000.iar.yaml,TSGTCMNSENDESSLOGOUTPUTEMAIL|01.00.0000,TSGTCMNSENDESSLOGOUTPUTEMAIL,TSGTCmnSendESSLogOutputEmail,01.00.0000,SendEmailESS(i6),IntegrationAction,TSGTCMNNOTIFICAT_SERVICE,01.00.0000,TSGTCmnNotificationFwk_Service,/Notify,PRESEEDED_COLLOCATED_CONN_1741,SendEmailESS,
TSGTCMNSENDESSLOGOUTPUTEMAIL_01.00.0000.iar.yaml,TSGTCMNSENDESSLOGOUTPUTEMAIL|01.00.0000,TSGTCMNSENDESSLOGOUTPUTEMAIL,TSGTCmnSendESSLogOutputEmail,01.00.0000,DownloadESSJobDetails(i1),Adapter_Invoke,,,,,TSGTERPCLOUD_CONN,DownloadESSJobDetails,
TSGTCMNSENDESSLOGOUTPUTEMAIL_01.00.0000.iar.yaml,TSGTCMNSENDESSLOGOUTPUTEMAIL|01.00.0000,TSGTCMNSENDESSLOGOUTPUTEMAIL,TSGTCmnSendESSLogOutputEmail,01.00.0000,GetDocumentData(i4),Adapter_Invoke,,,,,TSGTSOAPSCHEDSER_CONN,GetDocumentData,
TSGTCMNSENDESSLOGOUTPUTEMAIL_01.00.0000.iar.yaml,TSGTCMNSENDESSLOGOUTPUTEMAIL|01.00.0000,TSGTCMNSENDESSLOGOUTPUTEMAIL,TSGTCmnSendESSLogOutputEmail,01.00.0000,GetESSJobName(i0),Adapter_Invoke,,,,,TSGTERPCLOUD_CONN,GetESSJobName,
TSGTCMNSENDESSLOGOUTPUTEMAIL_01.00.0000.iar.yaml,TSGTCMNSENDESSLOGOUTPUTEMAIL|01.00.0000,TSGTCMNSENDESSLOGOUTPUTEMAIL,TSGTCmnSendESSLogOutputEmail,01.00.0000,GetEssJobInstanceId(i2),Adapter_Invoke,,,,,TSGTSOAPERPBIP_CONN,GetEssJobInstanceId,
TSGTCMNSENDESSLOGOUTPUTEMAIL_01.00.0000.iar.yaml,TSGTCMNSENDESSLOGOUTPUTEMAIL|01.00.0000,TSGTCMNSENDESSLOGOUTPUTEMAIL,TSGTCmnSendESSLogOutputEmail,01.00.0000,GetJobOutputId(i3),Adapter_Invoke,,,,,TSGTSOAPSCHEDSER_CONN,GetJobOutputId,
TSGTCMNSFTPFILEO_SERVICE_01.00.0000.iar.yaml,TSGTCMNSFTPFILEO_SERVICE|01.00.0000,TSGTCMNSFTPFILEO_SERVICE,TSGTCmnSFTPFileOperation_Service,01.00.0000,DeleteFile(i0),Adapter_Invoke,,,,,TSGTFTP_CONN,DeleteFile,
TSGTCMNSFTPFILEO_SERVICE_01.00.0000.iar.yaml,TSGTCMNSFTPFILEO_SERVICE|01.00.0000,TSGTCMNSFTPFILEO_SERVICE,TSGTCmnSFTPFileOperation_Service,01.00.0000,MoveFile(i1),Adapter_Invoke,,,,,TSGTFTP_CONN,MoveFile,
TSGTCMNSFTPPURGE_SERVICE_01.00.0000.iar.yaml,TSGTCMNSFTPPURGE_SERVICE|01.00.0000,TSGTCMNSFTPPURGE_SERVICE,TSGTCmnSFTPPurge_Service,01.00.0000,InvokeNotificationService(i5),IntegrationAction,TSGTCMNNOTIFICAT_SERVICE,01.00.0000,TSGTCmnNotificationFwk_Service,/Notify,PRESEEDED_COLLOCATED_CONN_1741,InvokeNotificationService,
TSGTCMNSFTPPURGE_SERVICE_01.00.0000.iar.yaml,TSGTCMNSFTPPURGE_SERVICE|01.00.0000,TSGTCMNSFTPPURGE_SERVICE,TSGTCmnSFTPPurge_Service,01.00.0000,InvokeFileRetentionCheck(i3),IntegrationAction,TSGTFILERETENTIONCHECK,01.00.0000,TSGTFileRetentionCheck,/,PRESEEDED_COLLOCATED_CONN_1741,InvokeFileRetentionCheck,
TSGTCMNSFTPPURGE_SERVICE_01.00.0000.iar.yaml,TSGTCMNSFTPPURGE_SERVICE|01.00.0000,TSGTCMNSFTPPURGE_SERVICE,TSGTCmnSFTPPurge_Service,01.00.0000,DeleteFile(i4),Adapter_Invoke,,,,,TSGTFTP_CONN,DeleteFile,
TSGTCMNSFTPPURGE_SERVICE_01.00.0000.iar.yaml,TSGTCMNSFTPPURGE_SERVICE|01.00.0000,TSGTCMNSFTPPURGE_SERVICE,TSGTCmnSFTPPurge_Service,01.00.0000,GetInboundMetadata(i0),Adapter_Invoke,,,,/FWKINBOUNDINTGMETADATA,TSGTRESTVBCSBO_CONN,GetInboundMetadata,
TSGTCMNSFTPPURGE_SERVICE_01.00.0000.iar.yaml,TSGTCMNSFTPPURGE_SERVICE|01.00.0000,TSGTCMNSFTPPURGE_SERVICE,TSGTCmnSFTPPurge_Service,01.00.0000,GetOutboundMetadata(i1),Adapter_Invoke,,,,/FWKOUTBOUNDINTGMETADATA,TSGTRESTVBCSBO_CONN,GetOutboundMetadata,
TSGTCMNSFTPPURGE_SERVICE_01.00.0000.iar.yaml,TSGTCMNSFTPPURGE_SERVICE|01.00.0000,TSGTCMNSFTPPURGE_SERVICE,TSGTCmnSFTPPurge_Service,01.00.0000,ListFiles(i2),Adapter_Invoke,,,,,TSGTFTP_CONN,ListFiles,
TSGTCMNSFTPTOOBJSTORAGEMOV_SERVI_01.00.0000.iar.yaml,TSGTCMNSFTPTOOBJSTORAGEMOV_SERVI|01.00.0000,TSGTCMNSFTPTOOBJSTORAGEMOV_SERVI,TSGTCmnSFTPtoObjectStorageMove_Service,01.00.0000,GetSourceFileFromSFTP(i2),Adapter_Invoke,,,,,TSGTFTP_CONN,GetSourceFileFromSFTP,
TSGTCMNSFTPTOOBJSTORAGEMOV_SERVI_01.00.0000.iar.yaml,TSGTCMNSFTPTOOBJSTORAGEMOV_SERVI|01.00.0000,TSGTCMNSFTPTOOBJSTORAGEMOV_SERVI,TSGTCmnSFTPtoObjectStorageMove_Service,01.00.0000,MoveFileToBucket(i0),Adapter_Invoke,,,,/n/{namespaceName}/b/{bucketName}/o/{objectName},TSGTOBJECTSTORAG_CONN,MoveFileToBucket,
TSGTCMNSRCOBJSTOTGTOBJSMO_SERVIC_01.00.0000.iar.yaml,TSGTCMNSRCOBJSTOTGTOBJSMO_SERVIC|01.00.0000,TSGTCMNSRCOBJSTOTGTOBJSMO_SERVIC,TSGTCmnSrcObjStorageToTgtObjStorageMove_Service,01.00.0000,DeleteFileFromObjectStorage(i2),Adapter_Invoke,,,,/n/{namespacename}/b/{bucketName}/o/{objectName},TSGTOBJECTSTORAG_CONN,DeleteFileFromObjectStorage,
TSGTCMNSRCOBJSTOTGTOBJSMO_SERVIC_01.00.0000.iar.yaml,TSGTCMNSRCOBJSTOTGTOBJSMO_SERVIC|01.00.0000,TSGTCMNSRCOBJSTOTGTOBJSMO_SERVIC,TSGTCmnSrcObjStorageToTgtObjStorageMove_Service,01.00.0000,GetFileFromSourceBucket(i0),Adapter_Invoke,,,,/n/{namespace}/b/{bucketName}/o/{objectName},TSGTOBJECTSTORAG_CONN,GetFileFromSourceBucket,
TSGTCMNSRCOBJSTOTGTOBJSMO_SERVIC_01.00.0000.iar.yaml,TSGTCMNSRCOBJSTOTGTOBJSMO_SERVIC|01.00.0000,TSGTCMNSRCOBJSTOTGTOBJSMO_SERVIC,TSGTCmnSrcObjStorageToTgtObjStorageMove_Service,01.00.0000,MoveFileToBucket(i1),Adapter_Invoke,,,,/n/{namespace}/b/{bucketName}/o/{objectName},TSGTOBJECTSTORAG_CONN,MoveFileToBucket,
TSGTCMNUPSERTINS_SERVICE_01.00.0002.iar.yaml,TSGTCMNUPSERTINS_SERVICE|01.00.0002,TSGTCMNUPSERTINS_SERVICE,TSGTCmnUpsertInstanceTransaction_Service,01.00.0002,UpdateInstanceBO(i0),Adapter_Invoke,,,,/Logger/{Logger_Id}/action/updateLog,TSGTRESTVBCSBO_CONN,UpdateInstanceBO,
TSGTCMNUPSERTINS_SERVICE_01.00.0002.iar.yaml,TSGTCMNUPSERTINS_SERVICE|01.00.0002,TSGTCMNUPSERTINS_SERVICE,TSGTCmnUpsertInstanceTransaction_Service,01.00.0002,UpdateTransactionBoStatus(i1),Adapter_Invoke,,,,/Logger/{Logger_Id}/action/updateTransaction,TSGTRESTVBCSBO_CONN,UpdateTransactionBoStatus,
TSGTCMNWITHPARAM_SERVICE_01.00.0000.iar.yaml,TSGTCMNWITHPARAM_SERVICE|01.00.0000,TSGTCMNWITHPARAM_SERVICE,TSGTCmnWithParamIntg_Service,01.00.0000,InvokeCommonLauncherService(i0),IntegrationAction,TSGTCMNLAUNCHERF_SERVICE,01.00.0000,TSGTCmnLauncherFwk_Service,/invokeLauncher,PRESEEDED_COLLOCATED_CONN_1741,InvokeCommonLauncherService,
TSGTCMNWITHPARAM_SERVICE_01.00.0000.iar.yaml,TSGTCMNWITHPARAM_SERVICE|01.00.0000,TSGTCMNWITHPARAM_SERVICE,TSGTCmnWithParamIntg_Service,01.00.0000,SendNotification(i2),IntegrationAction,TSGTCMNNOTIFICAT_SERVICE,01.00.0000,TSGTCmnNotificationFwk_Service,/Notify,PRESEEDED_COLLOCATED_CONN_1741,SendNotification,
TSGTCMNXRE_INTGSERVIC_OB_01.00.0000.iar.yaml,TSGTCMNXRE_INTGSERVIC_OB|01.00.0000,TSGTCMNXRE_INTGSERVIC_OB,TSGTCmnXrefExtract_IntgService_OB,01.00.0000,InvokeLauncherService(i1),IntegrationAction,TSGTCMNLAUNCHERF_SERVICE,01.00.0000,TSGTCmnLauncherFwk_Service,/invokeLauncher,PRESEEDED_COLLOCATED_CONN_1741,InvokeLauncherService,
TSGTCMNXRE_INTGSERVIC_OB_01.00.0000.iar.yaml,TSGTCMNXRE_INTGSERVIC_OB|01.00.0000,TSGTCMNXRE_INTGSERVIC_OB,TSGTCmnXrefExtract_IntgService_OB,01.00.0000,InvokeGlobalErrorHandler(i4),IntegrationAction,TSGTCMNNOTIFICAT_SERVICE,01.00.0000,TSGTCmnNotificationFwk_Service,/Notify,PRESEEDED_COLLOCATED_CONN_1741,InvokeGlobalErrorHandler,
TSGTCMNXRE_INTGSERVIC_OB_01.00.0000.iar.yaml,TSGTCMNXRE_INTGSERVIC_OB|01.00.0000,TSGTCMNXRE_INTGSERVIC_OB,TSGTCmnXrefExtract_IntgService_OB,01.00.0000,InvokeNotification(i2),IntegrationAction,TSGTCMNNOTIFICAT_SERVICE,01.00.0000,TSGTCmnNotificationFwk_Service,/Notify,PRESEEDED_COLLOCATED_CONN_1741,InvokeNotification,
TSGTCMNXRE_INTGSERVIC_OB_01.00.0000.iar.yaml,TSGTCMNXRE_INTGSERVIC_OB|01.00.0000,TSGTCMNXRE_INTGSERVIC_OB,TSGTCmnXrefExtract_IntgService_OB,01.00.0000,GetOutboundMetadata(i5),Adapter_Invoke,,,,/FWKOUTBOUNDINTGMETADATA,TSGTRESTVBCSBO_CONN,GetOutboundMetadata,
TSGTFAASSET_INTGSERVIC_OB_01.00.0000.iar.yaml,TSGTFAASSET_INTGSERVIC_OB|01.00.0000,TSGTFAASSET_INTGSERVIC_OB,TSGTFAAssetNumberUpdatetoWACS_IntgService_OB,01.00.0000,InvokeCommonLauncher(i0),IntegrationAction,TSGTCMNLAUNCHERF_SERVICE,01.00.0000,TSGTCmnLauncherFwk_Service,/invokeLauncher,PRESEEDED_COLLOCATED_CONN_1741,InvokeCommonLauncher,
TSGTFAASSET_INTGSERVIC_OB_01.00.0000.iar.yaml,TSGTFAASSET_INTGSERVIC_OB|01.00.0000,TSGTFAASSET_INTGSERVIC_OB,TSGTFAAssetNumberUpdatetoWACS_IntgService_OB,01.00.0000,SendNotification(i1),IntegrationAction,TSGTCMNNOTIFICAT_SERVICE,01.00.0000,TSGTCmnNotificationFwk_Service,/Notify,PRESEEDED_COLLOCATED_CONN_1741,SendNotification,
TSGTFAASSET_INTGSERVIC_OB_01.00.0000.iar.yaml,TSGTFAASSET_INTGSERVIC_OB|01.00.0000,TSGTFAASSET_INTGSERVIC_OB,TSGTFAAssetNumberUpdatetoWACS_IntgService_OB,01.00.0000,GetMetadataFromBO(i3),Adapter_Invoke,,,,/FWKOUTBOUNDINTGMETADATA,TSGTRESTVBCSBO_CONN,GetMetadataFromBO,
TSGTFANUMBERUPDA_SERVICE_01.00.0000.iar.yaml,TSGTFANUMBERUPDA_SERVICE|01.00.0000,TSGTFANUMBERUPDA_SERVICE,TSGTFANumberUpdatetoWACSDispatcher_Service,01.00.0000,InvokeUploadSummaryFileToObjStg(i11),IntegrationAction,TSGTCMNFILEREFER_SERVICE,01.00.0000,TSGTCmnFileReferencetoObjectStorage_Service,/getFileFromObjectStorage,PRESEEDED_COLLOCATED_CONN_1741,InvokeUploadSummaryFileToObjStg,
TSGTFANUMBERUPDA_SERVICE_01.00.0000.iar.yaml,TSGTFANUMBERUPDA_SERVICE|01.00.0000,TSGTFANUMBERUPDA_SERVICE,TSGTFANumberUpdatetoWACSDispatcher_Service,01.00.0000,InvokeNotificationService(i13),IntegrationAction,TSGTCMNNOTIFICAT_SERVICE,01.00.0000,TSGTCmnNotificationFwk_Service,/Notify,PRESEEDED_COLLOCATED_CONN_1741,InvokeNotificationService,
TSGTFANUMBERUPDA_SERVICE_01.00.0000.iar.yaml,TSGTFANUMBERUPDA_SERVICE|01.00.0000,TSGTFANUMBERUPDA_SERVICE,TSGTFANumberUpdatetoWACSDispatcher_Service,01.00.0000,UpdInstanceBOStat(i12),IntegrationAction,TSGTCMNUPSERTINS_SERVICE,01.00.0000,TSGTCmnUpsertInstanceTransaction_Service,/UpsertInstanceTransaction,PRESEEDED_COLLOCATED_CONN_1741,UpdInstanceBOStat,
TSGTFANUMBERUPDA_SERVICE_01.00.0000.iar.yaml,TSGTFANUMBERUPDA_SERVICE|01.00.0000,TSGTFANUMBERUPDA_SERVICE,TSGTFANumberUpdatetoWACSDispatcher_Service,01.00.0000,UpdateInitLog(i2),IntegrationAction,TSGTCMNUPSERTINS_SERVICE,01.00.0000,TSGTCmnUpsertInstanceTransaction_Service,/UpsertInstanceTransaction,PRESEEDED_COLLOCATED_CONN_1741,UpdateInitLog,
TSGTFANUMBERUPDA_SERVICE_01.00.0000.iar.yaml,TSGTFANUMBERUPDA_SERVICE|01.00.0000,TSGTFANUMBERUPDA_SERVICE,TSGTFANumberUpdatetoWACSDispatcher_Service,01.00.0000,UpdateInstanceBOStatus(i7),IntegrationAction,TSGTCMNUPSERTINS_SERVICE,01.00.0000,TSGTCmnUpsertInstanceTransaction_Service,/UpsertInstanceTransaction,PRESEEDED_COLLOCATED_CONN_1741,UpdateInstanceBOStatus,
TSGTFANUMBERUPDA_SERVICE_01.00.0000.iar.yaml,TSGTFANUMBERUPDA_SERVICE|01.00.0000,TSGTFANUMBERUPDA_SERVICE,TSGTFANumberUpdatetoWACSDispatcher_Service,01.00.0000,UpdateTransactionAndInstanceLog(i4),IntegrationAction,TSGTCMNUPSERTINS_SERVICE,01.00.0000,TSGTCmnUpsertInstanceTransaction_Service,/UpsertInstanceTransaction,PRESEEDED_COLLOCATED_CONN_1741,UpdateTransactionAndInstanceLog,
TSGTFANUMBERUPDA_SERVICE_01.00.0000.iar.yaml,TSGTFANUMBERUPDA_SERVICE|01.00.0000,TSGTFANUMBERUPDA_SERVICE,TSGTFANumberUpdatetoWACSDispatcher_Service,01.00.0000,GetFileFromBucket(i14),Adapter_Invoke,,,,/n/{nameSpaceName}/b/{bucketName}/o/{objectName},TSGTOBJECTSTORAG_CONN,GetFileFromBucket,
TSGTFANUMBERUPDA_SERVICE_01.00.0000.iar.yaml,TSGTFANUMBERUPDA_SERVICE|01.00.0000,TSGTFANUMBERUPDA_SERVICE,TSGTFANumberUpdatetoWACSDispatcher_Service,01.00.0000,GetInstanceCount(i9),Adapter_Invoke,,,,/Logger/{Logger_Id}/action/getInstanceCount,TSGTRESTVBCSBO_CONN,GetInstanceCount,
TSGTFANUMBERUPDA_SERVICE_01.00.0000.iar.yaml,TSGTFANUMBERUPDA_SERVICE|01.00.0000,TSGTFANUMBERUPDA_SERVICE,TSGTFANumberUpdatetoWACSDispatcher_Service,01.00.0000,GetInstanceDetails(i6),Adapter_Invoke,,,,/Instances,TSGTRESTVBCSBO_CONN,GetInstanceDetails,
TSGTFANUMBERUPDA_SERVICE_01.00.0000.iar.yaml,TSGTFANUMBERUPDA_SERVICE|01.00.0000,TSGTFANUMBERUPDA_SERVICE,TSGTFANumberUpdatetoWACSDispatcher_Service,01.00.0000,GetInstanceDetailsForReprocess(i10),Adapter_Invoke,,,,/Instances,TSGTRESTVBCSBO_CONN,GetInstanceDetailsForReprocess,
TSGTFANUMBERUPDA_SERVICE_01.00.0000.iar.yaml,TSGTFANUMBERUPDA_SERVICE|01.00.0000,TSGTFANUMBERUPDA_SERVICE,TSGTFANumberUpdatetoWACSDispatcher_Service,01.00.0000,GetInstanceDtls(i8),Adapter_Invoke,,,,/Instances,TSGTRESTVBCSBO_CONN,GetInstanceDtls,
TSGTFANUMBERUPDA_SERVICE_01.00.0000.iar.yaml,TSGTFANUMBERUPDA_SERVICE|01.00.0000,TSGTFANUMBERUPDA_SERVICE,TSGTFANumberUpdatetoWACSDispatcher_Service,01.00.0000,GetLastRunDateBIP(i0),Adapter_Invoke,,,,,TSGTSOAPERPBIP_CONN,GetLastRunDateBIP,
TSGTFANUMBERUPDA_SERVICE_01.00.0000.iar.yaml,TSGTFANUMBERUPDA_SERVICE|01.00.0000,TSGTFANUMBERUPDA_SERVICE,TSGTFANumberUpdatetoWACSDispatcher_Service,01.00.0000,GetMetaDatafromBO(i16),Adapter_Invoke,,,,/FWKOUTBOUNDINTGMETADATA,TSGTRESTVBCSBO_CONN,GetMetaDatafromBO,
TSGTFANUMBERUPDA_SERVICE_01.00.0000.iar.yaml,TSGTFANUMBERUPDA_SERVICE|01.00.0000,TSGTFANUMBERUPDA_SERVICE,TSGTFANumberUpdatetoWACSDispatcher_Service,01.00.0000,GetTransactionDetails(i1),Adapter_Invoke,,,,/Transactions,TSGTRESTVBCSBO_CONN,GetTransactionDetails,
TSGTFANUMBERUPDA_SERVICE_01.00.0000.iar.yaml,TSGTFANUMBERUPDA_SERVICE|01.00.0000,TSGTFANUMBERUPDA_SERVICE,TSGTFANumberUpdatetoWACSDispatcher_Service,01.00.0000,UpdateDFFInFA(i15),Adapter_Invoke,,,,,TSGTERPCLOUD_CONN,UpdateDFFInFA,
TSGTFANUMBERUPDA_SERVICE_01.00.0000.iar.yaml,TSGTFANUMBERUPDA_SERVICE|01.00.0000,TSGTFANUMBERUPDA_SERVICE,TSGTFANumberUpdatetoWACSDispatcher_Service,01.00.0000,UpdateFAAssetNumber(i3),Adapter_Invoke,,,,https://us-phoenix-1.utilities-cloud.oracleindustry.com:443/c2g65p/prod/wac/rest/apis/cm/asset/asset/,OUTL-BRT-REST-WACS_WACSERPPIM,UpdateFAAssetNumber,
TSGTFANUMBERUPDA_SERVICE_01.00.0000.iar.yaml,TSGTFANUMBERUPDA_SERVICE|01.00.0000,TSGTFANUMBERUPDA_SERVICE,TSGTFANumberUpdatetoWACSDispatcher_Service,01.00.0000,UpdateLastrunDateinBO(i5),Adapter_Invoke,,,,/FWKOUTBOUNDINTGMETADATA/{Id},TSGTRESTVBCSBO_CONN,UpdateLastrunDateinBO,
TSGTFLIGHT_INTGSERVIC_IB_01.00.0000.iar.yaml,TSGTFLIGHT_INTGSERVIC_IB|01.00.0000,TSGTFLIGHT_INTGSERVIC_IB,TSGTFlightMiscCostImport_IntgService_IB,01.00.0000,InvokeCommonLauncher(i0),IntegrationAction,TSGTCMNLAUNCHERF_SERVICE,01.00.0000,TSGTCmnLauncherFwk_Service,/invokeLauncher,PRESEEDED_COLLOCATED_CONN_1741,InvokeCommonLauncher,
TSGTFLIGHT_INTGSERVIC_IB_01.00.0000.iar.yaml,TSGTFLIGHT_INTGSERVIC_IB|01.00.0000,TSGTFLIGHT_INTGSERVIC_IB,TSGTFlightMiscCostImport_IntgService_IB,01.00.0000,SendNotification(i1),IntegrationAction,TSGTCMNNOTIFICAT_SERVICE,01.00.0000,TSGTCmnNotificationFwk_Service,/Notify,PRESEEDED_COLLOCATED_CONN_1741,SendNotification,
TSGTFLIGHT_INTGSERVIC_IB_01.00.0000.iar.yaml,TSGTFLIGHT_INTGSERVIC_IB|01.00.0000,TSGTFLIGHT_INTGSERVIC_IB,TSGTFlightMiscCostImport_IntgService_IB,01.00.0000,GetMetadataFromBO(i3),Adapter_Invoke,,,,/FWKINBOUNDINTGMETADATA,TSGTRESTVBCSBO_CONN,GetMetadataFromBO,
TSGTHAZARDITEMEXTR_INTGSERVIC_OB_01.00.0000.iar.yaml,TSGTHAZARDITEMEXTR_INTGSERVIC_OB|01.00.0000,TSGTHAZARDITEMEXTR_INTGSERVIC_OB,TSGTHazardousItemExtract_IntgService_OB,01.00.0000,InvokeCommonLauncher(i0),IntegrationAction,TSGTCMNLAUNCHERF_SERVICE,01.00.0000,TSGTCmnLauncherFwk_Service,/invokeLauncher,PRESEEDED_COLLOCATED_CONN_1741,InvokeCommonLauncher,
TSGTHAZARDITEMEXTR_INTGSERVIC_OB_01.00.0000.iar.yaml,TSGTHAZARDITEMEXTR_INTGSERVIC_OB|01.00.0000,TSGTHAZARDITEMEXTR_INTGSERVIC_OB,TSGTHazardousItemExtract_IntgService_OB,01.00.0000,SendNotification(i1),IntegrationAction,TSGTCMNNOTIFICAT_SERVICE,01.00.0000,TSGTCmnNotificationFwk_Service,/Notify,PRESEEDED_COLLOCATED_CONN_1741,SendNotification,
TSGTHAZARDITEMEXTR_INTGSERVIC_OB_01.00.0000.iar.yaml,TSGTHAZARDITEMEXTR_INTGSERVIC_OB|01.00.0000,TSGTHAZARDITEMEXTR_INTGSERVIC_OB,TSGTHazardousItemExtract_IntgService_OB,01.00.0000,GetMetadataFromBO(i3),Adapter_Invoke,,,,/FWKOUTBOUNDINTGMETADATA,TSGTRESTVBCSBO_CONN,GetMetadataFromBO,
TSGTHCMOTLSNAP_SERVICE_01.00.0001.iar.yaml,TSGTHCMOTLSNAP_SERVICE|01.00.0001,TSGTHCMOTLSNAP_SERVICE,TSGTHcmOTLSnap_Service,01.00.0001,GetDatabanks(i0),Adapter_Invoke,,,,/Api/V2/DataBanks,TSGTSNAPREST_CONN,GetDatabanks,
TSGTHCMOTLSNAP_SERVICE_01.00.0001.iar.yaml,TSGTHCMOTLSNAP_SERVICE|01.00.0001,TSGTHCMOTLSNAP_SERVICE,TSGTHcmOTLSnap_Service,01.00.0001,GetEmployees(i1),Adapter_Invoke,,,,/Api/V2/DataBanks/{DatabankId}/Employees,TSGTSNAPREST_CONN,GetEmployees,
TSGTHCMOTLSNAP_SERVICE_01.00.0001.iar.yaml,TSGTHCMOTLSNAP_SERVICE|01.00.0001,TSGTHCMOTLSNAP_SERVICE,TSGTHcmOTLSnap_Service,01.00.0001,createTransaction(i2),Adapter_Invoke,,,,/Api/V2/DataBanks/{DataBankId}/Employees/{EmployeeId}/Transactions,TSGTSNAPREST_CONN,createTransaction,
TSGTHCMOTLSNAP_SERVICE_01.00.0001.iar.yaml,TSGTHCMOTLSNAP_SERVICE|01.00.0001,TSGTHCMOTLSNAP_SERVICE,TSGTHcmOTLSnap_Service,01.00.0001,getSourceFilefromObjectStorage(i4),Adapter_Invoke,,,,/n/{nameSpaceName}/b/{bucketName}/o/{objectName},TSGTOBJECTSTORAG_CONN,getSourceFilefromObjectStorage,
TSGTHCMOTLSNAP_SERVICE_01.00.0001.iar.yaml,TSGTHCMOTLSNAP_SERVICE|01.00.0001,TSGTHCMOTLSNAP_SERVICE,TSGTHcmOTLSnap_Service,01.00.0001,insertNewInstance(i5),Adapter_Invoke,,,,/Logger/{Logger_Id}/action/insertLog ,TSGTRESTVBCSBO_CONN,insertNewInstance,
TSGTHCMOTLSNAP_SERVICE_01.00.0001.iar.yaml,TSGTHCMOTLSNAP_SERVICE|01.00.0001,TSGTHCMOTLSNAP_SERVICE,TSGTHcmOTLSnap_Service,01.00.0001,uploadStatusFileToObjectStorage(i3),Adapter_Invoke,,,,/n/{nameSpaceName}/b/{bucketName}/o/{objectName} ,TSGTOBJECTSTORAG_CONN,uploadStatusFileToObjectStorage,
TSGTHCMSAASTRANS_SERVICE_01.01.0000.iar.yaml,TSGTHCMSAASTRANS_SERVICE|01.01.0000,TSGTHCMSAASTRANS_SERVICE,TSGTHcmSaasTransformation_Service,01.01.0000,InvokeErrorNotification(i25),IntegrationAction,TSGTCMNHCMNOTIFI_SERVICE,01.01.0002,TSGTCmnHcmNotification_Service,/notification,PRESEEDED_COLLOCATED_CONN_1741,InvokeErrorNotification,
TSGTHCMSAASTRANS_SERVICE_01.01.0000.iar.yaml,TSGTHCMSAASTRANS_SERVICE|01.01.0000,TSGTHCMSAASTRANS_SERVICE,TSGTHcmSaasTransformation_Service,01.01.0000,InvokeNotification(i15),IntegrationAction,TSGTCMNHCMNOTIFI_SERVICE,01.01.0002,TSGTCmnHcmNotification_Service,/notification,PRESEEDED_COLLOCATED_CONN_1741,InvokeNotification,
TSGTHCMSAASTRANS_SERVICE_01.01.0000.iar.yaml,TSGTHCMSAASTRANS_SERVICE|01.01.0000,TSGTHCMSAASTRANS_SERVICE,TSGTHcmSaasTransformation_Service,01.01.0000,InvokeObjectStorageErrorNotifications(i39),IntegrationAction,TSGTCMNHCMNOTIFI_SERVICE,01.01.0002,TSGTCmnHcmNotification_Service,/notification,PRESEEDED_COLLOCATED_CONN_1741,InvokeObjectStorageErrorNotifications,
TSGTHCMSAASTRANS_SERVICE_01.01.0000.iar.yaml,TSGTHCMSAASTRANS_SERVICE|01.01.0000,TSGTHCMSAASTRANS_SERVICE,TSGTHcmSaasTransformation_Service,01.01.0000,InvokeSuccessNotification(i7),IntegrationAction,TSGTCMNHCMNOTIFI_SERVICE,01.01.0002,TSGTCmnHcmNotification_Service,/notification,PRESEEDED_COLLOCATED_CONN_1741,InvokeSuccessNotification,
TSGTHCMSAASTRANS_SERVICE_01.01.0000.iar.yaml,TSGTHCMSAASTRANS_SERVICE|01.01.0000,TSGTHCMSAASTRANS_SERVICE,TSGTHcmSaasTransformation_Service,01.01.0000,InvokeUpdateErrorNotification(i33),IntegrationAction,TSGTCMNHCMNOTIFI_SERVICE,01.01.0002,TSGTCmnHcmNotification_Service,/notification,PRESEEDED_COLLOCATED_CONN_1741,InvokeUpdateErrorNotification,
TSGTHCMSAASTRANS_SERVICE_01.01.0000.iar.yaml,TSGTHCMSAASTRANS_SERVICE|01.01.0000,TSGTHCMSAASTRANS_SERVICE,TSGTHcmSaasTransformation_Service,01.01.0000,DeleteFileFromRAWBucket(i6),Adapter_Invoke,,,,/n/{nameSpaceName}/b/{bucketName}/o/{objectName},TSGTOBJECTSTORAG_CONN,DeleteFileFromRAWBucket,
TSGTHCMSAASTRANS_SERVICE_01.01.0000.iar.yaml,TSGTHCMSAASTRANS_SERVICE|01.01.0000,TSGTHCMSAASTRANS_SERVICE,TSGTHcmSaasTransformation_Service,01.01.0000,DeleteRawFile(i30),Adapter_Invoke,,,,/n/{namespaceName}/b/{bucketName}/o/{objectName},TSGTOBJECTSTORAG_CONN,DeleteRawFile,
TSGTHCMSAASTRANS_SERVICE_01.01.0000.iar.yaml,TSGTHCMSAASTRANS_SERVICE|01.01.0000,TSGTHCMSAASTRANS_SERVICE,TSGTHcmSaasTransformation_Service,01.01.0000,DeleteStagedFile(i24),Adapter_Invoke,,,,/n/{nameSpaceName}/b/{bucketName}/o/{objectName},TSGTOBJECTSTORAG_CONN,DeleteStagedFile,
TSGTHCMSAASTRANS_SERVICE_01.01.0000.iar.yaml,TSGTHCMSAASTRANS_SERVICE|01.01.0000,TSGTHCMSAASTRANS_SERVICE,TSGTHcmSaasTransformation_Service,01.01.0000,GetAllInstaces(i34),Adapter_Invoke,,,,/Instances,TSGTRESTVBCSBO_CONN,GetAllInstaces,
TSGTHCMSAASTRANS_SERVICE_01.01.0000.iar.yaml,TSGTHCMSAASTRANS_SERVICE|01.01.0000,TSGTHCMSAASTRANS_SERVICE,TSGTHcmSaasTransformation_Service,01.01.0000,GetFileFromEnriched(i20),Adapter_Invoke,,,,/n/{nameSpaceName}/b/{bucketName}/o/{objectName},TSGTOBJECTSTORAG_CONN,GetFileFromEnriched,
TSGTHCMSAASTRANS_SERVICE_01.01.0000.iar.yaml,TSGTHCMSAASTRANS_SERVICE|01.01.0000,TSGTHCMSAASTRANS_SERVICE,TSGTHcmSaasTransformation_Service,01.01.0000,GetHCMPayrollReport(i0),Adapter_Invoke,,,,,TSGTSOAPHCMBIP_CONN,GetHCMPayrollReport,
TSGTHCMSAASTRANS_SERVICE_01.01.0000.iar.yaml,TSGTHCMSAASTRANS_SERVICE|01.01.0000,TSGTHCMSAASTRANS_SERVICE,TSGTHcmSaasTransformation_Service,01.01.0000,GetInboundMetadataFromBO(i14),Adapter_Invoke,,,,/FWKINBOUNDINTGMETADATA,TSGTRESTVBCSBO_CONN,GetInboundMetadataFromBO,
TSGTHCMSAASTRANS_SERVICE_01.01.0000.iar.yaml,TSGTHCMSAASTRANS_SERVICE|01.01.0000,TSGTHCMSAASTRANS_SERVICE,TSGTHcmSaasTransformation_Service,01.01.0000,GetRawFile(i21),Adapter_Invoke,,,,/n/{namespaceName}/b/{bucketName}/o/{objectName},TSGTOBJECTSTORAG_CONN,GetRawFile,
TSGTHCMSAASTRANS_SERVICE_01.01.0000.iar.yaml,TSGTHCMSAASTRANS_SERVICE|01.01.0000,TSGTHCMSAASTRANS_SERVICE,TSGTHcmSaasTransformation_Service,01.01.0000,HCMDataLoad(i1),Adapter_Invoke,,,,,TSGTADAPTERHCM_CONN,HCMDataLoad,
TSGTHCMSAASTRANS_SERVICE_01.01.0000.iar.yaml,TSGTHCMSAASTRANS_SERVICE|01.01.0000,TSGTHCMSAASTRANS_SERVICE,TSGTHcmSaasTransformation_Service,01.01.0000,InvokeHCMPayrollFlow(i8),Adapter_Invoke,,,,,TSGTADAPTERHCM_CONN,InvokeHCMPayrollFlow,
TSGTHCMSAASTRANS_SERVICE_01.01.0000.iar.yaml,TSGTHCMSAASTRANS_SERVICE|01.01.0000,TSGTHCMSAASTRANS_SERVICE,TSGTHcmSaasTransformation_Service,01.01.0000,InvokeHDLSummaryReport(i13),Adapter_Invoke,,,,,TSGTSOAPHCMBIP_CONN,InvokeHDLSummaryReport,
TSGTHCMSAASTRANS_SERVICE_01.01.0000.iar.yaml,TSGTHCMSAASTRANS_SERVICE|01.01.0000,TSGTHCMSAASTRANS_SERVICE,TSGTHcmSaasTransformation_Service,01.01.0000,MoveFileError(i26),Adapter_Invoke,,,,/n/{namespaceName}/b/{bucketName}/o/{objectName},TSGTOBJECTSTORAG_CONN,MoveFileError,
TSGTHCMSAASTRANS_SERVICE_01.01.0000.iar.yaml,TSGTHCMSAASTRANS_SERVICE|01.01.0000,TSGTHCMSAASTRANS_SERVICE,TSGTHcmSaasTransformation_Service,01.01.0000,MoveFileToError(i29),Adapter_Invoke,,,,/n/{nameSpaceName}/b/{bucketName}/o/{objectName},TSGTOBJECTSTORAG_CONN,MoveFileToError,
TSGTHCMSAASTRANS_SERVICE_01.01.0000.iar.yaml,TSGTHCMSAASTRANS_SERVICE|01.01.0000,TSGTHCMSAASTRANS_SERVICE,TSGTHcmSaasTransformation_Service,01.01.0000,MovePartialFileToError(i11),Adapter_Invoke,,,,/n/{nameSpaceName}/b/{bucketName}/o/{objectName},TSGTOBJECTSTORAG_CONN,MovePartialFileToError,
TSGTHCMSAASTRANS_SERVICE_01.01.0000.iar.yaml,TSGTHCMSAASTRANS_SERVICE|01.01.0000,TSGTHCMSAASTRANS_SERVICE,TSGTHcmSaasTransformation_Service,01.01.0000,ObjStrGetSourceFile(i9),Adapter_Invoke,,,,/n/{nameSpaceName}/b/{bucketName}/o/{objectName},TSGTOBJECTSTORAG_CONN,ObjStrGetSourceFile,
TSGTHCMSAASTRANS_SERVICE_01.01.0000.iar.yaml,TSGTHCMSAASTRANS_SERVICE|01.01.0000,TSGTHCMSAASTRANS_SERVICE,TSGTHcmSaasTransformation_Service,01.01.0000,UpdateContentID(i35),Adapter_Invoke,,,,/Logger/{Logger_Id}/action/updateLog,TSGTRESTVBCSBO_CONN,UpdateContentID,
TSGTHCMSAASTRANS_SERVICE_01.01.0000.iar.yaml,TSGTHCMSAASTRANS_SERVICE|01.01.0000,TSGTHCMSAASTRANS_SERVICE,TSGTHcmSaasTransformation_Service,01.01.0000,UpdateContentIDTrnx(i37),Adapter_Invoke,,,,/Logger/{Logger_Id}/action/updateTransaction,TSGTRESTVBCSBO_CONN,UpdateContentIDTrnx,
TSGTHCMSAASTRANS_SERVICE_01.01.0000.iar.yaml,TSGTHCMSAASTRANS_SERVICE|01.01.0000,TSGTHCMSAASTRANS_SERVICE,TSGTHcmSaasTransformation_Service,01.01.0000,UpdateContentIDlog(i36),Adapter_Invoke,,,,/Logger/{Logger_Id}/action/updateLog,TSGTRESTVBCSBO_CONN,UpdateContentIDlog,
TSGTHCMSAASTRANS_SERVICE_01.01.0000.iar.yaml,TSGTHCMSAASTRANS_SERVICE|01.01.0000,TSGTHCMSAASTRANS_SERVICE,TSGTHcmSaasTransformation_Service,01.01.0000,UpdateInstanceErrorFilename(i28),Adapter_Invoke,,,,/Logger/{Logger_Id}/action/updateInstanceErrorFilenames,TSGTRESTVBCSBO_CONN,UpdateInstanceErrorFilename,
TSGTHCMSAASTRANS_SERVICE_01.01.0000.iar.yaml,TSGTHCMSAASTRANS_SERVICE|01.01.0000,TSGTHCMSAASTRANS_SERVICE,TSGTHcmSaasTransformation_Service,01.01.0000,UpdateInstanceLogError(i23),Adapter_Invoke,,,,/Logger/{Logger_Id}/action/updateLog,TSGTRESTVBCSBO_CONN,UpdateInstanceLogError,
TSGTHCMSAASTRANS_SERVICE_01.01.0000.iar.yaml,TSGTHCMSAASTRANS_SERVICE|01.01.0000,TSGTHCMSAASTRANS_SERVICE,TSGTHcmSaasTransformation_Service,01.01.0000,UpdateInstancePStatus(i31),Adapter_Invoke,,,,/Logger/{Logger_Id}/action/updateLog,TSGTRESTVBCSBO_CONN,UpdateInstancePStatus,
TSGTHCMSAASTRANS_SERVICE_01.01.0000.iar.yaml,TSGTHCMSAASTRANS_SERVICE|01.01.0000,TSGTHCMSAASTRANS_SERVICE,TSGTHcmSaasTransformation_Service,01.01.0000,UpdateInstancePStatusSuccess(i17),Adapter_Invoke,,,,/Logger/{Logger_Id}/action/updateLog,TSGTRESTVBCSBO_CONN,UpdateInstancePStatusSuccess,
TSGTHCMSAASTRANS_SERVICE_01.01.0000.iar.yaml,TSGTHCMSAASTRANS_SERVICE|01.01.0000,TSGTHCMSAASTRANS_SERVICE,TSGTHcmSaasTransformation_Service,01.01.0000,UpdateLog(i4),Adapter_Invoke,,,,/Logger/{Logger_Id}/action/updateLog,TSGTRESTVBCSBO_CONN,UpdateLog,
TSGTHCMSAASTRANS_SERVICE_01.01.0000.iar.yaml,TSGTHCMSAASTRANS_SERVICE|01.01.0000,TSGTHCMSAASTRANS_SERVICE,TSGTHcmSaasTransformation_Service,01.01.0000,UpdateParamsinBO(i41),Adapter_Invoke,,,,/Logger/{Logger_Id}/action/updateLog,TSGTRESTVBCSBO_CONN,UpdateParamsinBO,
TSGTHCMSAASTRANS_SERVICE_01.01.0000.iar.yaml,TSGTHCMSAASTRANS_SERVICE|01.01.0000,TSGTHCMSAASTRANS_SERVICE,TSGTHcmSaasTransformation_Service,01.01.0000,UpdateTransactionCompletedError(i27),Adapter_Invoke,,,,/Logger/{Logger_Id}/action/updateTransaction,TSGTRESTVBCSBO_CONN,UpdateTransactionCompletedError,
TSGTHCMSAASTRANS_SERVICE_01.01.0000.iar.yaml,TSGTHCMSAASTRANS_SERVICE|01.01.0000,TSGTHCMSAASTRANS_SERVICE,TSGTHcmSaasTransformation_Service,01.01.0000,UpdateTransactionError(i2),Adapter_Invoke,,,,/Logger/{Logger_Id}/action/updateTransaction,TSGTRESTVBCSBO_CONN,UpdateTransactionError,
TSGTHCMSAASTRANS_SERVICE_01.01.0000.iar.yaml,TSGTHCMSAASTRANS_SERVICE|01.01.0000,TSGTHCMSAASTRANS_SERVICE,TSGTHcmSaasTransformation_Service,01.01.0000,UpdateTransactionFowError(i22),Adapter_Invoke,,,,/Logger/{Logger_Id}/action/updateTransaction,TSGTRESTVBCSBO_CONN,UpdateTransactionFowError,
TSGTHCMSAASTRANS_SERVICE_01.01.0000.iar.yaml,TSGTHCMSAASTRANS_SERVICE|01.01.0000,TSGTHCMSAASTRANS_SERVICE,TSGTHcmSaasTransformation_Service,01.01.0000,UpdateTransactionPartial(i32),Adapter_Invoke,,,,/Logger/{Logger_Id}/action/updateTransaction,TSGTRESTVBCSBO_CONN,UpdateTransactionPartial,
TSGTHCMSAASTRANS_SERVICE_01.01.0000.iar.yaml,TSGTHCMSAASTRANS_SERVICE|01.01.0000,TSGTHCMSAASTRANS_SERVICE,TSGTHcmSaasTransformation_Service,01.01.0000,UpdateTransactionStatus(i5),Adapter_Invoke,,,,/Logger/{Logger_Id}/action/updateTransaction,TSGTRESTVBCSBO_CONN,UpdateTransactionStatus,
TSGTHCMSAASTRANS_SERVICE_01.01.0000.iar.yaml,TSGTHCMSAASTRANS_SERVICE|01.01.0000,TSGTHCMSAASTRANS_SERVICE,TSGTHcmSaasTransformation_Service,01.01.0000,UpdateTransactionSuccess(i18),Adapter_Invoke,,,,/Logger/{Logger_Id}/action/updateTransaction,TSGTRESTVBCSBO_CONN,UpdateTransactionSuccess,
TSGTHCMSAASTRANS_SERVICE_01.01.0000.iar.yaml,TSGTHCMSAASTRANS_SERVICE|01.01.0000,TSGTHCMSAASTRANS_SERVICE,TSGTHcmSaasTransformation_Service,01.01.0000,UpdatelogFlowName(i38),Adapter_Invoke,,,,/Logger/{Logger_Id}/action/updateLog,TSGTRESTVBCSBO_CONN,UpdatelogFlowName,
TSGTHCMSAASTRANS_SERVICE_01.01.0000.iar.yaml,TSGTHCMSAASTRANS_SERVICE|01.01.0000,TSGTHCMSAASTRANS_SERVICE,TSGTHcmSaasTransformation_Service,01.01.0000,UploadFileToError(i16),Adapter_Invoke,,,,/n/{nameSpaceName}/b/{bucketName}/o/{objectName},TSGTOBJECTSTORAG_CONN,UploadFileToError,
TSGTHCMSAASTRANS_SERVICE_01.01.0000.iar.yaml,TSGTHCMSAASTRANS_SERVICE|01.01.0000,TSGTHCMSAASTRANS_SERVICE,TSGTHcmSaasTransformation_Service,01.01.0000,UploadFileToSuccess(i19),Adapter_Invoke,,,,/n/{nameSpaceName}/b/{bucketName}/o/{objectName},TSGTOBJECTSTORAG_CONN,UploadFileToSuccess,
TSGTHCMSAASTRANS_SERVICE_01.01.0000.iar.yaml,TSGTHCMSAASTRANS_SERVICE|01.01.0000,TSGTHCMSAASTRANS_SERVICE,TSGTHcmSaasTransformation_Service,01.01.0000,UploadFileToUCM(i12),Adapter_Invoke,,,,,TSGTADAPTERHCM_CONN,UploadFileToUCM,
TSGTHCMSAASTRANS_SERVICE_01.01.0000.iar.yaml,TSGTHCMSAASTRANS_SERVICE|01.01.0000,TSGTHCMSAASTRANS_SERVICE,TSGTHcmSaasTransformation_Service,01.01.0000,UploadHDLSummaryToArchive(i3),Adapter_Invoke,,,,/n/{nameSpaceName}/b/{bucketName}/o/{objectName},TSGTOBJECTSTORAG_CONN,UploadHDLSummaryToArchive,
TSGTHCMSAASTRANS_SERVICE_01.01.0000.iar.yaml,TSGTHCMSAASTRANS_SERVICE|01.01.0000,TSGTHCMSAASTRANS_SERVICE,TSGTHcmSaasTransformation_Service,01.01.0000,uploadFileToObjectStorage(i10),Adapter_Invoke,,,,/n/{nameSpaceName}/b/{bucketName}/o/{objectName},TSGTOBJECTSTORAG_CONN,uploadFileToObjectStorage,
TSGTINVERPONHAND_SERVICE_01.00.0000.iar.yaml,TSGTINVERPONHAND_SERVICE|01.00.0000,TSGTINVERPONHAND_SERVICE,TSGTInvErpOnHandDataSyncDispatcherObFwk_Service,01.00.0000,InvokeNotificationService(i13),IntegrationAction,TSGTCMNNOTIFICAT_SERVICE,01.00.0000,TSGTCmnNotificationFwk_Service,/Notify,PRESEEDED_COLLOCATED_CONN_1741,InvokeNotificationService,
TSGTINVERPONHAND_SERVICE_01.00.0000.iar.yaml,TSGTINVERPONHAND_SERVICE|01.00.0000,TSGTINVERPONHAND_SERVICE,TSGTInvErpOnHandDataSyncDispatcherObFwk_Service,01.00.0000,UpdInstanceBOStat(i12),IntegrationAction,TSGTCMNUPSERTINS_SERVICE,01.00.0000,TSGTCmnUpsertInstanceTransaction_Service,/UpsertInstanceTransaction,PRESEEDED_COLLOCATED_CONN_1741,UpdInstanceBOStat,
TSGTINVERPONHAND_SERVICE_01.00.0000.iar.yaml,TSGTINVERPONHAND_SERVICE|01.00.0000,TSGTINVERPONHAND_SERVICE,TSGTInvErpOnHandDataSyncDispatcherObFwk_Service,01.00.0000,UpdateInitLog(i2),IntegrationAction,TSGTCMNUPSERTINS_SERVICE,01.00.0000,TSGTCmnUpsertInstanceTransaction_Service,/UpsertInstanceTransaction,PRESEEDED_COLLOCATED_CONN_1741,UpdateInitLog,
TSGTINVERPONHAND_SERVICE_01.00.0000.iar.yaml,TSGTINVERPONHAND_SERVICE|01.00.0000,TSGTINVERPONHAND_SERVICE,TSGTInvErpOnHandDataSyncDispatcherObFwk_Service,01.00.0000,UpdateInstanceBOStatus(i7),IntegrationAction,TSGTCMNUPSERTINS_SERVICE,01.00.0000,TSGTCmnUpsertInstanceTransaction_Service,/UpsertInstanceTransaction,PRESEEDED_COLLOCATED_CONN_1741,UpdateInstanceBOStatus,
TSGTINVERPONHAND_SERVICE_01.00.0000.iar.yaml,TSGTINVERPONHAND_SERVICE|01.00.0000,TSGTINVERPONHAND_SERVICE,TSGTInvErpOnHandDataSyncDispatcherObFwk_Service,01.00.0000,UpdateTransactionAndInstanceLog(i4),IntegrationAction,TSGTCMNUPSERTINS_SERVICE,01.00.0000,TSGTCmnUpsertInstanceTransaction_Service,/UpsertInstanceTransaction,PRESEEDED_COLLOCATED_CONN_1741,UpdateTransactionAndInstanceLog,
TSGTINVERPONHAND_SERVICE_01.00.0000.iar.yaml,TSGTINVERPONHAND_SERVICE|01.00.0000,TSGTINVERPONHAND_SERVICE,TSGTInvErpOnHandDataSyncDispatcherObFwk_Service,01.00.0000,ErrorHandler(i11),IntegrationAction,UIC_CMN_ERRORHAN_SERVICE,01.00.0001,,https://prod-axeufspbztar-px.integration.ocp.oraclecloud.com:443/ic/api/integration/v1/flows/rest/UIC_CMN_ERRORHAN_SERVICE/1.0/ErrorHandler,PRESEEDED_COLLOCATED_CONN_1741,ErrorHandler,
TSGTINVERPONHAND_SERVICE_01.00.0000.iar.yaml,TSGTINVERPONHAND_SERVICE|01.00.0000,TSGTINVERPONHAND_SERVICE,TSGTInvErpOnHandDataSyncDispatcherObFwk_Service,01.00.0000,GetFileFromBucket(i14),Adapter_Invoke,,,,/n/{nameSpaceName}/b/{bucketName}/o/{objectName},TSGTOBJECTSTORAG_CONN,GetFileFromBucket,
TSGTINVERPONHAND_SERVICE_01.00.0000.iar.yaml,TSGTINVERPONHAND_SERVICE|01.00.0000,TSGTINVERPONHAND_SERVICE,TSGTInvErpOnHandDataSyncDispatcherObFwk_Service,01.00.0000,GetInstanceCount(i9),Adapter_Invoke,,,,/Logger/{Logger_Id}/action/getInstanceCount,TSGTRESTVBCSBO_CONN,GetInstanceCount,
TSGTINVERPONHAND_SERVICE_01.00.0000.iar.yaml,TSGTINVERPONHAND_SERVICE|01.00.0000,TSGTINVERPONHAND_SERVICE,TSGTInvErpOnHandDataSyncDispatcherObFwk_Service,01.00.0000,GetInstanceDetails(i6),Adapter_Invoke,,,,/Instances,TSGTRESTVBCSBO_CONN,GetInstanceDetails,
TSGTINVERPONHAND_SERVICE_01.00.0000.iar.yaml,TSGTINVERPONHAND_SERVICE|01.00.0000,TSGTINVERPONHAND_SERVICE,TSGTInvErpOnHandDataSyncDispatcherObFwk_Service,01.00.0000,GetInstanceDetailsForReprocess(i10),Adapter_Invoke,,,,/Instances,TSGTRESTVBCSBO_CONN,GetInstanceDetailsForReprocess,
TSGTINVERPONHAND_SERVICE_01.00.0000.iar.yaml,TSGTINVERPONHAND_SERVICE|01.00.0000,TSGTINVERPONHAND_SERVICE,TSGTInvErpOnHandDataSyncDispatcherObFwk_Service,01.00.0000,GetInstanceDtls(i8),Adapter_Invoke,,,,/Instances,TSGTRESTVBCSBO_CONN,GetInstanceDtls,
TSGTINVERPONHAND_SERVICE_01.00.0000.iar.yaml,TSGTINVERPONHAND_SERVICE|01.00.0000,TSGTINVERPONHAND_SERVICE,TSGTInvErpOnHandDataSyncDispatcherObFwk_Service,01.00.0000,GetLastRunDateBIP(i0),Adapter_Invoke,,,,,TSGTSOAPERPBIP_CONN,GetLastRunDateBIP,
TSGTINVERPONHAND_SERVICE_01.00.0000.iar.yaml,TSGTINVERPONHAND_SERVICE|01.00.0000,TSGTINVERPONHAND_SERVICE,TSGTInvErpOnHandDataSyncDispatcherObFwk_Service,01.00.0000,GetMetaDatafromBO(i16),Adapter_Invoke,,,,/FWKOUTBOUNDINTGMETADATA,TSGTRESTVBCSBO_CONN,GetMetaDatafromBO,
TSGTINVERPONHAND_SERVICE_01.00.0000.iar.yaml,TSGTINVERPONHAND_SERVICE|01.00.0000,TSGTINVERPONHAND_SERVICE,TSGTInvErpOnHandDataSyncDispatcherObFwk_Service,01.00.0000,GetTransactionDetails(i1),Adapter_Invoke,,,,/Transactions,TSGTRESTVBCSBO_CONN,GetTransactionDetails,
TSGTINVERPONHAND_SERVICE_01.00.0000.iar.yaml,TSGTINVERPONHAND_SERVICE|01.00.0000,TSGTINVERPONHAND_SERVICE,TSGTInvErpOnHandDataSyncDispatcherObFwk_Service,01.00.0000,InsertIntoObStageTbl(i17),Adapter_Invoke,,,,,TSGTATPCLOUDDB_CONN,InsertIntoObStageTbl,
TSGTINVERPONHAND_SERVICE_01.00.0000.iar.yaml,TSGTINVERPONHAND_SERVICE|01.00.0000,TSGTINVERPONHAND_SERVICE,TSGTInvErpOnHandDataSyncDispatcherObFwk_Service,01.00.0000,SyncStagetabletoXref(i3),Adapter_Invoke,,,,,TSGTATPCLOUDDB_CONN,SyncStagetabletoXref,
TSGTINVERPONHAND_SERVICE_01.00.0000.iar.yaml,TSGTINVERPONHAND_SERVICE|01.00.0000,TSGTINVERPONHAND_SERVICE,TSGTInvErpOnHandDataSyncDispatcherObFwk_Service,01.00.0000,UpdateLastrunDateinBO(i5),Adapter_Invoke,,,,/FWKOUTBOUNDINTGMETADATA/{Id},TSGTRESTVBCSBO_CONN,UpdateLastrunDateinBO,
TSGTINVERP_INTGSERVIC_IB_01.00.0000.iar.yaml,TSGTINVERP_INTGSERVIC_IB|01.00.0000,TSGTINVERP_INTGSERVIC_IB,TSGTInvErpWACSOnHandRecon_IntgService_IB,01.00.0000,InvokeCommonLauncher(i0),IntegrationAction,TSGTCMNLAUNCHERF_SERVICE,01.00.0000,TSGTCmnLauncherFwk_Service,/invokeLauncher,PRESEEDED_COLLOCATED_CONN_1741,InvokeCommonLauncher,
TSGTINVERP_INTGSERVIC_IB_01.00.0000.iar.yaml,TSGTINVERP_INTGSERVIC_IB|01.00.0000,TSGTINVERP_INTGSERVIC_IB,TSGTInvErpWACSOnHandRecon_IntgService_IB,01.00.0000,SendNotification(i1),IntegrationAction,TSGTCMNNOTIFICAT_SERVICE,01.00.0000,TSGTCmnNotificationFwk_Service,/Notify,PRESEEDED_COLLOCATED_CONN_1741,SendNotification,
TSGTINVERP_INTGSERVIC_IB_01.00.0000.iar.yaml,TSGTINVERP_INTGSERVIC_IB|01.00.0000,TSGTINVERP_INTGSERVIC_IB,TSGTInvErpWACSOnHandRecon_IntgService_IB,01.00.0000,GetMetadataFromBO(i3),Adapter_Invoke,,,,/FWKOUTBOUNDINTGMETADATA,TSGTRESTVBCSBO_CONN,GetMetadataFromBO,
TSGTINVOIC_INTGSERVIC_OB_01.00.0000.iar.yaml,TSGTINVOIC_INTGSERVIC_OB|01.00.0000,TSGTINVOIC_INTGSERVIC_OB,TSGTInvoicePaymentExtract_IntgService_OB,01.00.0000,InvokeCommonLauncher(i0),IntegrationAction,TSGTCMNLAUNCHERF_SERVICE,01.00.0000,TSGTCmnLauncherFwk_Service,/invokeLauncher,PRESEEDED_COLLOCATED_CONN_1741,InvokeCommonLauncher,
TSGTINVOIC_INTGSERVIC_OB_01.00.0000.iar.yaml,TSGTINVOIC_INTGSERVIC_OB|01.00.0000,TSGTINVOIC_INTGSERVIC_OB,TSGTInvoicePaymentExtract_IntgService_OB,01.00.0000,SendNotification(i1),IntegrationAction,TSGTCMNNOTIFICAT_SERVICE,01.00.0000,TSGTCmnNotificationFwk_Service,/Notify,PRESEEDED_COLLOCATED_CONN_1741,SendNotification,
TSGTINVOIC_INTGSERVIC_OB_01.00.0000.iar.yaml,TSGTINVOIC_INTGSERVIC_OB|01.00.0000,TSGTINVOIC_INTGSERVIC_OB,TSGTInvoicePaymentExtract_IntgService_OB,01.00.0000,GetMetadataFromBO(i3),Adapter_Invoke,,,,/FWKOUTBOUNDINTGMETADATA,TSGTRESTVBCSBO_CONN,GetMetadataFromBO,
TSGTINVONHANDREC_SERVICE_01.00.0000.iar.yaml,TSGTINVONHANDREC_SERVICE|01.00.0000,TSGTINVONHANDREC_SERVICE,TSGTInvOnHandReconOrchestratorIbFwk_Service,01.00.0000,InvokeErrorHandlerService(i14),IntegrationAction,HC_CMN_NOTIFICA_SERVICE,01.00.0000,,/Notify,PRESEEDED_COLLOCATED_CONN_1741,InvokeErrorHandlerService,
TSGTINVONHANDREC_SERVICE_01.00.0000.iar.yaml,TSGTINVONHANDREC_SERVICE|01.00.0000,TSGTINVONHANDREC_SERVICE,TSGTInvOnHandReconOrchestratorIbFwk_Service,01.00.0000,InvokeUploadResultFiletoObjectStorage(i4),IntegrationAction,TSGTCMNFILEREFER_SERVICE,01.00.0000,TSGTCmnFileReferencetoObjectStorage_Service,/getFileFromObjectStorage,PRESEEDED_COLLOCATED_CONN_1741,InvokeUploadResultFiletoObjectStorage,
TSGTINVONHANDREC_SERVICE_01.00.0000.iar.yaml,TSGTINVONHANDREC_SERVICE|01.00.0000,TSGTINVONHANDREC_SERVICE,TSGTInvOnHandReconOrchestratorIbFwk_Service,01.00.0000,SendFailedEmailNotification(i11),IntegrationAction,TSGTCMNNOTIFICAT_SERVICE,01.00.0000,TSGTCmnNotificationFwk_Service,/Notify,PRESEEDED_COLLOCATED_CONN_1741,SendFailedEmailNotification,
TSGTINVONHANDREC_SERVICE_01.00.0000.iar.yaml,TSGTINVONHANDREC_SERVICE|01.00.0000,TSGTINVONHANDREC_SERVICE,TSGTInvOnHandReconOrchestratorIbFwk_Service,01.00.0000,SendNotification(i15),IntegrationAction,TSGTCMNNOTIFICAT_SERVICE,01.00.0000,TSGTCmnNotificationFwk_Service,/Notify,PRESEEDED_COLLOCATED_CONN_1741,SendNotification,
TSGTINVONHANDREC_SERVICE_01.00.0000.iar.yaml,TSGTINVONHANDREC_SERVICE|01.00.0000,TSGTINVONHANDREC_SERVICE,TSGTInvOnHandReconOrchestratorIbFwk_Service,01.00.0000,MoveFileToArchiveBucket(i6),IntegrationAction,TSGTCMNSRCOBJSTOTGTOBJSMO_SERVIC,01.00.0000,TSGTCmnSrcObjStorageToTgtObjStorageMove_Service,/getFileFromObjectStorage,PRESEEDED_COLLOCATED_CONN_1741,MoveFileToArchiveBucket,
TSGTINVONHANDREC_SERVICE_01.00.0000.iar.yaml,TSGTINVONHANDREC_SERVICE|01.00.0000,TSGTINVONHANDREC_SERVICE,TSGTInvOnHandReconOrchestratorIbFwk_Service,01.00.0000,MoveFileToErrorBucket(i5),IntegrationAction,TSGTCMNSRCOBJSTOTGTOBJSMO_SERVIC,01.00.0000,TSGTCmnSrcObjStorageToTgtObjStorageMove_Service,/getFileFromObjectStorage,PRESEEDED_COLLOCATED_CONN_1741,MoveFileToErrorBucket,
TSGTINVONHANDREC_SERVICE_01.00.0000.iar.yaml,TSGTINVONHANDREC_SERVICE|01.00.0000,TSGTINVONHANDREC_SERVICE,TSGTInvOnHandReconOrchestratorIbFwk_Service,01.00.0000,InvokeLoggerService-Initiation(i7),IntegrationAction,TSGTCMNUPSERTINS_SERVICE,01.00.0000,TSGTCmnUpsertInstanceTransaction_Service,/UpsertInstanceTransaction,PRESEEDED_COLLOCATED_CONN_1741,InvokeLoggerService-Initiation,
TSGTINVONHANDREC_SERVICE_01.00.0000.iar.yaml,TSGTINVONHANDREC_SERVICE|01.00.0000,TSGTINVONHANDREC_SERVICE,TSGTInvOnHandReconOrchestratorIbFwk_Service,01.00.0000,UpddateTransactionAndInstanceStatus(i10),IntegrationAction,TSGTCMNUPSERTINS_SERVICE,01.00.0000,TSGTCmnUpsertInstanceTransaction_Service,/UpsertInstanceTransaction,PRESEEDED_COLLOCATED_CONN_1741,UpddateTransactionAndInstanceStatus,
TSGTINVONHANDREC_SERVICE_01.00.0000.iar.yaml,TSGTINVONHANDREC_SERVICE|01.00.0000,TSGTINVONHANDREC_SERVICE,TSGTInvOnHandReconOrchestratorIbFwk_Service,01.00.0000,GetErpWacsReconData(i2),Adapter_Invoke,,,,,TSGTATPCLOUDDB_CONN,GetErpWacsReconData,
TSGTINVONHANDREC_SERVICE_01.00.0000.iar.yaml,TSGTINVONHANDREC_SERVICE|01.00.0000,TSGTINVONHANDREC_SERVICE,TSGTInvOnHandReconOrchestratorIbFwk_Service,01.00.0000,GetInstanceDtls(i13),Adapter_Invoke,,,,/Instances,TSGTRESTVBCSBO_CONN,GetInstanceDtls,
TSGTINVONHANDREC_SERVICE_01.00.0000.iar.yaml,TSGTINVONHANDREC_SERVICE|01.00.0000,TSGTINVONHANDREC_SERVICE,TSGTInvOnHandReconOrchestratorIbFwk_Service,01.00.0000,GetMetadataInfo(i1),Adapter_Invoke,,,,/FWKINBOUNDINTGMETADATA,TSGTRESTVBCSBO_CONN,GetMetadataInfo,
TSGTINVONHANDREC_SERVICE_01.00.0000.iar.yaml,TSGTINVONHANDREC_SERVICE|01.00.0000,TSGTINVONHANDREC_SERVICE,TSGTInvOnHandReconOrchestratorIbFwk_Service,01.00.0000,InvokeErpWACSOnHandReconRptPrc(i0),Adapter_Invoke,,,,,TSGTATPCLOUDDB_CONN,InvokeErpWACSOnHandReconRptPrc,
TSGTINVONHANDREC_SERVICE_01.00.0000.iar.yaml,TSGTINVONHANDREC_SERVICE|01.00.0000,TSGTINVONHANDREC_SERVICE,TSGTInvOnHandReconOrchestratorIbFwk_Service,01.00.0000,InvokeStatsProc(i3),Adapter_Invoke,,,,,TSGTATPCLOUDDB_CONN,InvokeStatsProc,
TSGTINVWACSONHAN_SERVICE_01.00.0000.iar.yaml,TSGTINVWACSONHAN_SERVICE|01.00.0000,TSGTINVWACSONHAN_SERVICE,TSGTInvWacsOnHandMediatorDataInsertIbFwk_Service,01.00.0000,UpdateDataInsertStatusToInstance(i3),IntegrationAction,TSGTCMNUPSERTINS_SERVICE,01.00.0000,TSGTCmnUpsertInstanceTransaction_Service,/UpsertInstanceTransaction,PRESEEDED_COLLOCATED_CONN_1741,UpdateDataInsertStatusToInstance,
TSGTINVWACSONHAN_SERVICE_01.00.0000.iar.yaml,TSGTINVWACSONHAN_SERVICE|01.00.0000,TSGTINVWACSONHAN_SERVICE,TSGTInvWacsOnHandMediatorDataInsertIbFwk_Service,01.00.0000,DownloadFileFromBucket(i0),Adapter_Invoke,,,,/n/{nameSpaceName}/b/{bucketName}/o/{objectName},TSGTOBJECTSTORAG_CONN,DownloadFileFromBucket,
TSGTINVWACSONHAN_SERVICE_01.00.0000.iar.yaml,TSGTINVWACSONHAN_SERVICE|01.00.0000,TSGTINVWACSONHAN_SERVICE,TSGTInvWacsOnHandMediatorDataInsertIbFwk_Service,01.00.0000,InsertIntoIbStageTbl(i1),Adapter_Invoke,,,,,TSGTATPCLOUDDB_CONN,InsertIntoIbStageTbl,
TSGTLEADTIMEERPU_SERVICE_01.00.0000.iar.yaml,TSGTLEADTIMEERPU_SERVICE|01.00.0000,TSGTLEADTIMEERPU_SERVICE,TSGTLeadTimeERPUpdateDispatcher_Service,01.00.0000,InvokeNotificationService(i13),IntegrationAction,TSGTCMNNOTIFICAT_SERVICE,01.00.0000,TSGTCmnNotificationFwk_Service,/Notify,PRESEEDED_COLLOCATED_CONN_1741,InvokeNotificationService,
TSGTLEADTIMEERPU_SERVICE_01.00.0000.iar.yaml,TSGTLEADTIMEERPU_SERVICE|01.00.0000,TSGTLEADTIMEERPU_SERVICE,TSGTLeadTimeERPUpdateDispatcher_Service,01.00.0000,UpdInstanceBOStat(i12),IntegrationAction,TSGTCMNUPSERTINS_SERVICE,01.00.0000,TSGTCmnUpsertInstanceTransaction_Service,/UpsertInstanceTransaction,PRESEEDED_COLLOCATED_CONN_1741,UpdInstanceBOStat,
TSGTLEADTIMEERPU_SERVICE_01.00.0000.iar.yaml,TSGTLEADTIMEERPU_SERVICE|01.00.0000,TSGTLEADTIMEERPU_SERVICE,TSGTLeadTimeERPUpdateDispatcher_Service,01.00.0000,UpdateInitLog(i2),IntegrationAction,TSGTCMNUPSERTINS_SERVICE,01.00.0000,TSGTCmnUpsertInstanceTransaction_Service,/UpsertInstanceTransaction,PRESEEDED_COLLOCATED_CONN_1741,UpdateInitLog,
TSGTLEADTIMEERPU_SERVICE_01.00.0000.iar.yaml,TSGTLEADTIMEERPU_SERVICE|01.00.0000,TSGTLEADTIMEERPU_SERVICE,TSGTLeadTimeERPUpdateDispatcher_Service,01.00.0000,UpdateInstanceBOStatus(i7),IntegrationAction,TSGTCMNUPSERTINS_SERVICE,01.00.0000,TSGTCmnUpsertInstanceTransaction_Service,/UpsertInstanceTransaction,PRESEEDED_COLLOCATED_CONN_1741,UpdateInstanceBOStatus,
TSGTLEADTIMEERPU_SERVICE_01.00.0000.iar.yaml,TSGTLEADTIMEERPU_SERVICE|01.00.0000,TSGTLEADTIMEERPU_SERVICE,TSGTLeadTimeERPUpdateDispatcher_Service,01.00.0000,UpdateTransactionAndInstanceLog(i4),IntegrationAction,TSGTCMNUPSERTINS_SERVICE,01.00.0000,TSGTCmnUpsertInstanceTransaction_Service,/UpsertInstanceTransaction,PRESEEDED_COLLOCATED_CONN_1741,UpdateTransactionAndInstanceLog,
TSGTLEADTIMEERPU_SERVICE_01.00.0000.iar.yaml,TSGTLEADTIMEERPU_SERVICE|01.00.0000,TSGTLEADTIMEERPU_SERVICE,TSGTLeadTimeERPUpdateDispatcher_Service,01.00.0000,ErrorHandler(i11),IntegrationAction,UIC_CMN_ERRORHAN_SERVICE,01.00.0001,,https://prod-axeufspbztar-px.integration.ocp.oraclecloud.com:443/ic/api/integration/v1/flows/rest/UIC_CMN_ERRORHAN_SERVICE/1.0/ErrorHandler,PRESEEDED_COLLOCATED_CONN_1741,ErrorHandler,
TSGTLEADTIMEERPU_SERVICE_01.00.0000.iar.yaml,TSGTLEADTIMEERPU_SERVICE|01.00.0000,TSGTLEADTIMEERPU_SERVICE,TSGTLeadTimeERPUpdateDispatcher_Service,01.00.0000,GetFileFromBucket(i14),Adapter_Invoke,,,,/n/{nameSpaceName}/b/{bucketName}/o/{objectName},TSGTOBJECTSTORAG_CONN,GetFileFromBucket,
TSGTLEADTIMEERPU_SERVICE_01.00.0000.iar.yaml,TSGTLEADTIMEERPU_SERVICE|01.00.0000,TSGTLEADTIMEERPU_SERVICE,TSGTLeadTimeERPUpdateDispatcher_Service,01.00.0000,GetInstanceCount(i9),Adapter_Invoke,,,,/Logger/{Logger_Id}/action/getInstanceCount,TSGTRESTVBCSBO_CONN,GetInstanceCount,
TSGTLEADTIMEERPU_SERVICE_01.00.0000.iar.yaml,TSGTLEADTIMEERPU_SERVICE|01.00.0000,TSGTLEADTIMEERPU_SERVICE,TSGTLeadTimeERPUpdateDispatcher_Service,01.00.0000,GetInstanceDetails(i6),Adapter_Invoke,,,,/Instances,TSGTRESTVBCSBO_CONN,GetInstanceDetails,
TSGTLEADTIMEERPU_SERVICE_01.00.0000.iar.yaml,TSGTLEADTIMEERPU_SERVICE|01.00.0000,TSGTLEADTIMEERPU_SERVICE,TSGTLeadTimeERPUpdateDispatcher_Service,01.00.0000,GetInstanceDetailsForReprocess(i10),Adapter_Invoke,,,,/Instances,TSGTRESTVBCSBO_CONN,GetInstanceDetailsForReprocess,
TSGTLEADTIMEERPU_SERVICE_01.00.0000.iar.yaml,TSGTLEADTIMEERPU_SERVICE|01.00.0000,TSGTLEADTIMEERPU_SERVICE,TSGTLeadTimeERPUpdateDispatcher_Service,01.00.0000,GetInstanceDtls(i8),Adapter_Invoke,,,,/Instances,TSGTRESTVBCSBO_CONN,GetInstanceDtls,
TSGTLEADTIMEERPU_SERVICE_01.00.0000.iar.yaml,TSGTLEADTIMEERPU_SERVICE|01.00.0000,TSGTLEADTIMEERPU_SERVICE,TSGTLeadTimeERPUpdateDispatcher_Service,01.00.0000,GetItemDetails(i17),Adapter_Invoke,,,,,TSGTERPCLOUD_CONN,GetItemDetails,
TSGTLEADTIMEERPU_SERVICE_01.00.0000.iar.yaml,TSGTLEADTIMEERPU_SERVICE|01.00.0000,TSGTLEADTIMEERPU_SERVICE,TSGTLeadTimeERPUpdateDispatcher_Service,01.00.0000,GetLastRunDateBIP(i0),Adapter_Invoke,,,,,TSGTSOAPERPBIP_CONN,GetLastRunDateBIP,
TSGTLEADTIMEERPU_SERVICE_01.00.0000.iar.yaml,TSGTLEADTIMEERPU_SERVICE|01.00.0000,TSGTLEADTIMEERPU_SERVICE,TSGTLeadTimeERPUpdateDispatcher_Service,01.00.0000,GetMetaDatafromBO(i16),Adapter_Invoke,,,,/FWKOUTBOUNDINTGMETADATA,TSGTRESTVBCSBO_CONN,GetMetaDatafromBO,
TSGTLEADTIMEERPU_SERVICE_01.00.0000.iar.yaml,TSGTLEADTIMEERPU_SERVICE|01.00.0000,TSGTLEADTIMEERPU_SERVICE,TSGTLeadTimeERPUpdateDispatcher_Service,01.00.0000,GetTransactionDetails(i1),Adapter_Invoke,,,,/Transactions,TSGTRESTVBCSBO_CONN,GetTransactionDetails,
TSGTLEADTIMEERPU_SERVICE_01.00.0000.iar.yaml,TSGTLEADTIMEERPU_SERVICE|01.00.0000,TSGTLEADTIMEERPU_SERVICE,TSGTLeadTimeERPUpdateDispatcher_Service,01.00.0000,UpdateItem(i18),Adapter_Invoke,,,,,TSGTERPCLOUD_CONN,UpdateItem,
TSGTLEADTIMEERPU_SERVICE_01.00.0000.iar.yaml,TSGTLEADTIMEERPU_SERVICE|01.00.0000,TSGTLEADTIMEERPU_SERVICE,TSGTLeadTimeERPUpdateDispatcher_Service,01.00.0000,UpdateLastrunDateinBO(i5),Adapter_Invoke,,,,/FWKOUTBOUNDINTGMETADATA/{Id},TSGTRESTVBCSBO_CONN,UpdateLastrunDateinBO,
TSGTLEADTI_INTGSERVIC_OB_01.00.0000.iar.yaml,TSGTLEADTI_INTGSERVIC_OB|01.00.0000,TSGTLEADTI_INTGSERVIC_OB,TSGTLeadTimeUpdate_IntgService_OB,01.00.0000,InvokeCommonLauncher(i0),IntegrationAction,TSGTCMNLAUNCHERF_SERVICE,01.00.0000,TSGTCmnLauncherFwk_Service,/invokeLauncher,PRESEEDED_COLLOCATED_CONN_1741,InvokeCommonLauncher,
TSGTLEADTI_INTGSERVIC_OB_01.00.0000.iar.yaml,TSGTLEADTI_INTGSERVIC_OB|01.00.0000,TSGTLEADTI_INTGSERVIC_OB,TSGTLeadTimeUpdate_IntgService_OB,01.00.0000,SendNotification(i1),IntegrationAction,TSGTCMNNOTIFICAT_SERVICE,01.00.0000,TSGTCmnNotificationFwk_Service,/Notify,PRESEEDED_COLLOCATED_CONN_1741,SendNotification,
TSGTLEADTI_INTGSERVIC_OB_01.00.0000.iar.yaml,TSGTLEADTI_INTGSERVIC_OB|01.00.0000,TSGTLEADTI_INTGSERVIC_OB,TSGTLeadTimeUpdate_IntgService_OB,01.00.0000,GetMetadataFromBO(i3),Adapter_Invoke,,,,/FWKOUTBOUNDINTGMETADATA,TSGTRESTVBCSBO_CONN,GetMetadataFromBO,
TSGTLISTPRICEERP_SERVICE_01.00.0000.iar.yaml,TSGTLISTPRICEERP_SERVICE|01.00.0000,TSGTLISTPRICEERP_SERVICE,TSGTListPriceERPUpdateDispatcher_Service,01.00.0000,InvokeNotificationService(i13),IntegrationAction,TSGTCMNNOTIFICAT_SERVICE,01.00.0000,TSGTCmnNotificationFwk_Service,/Notify,PRESEEDED_COLLOCATED_CONN_1741,InvokeNotificationService,
TSGTLISTPRICEERP_SERVICE_01.00.0000.iar.yaml,TSGTLISTPRICEERP_SERVICE|01.00.0000,TSGTLISTPRICEERP_SERVICE,TSGTListPriceERPUpdateDispatcher_Service,01.00.0000,UpdInstanceBOStat(i12),IntegrationAction,TSGTCMNUPSERTINS_SERVICE,01.00.0000,TSGTCmnUpsertInstanceTransaction_Service,/UpsertInstanceTransaction,PRESEEDED_COLLOCATED_CONN_1741,UpdInstanceBOStat,
TSGTLISTPRICEERP_SERVICE_01.00.0000.iar.yaml,TSGTLISTPRICEERP_SERVICE|01.00.0000,TSGTLISTPRICEERP_SERVICE,TSGTListPriceERPUpdateDispatcher_Service,01.00.0000,UpdateInitLog(i2),IntegrationAction,TSGTCMNUPSERTINS_SERVICE,01.00.0000,TSGTCmnUpsertInstanceTransaction_Service,/UpsertInstanceTransaction,PRESEEDED_COLLOCATED_CONN_1741,UpdateInitLog,
TSGTLISTPRICEERP_SERVICE_01.00.0000.iar.yaml,TSGTLISTPRICEERP_SERVICE|01.00.0000,TSGTLISTPRICEERP_SERVICE,TSGTListPriceERPUpdateDispatcher_Service,01.00.0000,UpdateInstanceBOStatus(i7),IntegrationAction,TSGTCMNUPSERTINS_SERVICE,01.00.0000,TSGTCmnUpsertInstanceTransaction_Service,/UpsertInstanceTransaction,PRESEEDED_COLLOCATED_CONN_1741,UpdateInstanceBOStatus,
TSGTLISTPRICEERP_SERVICE_01.00.0000.iar.yaml,TSGTLISTPRICEERP_SERVICE|01.00.0000,TSGTLISTPRICEERP_SERVICE,TSGTListPriceERPUpdateDispatcher_Service,01.00.0000,UpdateTransactionAndInstanceLog(i4),IntegrationAction,TSGTCMNUPSERTINS_SERVICE,01.00.0000,TSGTCmnUpsertInstanceTransaction_Service,/UpsertInstanceTransaction,PRESEEDED_COLLOCATED_CONN_1741,UpdateTransactionAndInstanceLog,
TSGTLISTPRICEERP_SERVICE_01.00.0000.iar.yaml,TSGTLISTPRICEERP_SERVICE|01.00.0000,TSGTLISTPRICEERP_SERVICE,TSGTListPriceERPUpdateDispatcher_Service,01.00.0000,ErrorHandler(i11),IntegrationAction,UIC_CMN_ERRORHAN_SERVICE,01.00.0001,,https://prod-axeufspbztar-px.integration.ocp.oraclecloud.com:443/ic/api/integration/v1/flows/rest/UIC_CMN_ERRORHAN_SERVICE/1.0/ErrorHandler,PRESEEDED_COLLOCATED_CONN_1741,ErrorHandler,
TSGTLISTPRICEERP_SERVICE_01.00.0000.iar.yaml,TSGTLISTPRICEERP_SERVICE|01.00.0000,TSGTLISTPRICEERP_SERVICE,TSGTListPriceERPUpdateDispatcher_Service,01.00.0000,GetFileFromBucket(i14),Adapter_Invoke,,,,/n/{nameSpaceName}/b/{bucketName}/o/{objectName},TSGTOBJECTSTORAG_CONN,GetFileFromBucket,
TSGTLISTPRICEERP_SERVICE_01.00.0000.iar.yaml,TSGTLISTPRICEERP_SERVICE|01.00.0000,TSGTLISTPRICEERP_SERVICE,TSGTListPriceERPUpdateDispatcher_Service,01.00.0000,GetInstanceCount(i9),Adapter_Invoke,,,,/Logger/{Logger_Id}/action/getInstanceCount,TSGTRESTVBCSBO_CONN,GetInstanceCount,
TSGTLISTPRICEERP_SERVICE_01.00.0000.iar.yaml,TSGTLISTPRICEERP_SERVICE|01.00.0000,TSGTLISTPRICEERP_SERVICE,TSGTListPriceERPUpdateDispatcher_Service,01.00.0000,GetInstanceDetails(i6),Adapter_Invoke,,,,/Instances,TSGTRESTVBCSBO_CONN,GetInstanceDetails,
TSGTLISTPRICEERP_SERVICE_01.00.0000.iar.yaml,TSGTLISTPRICEERP_SERVICE|01.00.0000,TSGTLISTPRICEERP_SERVICE,TSGTListPriceERPUpdateDispatcher_Service,01.00.0000,GetInstanceDetailsForReprocess(i10),Adapter_Invoke,,,,/Instances,TSGTRESTVBCSBO_CONN,GetInstanceDetailsForReprocess,
TSGTLISTPRICEERP_SERVICE_01.00.0000.iar.yaml,TSGTLISTPRICEERP_SERVICE|01.00.0000,TSGTLISTPRICEERP_SERVICE,TSGTListPriceERPUpdateDispatcher_Service,01.00.0000,GetInstanceDtls(i8),Adapter_Invoke,,,,/Instances,TSGTRESTVBCSBO_CONN,GetInstanceDtls,
TSGTLISTPRICEERP_SERVICE_01.00.0000.iar.yaml,TSGTLISTPRICEERP_SERVICE|01.00.0000,TSGTLISTPRICEERP_SERVICE,TSGTListPriceERPUpdateDispatcher_Service,01.00.0000,GetItemDetails(i17),Adapter_Invoke,,,,,TSGTERPCLOUD_CONN,GetItemDetails,
TSGTLISTPRICEERP_SERVICE_01.00.0000.iar.yaml,TSGTLISTPRICEERP_SERVICE|01.00.0000,TSGTLISTPRICEERP_SERVICE,TSGTListPriceERPUpdateDispatcher_Service,01.00.0000,GetLastRunDateBIP(i0),Adapter_Invoke,,,,,TSGTSOAPERPBIP_CONN,GetLastRunDateBIP,
TSGTLISTPRICEERP_SERVICE_01.00.0000.iar.yaml,TSGTLISTPRICEERP_SERVICE|01.00.0000,TSGTLISTPRICEERP_SERVICE,TSGTListPriceERPUpdateDispatcher_Service,01.00.0000,GetMetaDatafromBO(i16),Adapter_Invoke,,,,/FWKOUTBOUNDINTGMETADATA,TSGTRESTVBCSBO_CONN,GetMetaDatafromBO,
TSGTLISTPRICEERP_SERVICE_01.00.0000.iar.yaml,TSGTLISTPRICEERP_SERVICE|01.00.0000,TSGTLISTPRICEERP_SERVICE,TSGTListPriceERPUpdateDispatcher_Service,01.00.0000,GetTransactionDetails(i1),Adapter_Invoke,,,,/Transactions,TSGTRESTVBCSBO_CONN,GetTransactionDetails,
TSGTLISTPRICEERP_SERVICE_01.00.0000.iar.yaml,TSGTLISTPRICEERP_SERVICE|01.00.0000,TSGTLISTPRICEERP_SERVICE,TSGTListPriceERPUpdateDispatcher_Service,01.00.0000,UpdateItem(i18),Adapter_Invoke,,,,,TSGTERPCLOUD_CONN,UpdateItem,
TSGTLISTPRICEERP_SERVICE_01.00.0000.iar.yaml,TSGTLISTPRICEERP_SERVICE|01.00.0000,TSGTLISTPRICEERP_SERVICE,TSGTListPriceERPUpdateDispatcher_Service,01.00.0000,UpdateLastrunDateinBO(i5),Adapter_Invoke,,,,/FWKOUTBOUNDINTGMETADATA/{Id},TSGTRESTVBCSBO_CONN,UpdateLastrunDateinBO,
TSGTLISTPR_INTGSERVIC_OB_01.00.0000.iar.yaml,TSGTLISTPR_INTGSERVIC_OB|01.00.0000,TSGTLISTPR_INTGSERVIC_OB,TSGTListPriceUpdate_IntgService_OB,01.00.0000,InvokeCommonLauncher(i0),IntegrationAction,TSGTCMNLAUNCHERF_SERVICE,01.00.0000,TSGTCmnLauncherFwk_Service,/invokeLauncher,PRESEEDED_COLLOCATED_CONN_1741,InvokeCommonLauncher,
TSGTLISTPR_INTGSERVIC_OB_01.00.0000.iar.yaml,TSGTLISTPR_INTGSERVIC_OB|01.00.0000,TSGTLISTPR_INTGSERVIC_OB,TSGTListPriceUpdate_IntgService_OB,01.00.0000,SendNotification(i1),IntegrationAction,TSGTCMNNOTIFICAT_SERVICE,01.00.0000,TSGTCmnNotificationFwk_Service,/Notify,PRESEEDED_COLLOCATED_CONN_1741,SendNotification,
TSGTLISTPR_INTGSERVIC_OB_01.00.0000.iar.yaml,TSGTLISTPR_INTGSERVIC_OB|01.00.0000,TSGTLISTPR_INTGSERVIC_OB,TSGTListPriceUpdate_IntgService_OB,01.00.0000,GetMetadataFromBO(i3),Adapter_Invoke,,,,/FWKOUTBOUNDINTGMETADATA,TSGTRESTVBCSBO_CONN,GetMetadataFromBO,
TSGTMINGENERPIBI_SERVICE_01.00.0000.iar.yaml,TSGTMINGENERPIBI_SERVICE|01.00.0000,TSGTMINGENERPIBI_SERVICE,TSGTMingenErpIbInit_Service,01.00.0000,UpdateSummaryStatus(i11),IntegrationAction,TSGTCMNAPPCOMPOS_SERVICE,01.00.0000,TSGTCmnAppComposerObjUpdate_Service,/RestAPIUpdate/,PRESEEDED_COLLOCATED_CONN_1741,UpdateSummaryStatus,
TSGTMINGENERPIBI_SERVICE_01.00.0000.iar.yaml,TSGTMINGENERPIBI_SERVICE|01.00.0000,TSGTMINGENERPIBI_SERVICE,TSGTMingenErpIbInit_Service,01.00.0000,InvokeCmnIntegrationLauncher(i4),IntegrationAction,TSGTCMNLAUNCHERF_SERVICE,01.00.0000,TSGTCmnLauncherFwk_Service,/invokeLauncher,PRESEEDED_COLLOCATED_CONN_1741,InvokeCmnIntegrationLauncher,
TSGTMINGENERPIBI_SERVICE_01.00.0000.iar.yaml,TSGTMINGENERPIBI_SERVICE|01.00.0000,TSGTMINGENERPIBI_SERVICE,TSGTMingenErpIbInit_Service,01.00.0000,SendNotification(i3),IntegrationAction,TSGTCMNNOTIFICAT_SERVICE,01.00.0000,TSGTCmnNotificationFwk_Service,/Notify,PRESEEDED_COLLOCATED_CONN_1741,SendNotification,
TSGTMINGENERPIBI_SERVICE_01.00.0000.iar.yaml,TSGTMINGENERPIBI_SERVICE|01.00.0000,TSGTMINGENERPIBI_SERVICE,TSGTMingenErpIbInit_Service,01.00.0000,InvokeGeneartereport(i9),IntegrationAction,TSGTMINGENERPIBR_SERVICE,01.00.0000,TSGTMingenErpIbReport_Service,/GenerateMingenReport,PRESEEDED_COLLOCATED_CONN_1741,InvokeGeneartereport,
TSGTMINGENERPIBI_SERVICE_01.00.0000.iar.yaml,TSGTMINGENERPIBI_SERVICE|01.00.0000,TSGTMINGENERPIBI_SERVICE,TSGTMingenErpIbInit_Service,01.00.0000,CheckIfFileExist(i2),Adapter_Invoke,,,,,TSGTFTP_CONN,CheckIfFileExist,
TSGTMINGENERPIBI_SERVICE_01.00.0000.iar.yaml,TSGTMINGENERPIBI_SERVICE|01.00.0000,TSGTMINGENERPIBI_SERVICE,TSGTMingenErpIbInit_Service,01.00.0000,CheckLockFlagStatus(i0),Adapter_Invoke,,,,,TSGTATPCLOUDDB_CONN,CheckLockFlagStatus,
TSGTMINGENERPIBI_SERVICE_01.00.0000.iar.yaml,TSGTMINGENERPIBI_SERVICE|01.00.0000,TSGTMINGENERPIBI_SERVICE,TSGTMingenErpIbInit_Service,01.00.0000,GetLoadOrReportStatus(i10),Adapter_Invoke,,,,,TSGTATPCLOUDDB_CONN,GetLoadOrReportStatus,
TSGTMINGENERPIBI_SERVICE_01.00.0000.iar.yaml,TSGTMINGENERPIBI_SERVICE|01.00.0000,TSGTMINGENERPIBI_SERVICE,TSGTMingenErpIbInit_Service,01.00.0000,GetMetadataFromBO(i6),Adapter_Invoke,,,,/FWKINBOUNDINTGMETADATA,TSGTRESTVBCSBO_CONN,GetMetadataFromBO,
TSGTMINGENERPIBI_SERVICE_01.00.0000.iar.yaml,TSGTMINGENERPIBI_SERVICE|01.00.0000,TSGTMINGENERPIBI_SERVICE,TSGTMingenErpIbInit_Service,01.00.0000,InsertRecintoTransactionId(i8),Adapter_Invoke,,,,/Logger/{Logger_Id}/action/insertLog,TSGTRESTVBCSBO_CONN,InsertRecintoTransactionId,
TSGTMINGENERPIBI_SERVICE_01.00.0000.iar.yaml,TSGTMINGENERPIBI_SERVICE|01.00.0000,TSGTMINGENERPIBI_SERVICE,TSGTMingenErpIbInit_Service,01.00.0000,ReleaseLock(i5),Adapter_Invoke,,,,,TSGTATPCLOUDDB_CONN,ReleaseLock,
TSGTMINGENERPIBI_SERVICE_01.00.0000.iar.yaml,TSGTMINGENERPIBI_SERVICE|01.00.0000,TSGTMINGENERPIBI_SERVICE,TSGTMingenErpIbInit_Service,01.00.0000,UpdateTransactionId(i7),Adapter_Invoke,,,,,TSGTATPCLOUDDB_CONN,UpdateTransactionId,
TSGTMINGENERPIBI_SERVICE_01.00.0000.iar.yaml,TSGTMINGENERPIBI_SERVICE|01.00.0000,TSGTMINGENERPIBI_SERVICE,TSGTMingenErpIbInit_Service,01.00.0000,UpsertLock(i1),Adapter_Invoke,,,,,TSGTATPCLOUDDB_CONN,UpsertLock,
TSGTMINGENERPIBR_SERVICE_01.00.0000.iar.yaml,TSGTMINGENERPIBR_SERVICE|01.00.0000,TSGTMINGENERPIBR_SERVICE,TSGTMingenErpIbReport_Service,01.00.0000,UpdateCustomSummary(i19),IntegrationAction,TSGTCMNAPPCOMPOS_SERVICE,01.00.0000,TSGTCmnAppComposerObjUpdate_Service,/RestAPIUpdate/,PRESEEDED_COLLOCATED_CONN_1741,UpdateCustomSummary,
TSGTMINGENERPIBR_SERVICE_01.00.0000.iar.yaml,TSGTMINGENERPIBR_SERVICE|01.00.0000,TSGTMINGENERPIBR_SERVICE,TSGTMingenErpIbReport_Service,01.00.0000,UpdateResultFileReport(i20),IntegrationAction,TSGTCMNFILEREFER_SERVICE,01.00.0000,TSGTCmnFileReferencetoObjectStorage_Service,/getFileFromObjectStorage,PRESEEDED_COLLOCATED_CONN_1741,UpdateResultFileReport,
TSGTMINGENERPIBR_SERVICE_01.00.0000.iar.yaml,TSGTMINGENERPIBR_SERVICE|01.00.0000,TSGTMINGENERPIBR_SERVICE,TSGTMingenErpIbReport_Service,01.00.0000,InvokeSyncXref(i6),IntegrationAction,TSGTCMNLAUNCHERF_SERVICE,01.00.0000,TSGTCmnLauncherFwk_Service,/invokeLauncher,PRESEEDED_COLLOCATED_CONN_1741,InvokeSyncXref,
TSGTMINGENERPIBR_SERVICE_01.00.0000.iar.yaml,TSGTMINGENERPIBR_SERVICE|01.00.0000,TSGTMINGENERPIBR_SERVICE,TSGTMingenErpIbReport_Service,01.00.0000,SendEmail(i3),IntegrationAction,TSGTCMNNOTIFICAT_SERVICE,01.00.0000,TSGTCmnNotificationFwk_Service,/Notify,PRESEEDED_COLLOCATED_CONN_1741,SendEmail,
TSGTMINGENERPIBR_SERVICE_01.00.0000.iar.yaml,TSGTMINGENERPIBR_SERVICE|01.00.0000,TSGTMINGENERPIBR_SERVICE,TSGTMingenErpIbReport_Service,01.00.0000,SendErrorNotification(i12),IntegrationAction,TSGTCMNNOTIFICAT_SERVICE,01.00.0000,TSGTCmnNotificationFwk_Service,/Notify,PRESEEDED_COLLOCATED_CONN_1741,SendErrorNotification,
TSGTMINGENERPIBR_SERVICE_01.00.0000.iar.yaml,TSGTMINGENERPIBR_SERVICE|01.00.0000,TSGTMINGENERPIBR_SERVICE,TSGTMingenErpIbReport_Service,01.00.0000,UpdateInsatnceDetails(i11),IntegrationAction,TSGTCMNUPSERTINS_SERVICE,01.00.0000,TSGTCmnUpsertInstanceTransaction_Service,/UpsertInstanceTransaction,PRESEEDED_COLLOCATED_CONN_1741,UpdateInsatnceDetails,
TSGTMINGENERPIBR_SERVICE_01.00.0000.iar.yaml,TSGTMINGENERPIBR_SERVICE|01.00.0000,TSGTMINGENERPIBR_SERVICE,TSGTMingenErpIbReport_Service,01.00.0000,UpdateTransactionAndInstanceLog(i18),IntegrationAction,TSGTCMNUPSERTINS_SERVICE,01.00.0000,TSGTCmnUpsertInstanceTransaction_Service,/UpsertInstanceTransaction,PRESEEDED_COLLOCATED_CONN_1741,UpdateTransactionAndInstanceLog,
TSGTMINGENERPIBR_SERVICE_01.00.0000.iar.yaml,TSGTMINGENERPIBR_SERVICE|01.00.0000,TSGTMINGENERPIBR_SERVICE,TSGTMingenErpIbReport_Service,01.00.0000,CheckIfDataExist(i17),Adapter_Invoke,,,,,TSGTATPCLOUDDB_CONN,CheckIfDataExist,
TSGTMINGENERPIBR_SERVICE_01.00.0000.iar.yaml,TSGTMINGENERPIBR_SERVICE|01.00.0000,TSGTMINGENERPIBR_SERVICE,TSGTMingenErpIbReport_Service,01.00.0000,CreateMingenReport(i2),Adapter_Invoke,,,,,TSGTSOAPERPBIP_CONN,CreateMingenReport,
TSGTMINGENERPIBR_SERVICE_01.00.0000.iar.yaml,TSGTMINGENERPIBR_SERVICE|01.00.0000,TSGTMINGENERPIBR_SERVICE,TSGTMingenErpIbReport_Service,01.00.0000,CreatePreMingenReport(i5),Adapter_Invoke,,,,,TSGTSOAPERPBIP_CONN,CreatePreMingenReport,
TSGTMINGENERPIBR_SERVICE_01.00.0000.iar.yaml,TSGTMINGENERPIBR_SERVICE|01.00.0000,TSGTMINGENERPIBR_SERVICE,TSGTMingenErpIbReport_Service,01.00.0000,GetMetadataFromBO(i4),Adapter_Invoke,,,,/FWKINBOUNDINTGMETADATA,TSGTRESTVBCSBO_CONN,GetMetadataFromBO,
TSGTMINGENERPIBR_SERVICE_01.00.0000.iar.yaml,TSGTMINGENERPIBR_SERVICE|01.00.0000,TSGTMINGENERPIBR_SERVICE,TSGTMingenErpIbReport_Service,01.00.0000,GetXrefIndentifiers(i15),Adapter_Invoke,,,,/FWKINBOUNDINTGMETADATA,TSGTRESTVBCSBO_CONN,GetXrefIndentifiers,
TSGTMINGENERPIBR_SERVICE_01.00.0000.iar.yaml,TSGTMINGENERPIBR_SERVICE|01.00.0000,TSGTMINGENERPIBR_SERVICE,TSGTMingenErpIbReport_Service,01.00.0000,GetXrefTransStatus(i21),Adapter_Invoke,,,,/Transactions,TSGTRESTVBCSBO_CONN,GetXrefTransStatus,
TSGTMINGENERPIBR_SERVICE_01.00.0000.iar.yaml,TSGTMINGENERPIBR_SERVICE|01.00.0000,TSGTMINGENERPIBR_SERVICE,TSGTMingenErpIbReport_Service,01.00.0000,PlaceActualMingenReportinSFTP(i8),Adapter_Invoke,,,,,TSGTFTP_CONN,PlaceActualMingenReportinSFTP,
TSGTMINGENERPIBR_SERVICE_01.00.0000.iar.yaml,TSGTMINGENERPIBR_SERVICE|01.00.0000,TSGTMINGENERPIBR_SERVICE,TSGTMingenErpIbReport_Service,01.00.0000,PlacePreMingenReportinSFTP(i9),Adapter_Invoke,,,,,TSGTFTP_CONN,PlacePreMingenReportinSFTP,
TSGTMINGENERPIBR_SERVICE_01.00.0000.iar.yaml,TSGTMINGENERPIBR_SERVICE|01.00.0000,TSGTMINGENERPIBR_SERVICE,TSGTMingenErpIbReport_Service,01.00.0000,PreMinGenReportProcessing(i1),Adapter_Invoke,,,,,TSGTATPCLOUDDB_CONN,PreMinGenReportProcessing,
TSGTMINGENERPIBR_SERVICE_01.00.0000.iar.yaml,TSGTMINGENERPIBR_SERVICE|01.00.0000,TSGTMINGENERPIBR_SERVICE,TSGTMingenErpIbReport_Service,01.00.0000,ProcessMingenReport(i0),Adapter_Invoke,,,,,TSGTATPCLOUDDB_CONN,ProcessMingenReport,
TSGTMINGENERPIBR_SERVICE_01.00.0000.iar.yaml,TSGTMINGENERPIBR_SERVICE|01.00.0000,TSGTMINGENERPIBR_SERVICE,TSGTMingenErpIbReport_Service,01.00.0000,PutActualMingenReport(i13),Adapter_Invoke,,,,/n/{namespaceName}/b/{bucketName}/o/{ObjectName},TSGTOBJECTSTORAG_CONN,PutActualMingenReport,
TSGTMINGENERPIBR_SERVICE_01.00.0000.iar.yaml,TSGTMINGENERPIBR_SERVICE|01.00.0000,TSGTMINGENERPIBR_SERVICE,TSGTMingenErpIbReport_Service,01.00.0000,PutPreMingenReport(i14),Adapter_Invoke,,,,/n/{namespaceName}/b/{bucketName}/o/{ObjectName},TSGTOBJECTSTORAG_CONN,PutPreMingenReport,
TSGTMINGENERPIBR_SERVICE_01.00.0000.iar.yaml,TSGTMINGENERPIBR_SERVICE|01.00.0000,TSGTMINGENERPIBR_SERVICE,TSGTMingenErpIbReport_Service,01.00.0000,ReleaseLock(i10),Adapter_Invoke,,,,,TSGTATPCLOUDDB_CONN,ReleaseLock,
TSGTMINGENERPIBR_SERVICE_01.00.0000.iar.yaml,TSGTMINGENERPIBR_SERVICE|01.00.0000,TSGTMINGENERPIBR_SERVICE,TSGTMingenErpIbReport_Service,01.00.0000,ReleaseLockWhileError(i16),Adapter_Invoke,,,,,TSGTATPCLOUDDB_CONN,ReleaseLockWhileError,
TSGTMINGENERPMEDIAIB_SERVICE_01.00.0000.iar.yaml,TSGTMINGENERPMEDIAIB_SERVICE|01.00.0000,TSGTMINGENERPMEDIAIB_SERVICE,TSGTMingenErpMediatorIb_Service,01.00.0000,UpdateObjectSummaryStatus(i17),IntegrationAction,TSGTCMNAPPCOMPOS_SERVICE,01.00.0000,TSGTCmnAppComposerObjUpdate_Service,/RestAPIUpdate/,PRESEEDED_COLLOCATED_CONN_1741,UpdateObjectSummaryStatus,
TSGTMINGENERPMEDIAIB_SERVICE_01.00.0000.iar.yaml,TSGTMINGENERPMEDIAIB_SERVICE|01.00.0000,TSGTMINGENERPMEDIAIB_SERVICE,TSGTMingenErpMediatorIb_Service,01.00.0000,InvokeInsertStaggingService(i8),IntegrationAction,TSGTCMNERPMEDIATDATAINSER_SERVIC,01.00.0000,TSGTCmnErpMediatorDataInsertIbFwk_Service,/insertStage,PRESEEDED_COLLOCATED_CONN_1741,InvokeInsertStaggingService,
TSGTMINGENERPMEDIAIB_SERVICE_01.00.0000.iar.yaml,TSGTMINGENERPMEDIAIB_SERVICE|01.00.0000,TSGTMINGENERPMEDIAIB_SERVICE,TSGTMingenErpMediatorIb_Service,01.00.0000,InvokeSyncXref(i13),IntegrationAction,TSGTCMNLAUNCHERF_SERVICE,01.00.0000,TSGTCmnLauncherFwk_Service,/invokeLauncher,PRESEEDED_COLLOCATED_CONN_1741,InvokeSyncXref,
TSGTMINGENERPMEDIAIB_SERVICE_01.00.0000.iar.yaml,TSGTMINGENERPMEDIAIB_SERVICE|01.00.0000,TSGTMINGENERPMEDIAIB_SERVICE,TSGTMingenErpMediatorIb_Service,01.00.0000,SendEmailNotification(i7),IntegrationAction,TSGTCMNNOTIFICAT_SERVICE,01.00.0000,TSGTCmnNotificationFwk_Service,/Notify,PRESEEDED_COLLOCATED_CONN_1741,SendEmailNotification,
TSGTMINGENERPMEDIAIB_SERVICE_01.00.0000.iar.yaml,TSGTMINGENERPMEDIAIB_SERVICE|01.00.0000,TSGTMINGENERPMEDIAIB_SERVICE,TSGTMingenErpMediatorIb_Service,01.00.0000,MoveFileToErrorBucket(i10),IntegrationAction,TSGTCMNSRCOBJSTOTGTOBJSMO_SERVIC,01.00.0000,TSGTCmnSrcObjStorageToTgtObjStorageMove_Service,/getFileFromObjectStorage,PRESEEDED_COLLOCATED_CONN_1741,MoveFileToErrorBucket,
TSGTMINGENERPMEDIAIB_SERVICE_01.00.0000.iar.yaml,TSGTMINGENERPMEDIAIB_SERVICE|01.00.0000,TSGTMINGENERPMEDIAIB_SERVICE,TSGTMingenErpMediatorIb_Service,01.00.0000,UpdateInitTransactionAndInstanceLog(i2),IntegrationAction,TSGTCMNUPSERTINS_SERVICE,01.00.0000,TSGTCmnUpsertInstanceTransaction_Service,/UpsertInstanceTransaction,PRESEEDED_COLLOCATED_CONN_1741,UpdateInitTransactionAndInstanceLog,
TSGTMINGENERPMEDIAIB_SERVICE_01.00.0000.iar.yaml,TSGTMINGENERPMEDIAIB_SERVICE|01.00.0000,TSGTMINGENERPMEDIAIB_SERVICE,TSGTMingenErpMediatorIb_Service,01.00.0000,UpdateTransactionAndInstanceLog(i1),IntegrationAction,TSGTCMNUPSERTINS_SERVICE,01.00.0000,TSGTCmnUpsertInstanceTransaction_Service,/UpsertInstanceTransaction,PRESEEDED_COLLOCATED_CONN_1741,UpdateTransactionAndInstanceLog,
TSGTMINGENERPMEDIAIB_SERVICE_01.00.0000.iar.yaml,TSGTMINGENERPMEDIAIB_SERVICE|01.00.0000,TSGTMINGENERPMEDIAIB_SERVICE,TSGTMingenErpMediatorIb_Service,01.00.0000,InvokeOrchestratorService(i4),IntegrationAction,TSGTMINGENERPORCHIB_SERVICE,01.00.0000,TSGTMingenErpOrchestratorIb_Service,/InputRestOrchCall/,PRESEEDED_COLLOCATED_CONN_1741,InvokeOrchestratorService,
TSGTMINGENERPMEDIAIB_SERVICE_01.00.0000.iar.yaml,TSGTMINGENERPMEDIAIB_SERVICE|01.00.0000,TSGTMINGENERPMEDIAIB_SERVICE,TSGTMingenErpMediatorIb_Service,01.00.0000,GetBatchMode(i16),Adapter_Invoke,,,,,TSGTATPCLOUDDB_CONN,GetBatchMode,
TSGTMINGENERPMEDIAIB_SERVICE_01.00.0000.iar.yaml,TSGTMINGENERPMEDIAIB_SERVICE|01.00.0000,TSGTMINGENERPMEDIAIB_SERVICE,TSGTMingenErpMediatorIb_Service,01.00.0000,GetErrorRecords(i11),Adapter_Invoke,,,,,TSGTATPCLOUDDB_CONN,GetErrorRecords,
TSGTMINGENERPMEDIAIB_SERVICE_01.00.0000.iar.yaml,TSGTMINGENERPMEDIAIB_SERVICE|01.00.0000,TSGTMINGENERPMEDIAIB_SERVICE,TSGTMingenErpMediatorIb_Service,01.00.0000,GetInboundMetadataFromBO(i6),Adapter_Invoke,,,,/FWKINBOUNDINTGMETADATA,TSGTRESTVBCSBO_CONN,GetInboundMetadataFromBO,
TSGTMINGENERPMEDIAIB_SERVICE_01.00.0000.iar.yaml,TSGTMINGENERPMEDIAIB_SERVICE|01.00.0000,TSGTMINGENERPMEDIAIB_SERVICE,TSGTMingenErpMediatorIb_Service,01.00.0000,GetInstanceDtls(i3),Adapter_Invoke,,,,/Instances,TSGTRESTVBCSBO_CONN,GetInstanceDtls,
TSGTMINGENERPMEDIAIB_SERVICE_01.00.0000.iar.yaml,TSGTMINGENERPMEDIAIB_SERVICE|01.00.0000,TSGTMINGENERPMEDIAIB_SERVICE,TSGTMingenErpMediatorIb_Service,01.00.0000,GetInstanceStatus(i9),Adapter_Invoke,,,,/Instances,TSGTRESTVBCSBO_CONN,GetInstanceStatus,
TSGTMINGENERPMEDIAIB_SERVICE_01.00.0000.iar.yaml,TSGTMINGENERPMEDIAIB_SERVICE|01.00.0000,TSGTMINGENERPMEDIAIB_SERVICE,TSGTMingenErpMediatorIb_Service,01.00.0000,GetRecordName(i18),Adapter_Invoke,,,,,TSGTATPCLOUDDB_CONN,GetRecordName,
TSGTMINGENERPMEDIAIB_SERVICE_01.00.0000.iar.yaml,TSGTMINGENERPMEDIAIB_SERVICE|01.00.0000,TSGTMINGENERPMEDIAIB_SERVICE,TSGTMingenErpMediatorIb_Service,01.00.0000,GetTransactionDetails(i5),Adapter_Invoke,,,,/TransactionTypes,TSGTRESTVBCSBO_CONN,GetTransactionDetails,
TSGTMINGENERPMEDIAIB_SERVICE_01.00.0000.iar.yaml,TSGTMINGENERPMEDIAIB_SERVICE|01.00.0000,TSGTMINGENERPMEDIAIB_SERVICE,TSGTMingenErpMediatorIb_Service,01.00.0000,GetXrefData(i12),Adapter_Invoke,,,,/FWKINBOUNDINTGMETADATA,TSGTRESTVBCSBO_CONN,GetXrefData,
TSGTMINGENERPMEDIAIB_SERVICE_01.00.0000.iar.yaml,TSGTMINGENERPMEDIAIB_SERVICE|01.00.0000,TSGTMINGENERPMEDIAIB_SERVICE,TSGTMingenErpMediatorIb_Service,01.00.0000,GetXrefStatus(i14),Adapter_Invoke,,,,/Instances,TSGTRESTVBCSBO_CONN,GetXrefStatus,
TSGTMINGENERPMEDIAIB_SERVICE_01.00.0000.iar.yaml,TSGTMINGENERPMEDIAIB_SERVICE|01.00.0000,TSGTMINGENERPMEDIAIB_SERVICE,TSGTMingenErpMediatorIb_Service,01.00.0000,GetXrefTransStatus(i19),Adapter_Invoke,,,,/Transactions,TSGTRESTVBCSBO_CONN,GetXrefTransStatus,
TSGTMINGENERPMEDIAIB_SERVICE_01.00.0000.iar.yaml,TSGTMINGENERPMEDIAIB_SERVICE|01.00.0000,TSGTMINGENERPMEDIAIB_SERVICE,TSGTMingenErpMediatorIb_Service,01.00.0000,ReleaseLockFromATP(i15),Adapter_Invoke,,,,,TSGTATPCLOUDDB_CONN,ReleaseLockFromATP,
TSGTMINGENERPMEDIAIB_SERVICE_01.00.0000.iar.yaml,TSGTMINGENERPMEDIAIB_SERVICE|01.00.0000,TSGTMINGENERPMEDIAIB_SERVICE,TSGTMingenErpMediatorIb_Service,01.00.0000,TransformStageToFBDIPrc(i0),Adapter_Invoke,,,,,TSGTATPCLOUDDB_CONN,TransformStageToFBDIPrc,
TSGTMINGENERPORCHIB_SERVICE_01.00.0000.iar.yaml,TSGTMINGENERPORCHIB_SERVICE|01.00.0000,TSGTMINGENERPORCHIB_SERVICE,TSGTMingenErpOrchestratorIb_Service,01.00.0000,InvokeErrorHandlerService(i14),IntegrationAction,HC_CMN_NOTIFICA_SERVICE,01.00.0000,,/Notify,PRESEEDED_COLLOCATED_CONN_1741,InvokeErrorHandlerService,
TSGTMINGENERPORCHIB_SERVICE_01.00.0000.iar.yaml,TSGTMINGENERPORCHIB_SERVICE|01.00.0000,TSGTMINGENERPORCHIB_SERVICE,TSGTMingenErpOrchestratorIb_Service,01.00.0000,SendFailedEmailNotification(i11),IntegrationAction,TSGTCMNNOTIFICAT_SERVICE,01.00.0000,TSGTCmnNotificationFwk_Service,/Notify,PRESEEDED_COLLOCATED_CONN_1741,SendFailedEmailNotification,
TSGTMINGENERPORCHIB_SERVICE_01.00.0000.iar.yaml,TSGTMINGENERPORCHIB_SERVICE|01.00.0000,TSGTMINGENERPORCHIB_SERVICE,TSGTMingenErpOrchestratorIb_Service,01.00.0000,SendNotification(i15),IntegrationAction,TSGTCMNNOTIFICAT_SERVICE,01.00.0000,TSGTCmnNotificationFwk_Service,/Notify,PRESEEDED_COLLOCATED_CONN_1741,SendNotification,
TSGTMINGENERPORCHIB_SERVICE_01.00.0000.iar.yaml,TSGTMINGENERPORCHIB_SERVICE|01.00.0000,TSGTMINGENERPORCHIB_SERVICE,TSGTMingenErpOrchestratorIb_Service,01.00.0000,MoveFileToArchiveBucket(i18),IntegrationAction,TSGTCMNSRCOBJSTOTGTOBJSMO_SERVIC,01.00.0000,TSGTCmnSrcObjStorageToTgtObjStorageMove_Service,/getFileFromObjectStorage,PRESEEDED_COLLOCATED_CONN_1741,MoveFileToArchiveBucket,
TSGTMINGENERPORCHIB_SERVICE_01.00.0000.iar.yaml,TSGTMINGENERPORCHIB_SERVICE|01.00.0000,TSGTMINGENERPORCHIB_SERVICE,TSGTMingenErpOrchestratorIb_Service,01.00.0000,MoveFileToErrorBucket(i17),IntegrationAction,TSGTCMNSRCOBJSTOTGTOBJSMO_SERVIC,01.00.0000,TSGTCmnSrcObjStorageToTgtObjStorageMove_Service,/getFileFromObjectStorage,PRESEEDED_COLLOCATED_CONN_1741,MoveFileToErrorBucket,
TSGTMINGENERPORCHIB_SERVICE_01.00.0000.iar.yaml,TSGTMINGENERPORCHIB_SERVICE|01.00.0000,TSGTMINGENERPORCHIB_SERVICE,TSGTMingenErpOrchestratorIb_Service,01.00.0000,InvokeLoggerService-Initiation(i7),IntegrationAction,TSGTCMNUPSERTINS_SERVICE,01.00.0000,TSGTCmnUpsertInstanceTransaction_Service,/UpsertInstanceTransaction,PRESEEDED_COLLOCATED_CONN_1741,InvokeLoggerService-Initiation,
TSGTMINGENERPORCHIB_SERVICE_01.00.0000.iar.yaml,TSGTMINGENERPORCHIB_SERVICE|01.00.0000,TSGTMINGENERPORCHIB_SERVICE,TSGTMingenErpOrchestratorIb_Service,01.00.0000,UpddateTransactionAndInstanceStatus(i10),IntegrationAction,TSGTCMNUPSERTINS_SERVICE,01.00.0000,TSGTCmnUpsertInstanceTransaction_Service,/UpsertInstanceTransaction,PRESEEDED_COLLOCATED_CONN_1741,UpddateTransactionAndInstanceStatus,
TSGTMINGENERPORCHIB_SERVICE_01.00.0000.iar.yaml,TSGTMINGENERPORCHIB_SERVICE|01.00.0000,TSGTMINGENERPORCHIB_SERVICE,TSGTMingenErpOrchestratorIb_Service,01.00.0000,InvokeMingenReportServ(i0),IntegrationAction,TSGTMINGENERPIBR_SERVICE,01.00.0000,TSGTMingenErpIbReport_Service,/GenerateMingenReport,PRESEEDED_COLLOCATED_CONN_1741,InvokeMingenReportServ,
TSGTMINGENERPORCHIB_SERVICE_01.00.0000.iar.yaml,TSGTMINGENERPORCHIB_SERVICE|01.00.0000,TSGTMINGENERPORCHIB_SERVICE,TSGTMingenErpOrchestratorIb_Service,01.00.0000,GetBatchMode(i5),Adapter_Invoke,,,,,TSGTATPCLOUDDB_CONN,GetBatchMode,
TSGTMINGENERPORCHIB_SERVICE_01.00.0000.iar.yaml,TSGTMINGENERPORCHIB_SERVICE|01.00.0000,TSGTMINGENERPORCHIB_SERVICE,TSGTMingenErpOrchestratorIb_Service,01.00.0000,GetCompletionStatus(i2),Adapter_Invoke,,,,/Instances,TSGTRESTVBCSBO_CONN,GetCompletionStatus,
TSGTMINGENERPORCHIB_SERVICE_01.00.0000.iar.yaml,TSGTMINGENERPORCHIB_SERVICE|01.00.0000,TSGTMINGENERPORCHIB_SERVICE,TSGTMingenErpOrchestratorIb_Service,01.00.0000,GetInstanceDtls(i13),Adapter_Invoke,,,,/Instances,TSGTRESTVBCSBO_CONN,GetInstanceDtls,
TSGTMINGENERPORCHIB_SERVICE_01.00.0000.iar.yaml,TSGTMINGENERPORCHIB_SERVICE|01.00.0000,TSGTMINGENERPORCHIB_SERVICE,TSGTMingenErpOrchestratorIb_Service,01.00.0000,GetMetadataInfo(i1),Adapter_Invoke,,,,/FWKINBOUNDINTGMETADATA,TSGTRESTVBCSBO_CONN,GetMetadataInfo,
TSGTMINGENERPORCHIB_SERVICE_01.00.0000.iar.yaml,TSGTMINGENERPORCHIB_SERVICE|01.00.0000,TSGTMINGENERPORCHIB_SERVICE,TSGTMingenErpOrchestratorIb_Service,01.00.0000,GetPeriodFromInfoGen(i4),Adapter_Invoke,,,,,TSGTATPCLOUDDB_CONN,GetPeriodFromInfoGen,
TSGTMINGENERPORCHIB_SERVICE_01.00.0000.iar.yaml,TSGTMINGENERPORCHIB_SERVICE|01.00.0000,TSGTMINGENERPORCHIB_SERVICE,TSGTMingenErpOrchestratorIb_Service,01.00.0000,SetReportStat(i3),Adapter_Invoke,,,,,TSGTATPCLOUDDB_CONN,SetReportStat,
TSGTMINGENERPORCHIB_SERVICE_01.00.0000.iar.yaml,TSGTMINGENERPORCHIB_SERVICE|01.00.0000,TSGTMINGENERPORCHIB_SERVICE,TSGTMingenErpOrchestratorIb_Service,01.00.0000,SetReportStatusLoadSync(i6),Adapter_Invoke,,,,,TSGTATPCLOUDDB_CONN,SetReportStatusLoadSync,
TSGTMINGENERPRPT_INTGSERVIC_IB_01.00.0000.iar.yaml,TSGTMINGENERPRPT_INTGSERVIC_IB|01.00.0000,TSGTMINGENERPRPT_INTGSERVIC_IB,TSGTMingenErpReport_IntgService_IB,01.00.0000,SendNotification(i1),IntegrationAction,TSGTCMNNOTIFICAT_SERVICE,01.00.0000,TSGTCmnNotificationFwk_Service,/Notify,PRESEEDED_COLLOCATED_CONN_1741,SendNotification,
TSGTMINGENERPRPT_INTGSERVIC_IB_01.00.0000.iar.yaml,TSGTMINGENERPRPT_INTGSERVIC_IB|01.00.0000,TSGTMINGENERPRPT_INTGSERVIC_IB,TSGTMingenErpReport_IntgService_IB,01.00.0000,InvokeMingenInitService(i0),IntegrationAction,TSGTMINGENERPIBI_SERVICE,01.00.0000,TSGTMingenErpIbInit_Service,/InitService,PRESEEDED_COLLOCATED_CONN_1741,InvokeMingenInitService,
TSGTMINGENERPRPT_INTGSERVIC_IB_01.00.0000.iar.yaml,TSGTMINGENERPRPT_INTGSERVIC_IB|01.00.0000,TSGTMINGENERPRPT_INTGSERVIC_IB,TSGTMingenErpReport_IntgService_IB,01.00.0000,GetMetadataFromBO(i3),Adapter_Invoke,,,,/FWKOUTBOUNDINTGMETADATA,TSGTRESTVBCSBO_CONN,GetMetadataFromBO,
TSGTMISCCOSTERPO_SERVICE_01.00.0000.iar.yaml,TSGTMISCCOSTERPO_SERVICE|01.00.0000,TSGTMISCCOSTERPO_SERVICE,TSGTMiscCostErpOrchestratorIbFwk_Service,01.00.0000,InvokeErrorHandlerService(i14),IntegrationAction,HC_CMN_NOTIFICA_SERVICE,01.00.0000,,/Notify,PRESEEDED_COLLOCATED_CONN_1741,InvokeErrorHandlerService,
TSGTMISCCOSTERPO_SERVICE_01.00.0000.iar.yaml,TSGTMISCCOSTERPO_SERVICE|01.00.0000,TSGTMISCCOSTERPO_SERVICE,TSGTMiscCostErpOrchestratorIbFwk_Service,01.00.0000,InvokeUploadResultFiletoObjectStorage(i20),IntegrationAction,TSGTCMNFILEREFER_SERVICE,01.00.0000,TSGTCmnFileReferencetoObjectStorage_Service,/getFileFromObjectStorage,PRESEEDED_COLLOCATED_CONN_1741,InvokeUploadResultFiletoObjectStorage,
TSGTMISCCOSTERPO_SERVICE_01.00.0000.iar.yaml,TSGTMISCCOSTERPO_SERVICE|01.00.0000,TSGTMISCCOSTERPO_SERVICE,TSGTMiscCostErpOrchestratorIbFwk_Service,01.00.0000,SendFailedEmailNotification(i11),IntegrationAction,TSGTCMNNOTIFICAT_SERVICE,01.00.0000,TSGTCmnNotificationFwk_Service,/Notify,PRESEEDED_COLLOCATED_CONN_1741,SendFailedEmailNotification,
TSGTMISCCOSTERPO_SERVICE_01.00.0000.iar.yaml,TSGTMISCCOSTERPO_SERVICE|01.00.0000,TSGTMISCCOSTERPO_SERVICE,TSGTMiscCostErpOrchestratorIbFwk_Service,01.00.0000,SendNotification(i15),IntegrationAction,TSGTCMNNOTIFICAT_SERVICE,01.00.0000,TSGTCmnNotificationFwk_Service,/Notify,PRESEEDED_COLLOCATED_CONN_1741,SendNotification,
TSGTMISCCOSTERPO_SERVICE_01.00.0000.iar.yaml,TSGTMISCCOSTERPO_SERVICE|01.00.0000,TSGTMISCCOSTERPO_SERVICE,TSGTMiscCostErpOrchestratorIbFwk_Service,01.00.0000,InvokeEssLogOutput(i12),IntegrationAction,TSGTCMNSENDESSLOGOUTPUTEMAIL,01.00.0000,TSGTCmnSendESSLogOutputEmail,/getDocumentforESSJobId,PRESEEDED_COLLOCATED_CONN_1741,InvokeEssLogOutput,
TSGTMISCCOSTERPO_SERVICE_01.00.0000.iar.yaml,TSGTMISCCOSTERPO_SERVICE|01.00.0000,TSGTMISCCOSTERPO_SERVICE,TSGTMiscCostErpOrchestratorIbFwk_Service,01.00.0000,MoveFileToArchiveBucket(i18),IntegrationAction,TSGTCMNSRCOBJSTOTGTOBJSMO_SERVIC,01.00.0000,TSGTCmnSrcObjStorageToTgtObjStorageMove_Service,/getFileFromObjectStorage,PRESEEDED_COLLOCATED_CONN_1741,MoveFileToArchiveBucket,
TSGTMISCCOSTERPO_SERVICE_01.00.0000.iar.yaml,TSGTMISCCOSTERPO_SERVICE|01.00.0000,TSGTMISCCOSTERPO_SERVICE,TSGTMiscCostErpOrchestratorIbFwk_Service,01.00.0000,MoveFileToErrorBucket(i17),IntegrationAction,TSGTCMNSRCOBJSTOTGTOBJSMO_SERVIC,01.00.0000,TSGTCmnSrcObjStorageToTgtObjStorageMove_Service,/getFileFromObjectStorage,PRESEEDED_COLLOCATED_CONN_1741,MoveFileToErrorBucket,
TSGTMISCCOSTERPO_SERVICE_01.00.0000.iar.yaml,TSGTMISCCOSTERPO_SERVICE|01.00.0000,TSGTMISCCOSTERPO_SERVICE,TSGTMiscCostErpOrchestratorIbFwk_Service,01.00.0000,InvokeLoggerService-Initiation(i7),IntegrationAction,TSGTCMNUPSERTINS_SERVICE,01.00.0000,TSGTCmnUpsertInstanceTransaction_Service,/UpsertInstanceTransaction,PRESEEDED_COLLOCATED_CONN_1741,InvokeLoggerService-Initiation,
TSGTMISCCOSTERPO_SERVICE_01.00.0000.iar.yaml,TSGTMISCCOSTERPO_SERVICE|01.00.0000,TSGTMISCCOSTERPO_SERVICE,TSGTMiscCostErpOrchestratorIbFwk_Service,01.00.0000,UpdateESSJobId(i0),IntegrationAction,TSGTCMNUPSERTINS_SERVICE,01.00.0000,TSGTCmnUpsertInstanceTransaction_Service,/UpsertInstanceTransaction,PRESEEDED_COLLOCATED_CONN_1741,UpdateESSJobId,
TSGTMISCCOSTERPO_SERVICE_01.00.0000.iar.yaml,TSGTMISCCOSTERPO_SERVICE|01.00.0000,TSGTMISCCOSTERPO_SERVICE,TSGTMiscCostErpOrchestratorIbFwk_Service,01.00.0000,UpddateTransactionAndInstanceStatus(i10),IntegrationAction,TSGTCMNUPSERTINS_SERVICE,01.00.0000,TSGTCmnUpsertInstanceTransaction_Service,/UpsertInstanceTransaction,PRESEEDED_COLLOCATED_CONN_1741,UpddateTransactionAndInstanceStatus,
TSGTMISCCOSTERPO_SERVICE_01.00.0000.iar.yaml,TSGTMISCCOSTERPO_SERVICE|01.00.0000,TSGTMISCCOSTERPO_SERVICE,TSGTMiscCostErpOrchestratorIbFwk_Service,01.00.0000,GetCallbackStatus(i3),Adapter_Invoke,,,,/Logger/{Logger_Id}/action/getESSJobStatus,TSGTRESTVBCSBO_CONN,GetCallbackStatus,
TSGTMISCCOSTERPO_SERVICE_01.00.0000.iar.yaml,TSGTMISCCOSTERPO_SERVICE|01.00.0000,TSGTMISCCOSTERPO_SERVICE,TSGTMiscCostErpOrchestratorIbFwk_Service,01.00.0000,GetEssOutputReportIdFromInstance(i8),Adapter_Invoke,,,,/Instances,TSGTRESTVBCSBO_CONN,GetEssOutputReportIdFromInstance,
TSGTMISCCOSTERPO_SERVICE_01.00.0000.iar.yaml,TSGTMISCCOSTERPO_SERVICE|01.00.0000,TSGTMISCCOSTERPO_SERVICE,TSGTMiscCostErpOrchestratorIbFwk_Service,01.00.0000,GetInputFileRecordCount(i5),Adapter_Invoke,,,,,TSGTATPCLOUDDB_CONN,GetInputFileRecordCount,
TSGTMISCCOSTERPO_SERVICE_01.00.0000.iar.yaml,TSGTMISCCOSTERPO_SERVICE|01.00.0000,TSGTMISCCOSTERPO_SERVICE,TSGTMiscCostErpOrchestratorIbFwk_Service,01.00.0000,GetInstanceDtls(i13),Adapter_Invoke,,,,/Instances,TSGTRESTVBCSBO_CONN,GetInstanceDtls,
TSGTMISCCOSTERPO_SERVICE_01.00.0000.iar.yaml,TSGTMISCCOSTERPO_SERVICE|01.00.0000,TSGTMISCCOSTERPO_SERVICE,TSGTMiscCostErpOrchestratorIbFwk_Service,01.00.0000,GetJobDetails(i9),Adapter_Invoke,,,,/Instances,TSGTRESTVBCSBO_CONN,GetJobDetails,
TSGTMISCCOSTERPO_SERVICE_01.00.0000.iar.yaml,TSGTMISCCOSTERPO_SERVICE|01.00.0000,TSGTMISCCOSTERPO_SERVICE,TSGTMiscCostErpOrchestratorIbFwk_Service,01.00.0000,GetMetadataInfo(i1),Adapter_Invoke,,,,/FWKINBOUNDINTGMETADATA,TSGTRESTVBCSBO_CONN,GetMetadataInfo,
TSGTMISCCOSTERPO_SERVICE_01.00.0000.iar.yaml,TSGTMISCCOSTERPO_SERVICE|01.00.0000,TSGTMISCCOSTERPO_SERVICE,TSGTMiscCostErpOrchestratorIbFwk_Service,01.00.0000,GetPJCInterfaceData(i19),Adapter_Invoke,,,,,TSGTATPCLOUDDB_CONN,GetPJCInterfaceData,
TSGTMISCCOSTERPO_SERVICE_01.00.0000.iar.yaml,TSGTMISCCOSTERPO_SERVICE|01.00.0000,TSGTMISCCOSTERPO_SERVICE,TSGTMiscCostErpOrchestratorIbFwk_Service,01.00.0000,ImportCostBulkData(i2),Adapter_Invoke,,,,,TSGTERPCLOUD_CONN,ImportCostBulkData,
TSGTMISCCOSTERPO_SERVICE_01.00.0000.iar.yaml,TSGTMISCCOSTERPO_SERVICE|01.00.0000,TSGTMISCCOSTERPO_SERVICE,TSGTMiscCostErpOrchestratorIbFwk_Service,01.00.0000,InvokePJCSuccessRecordCount(i4),Adapter_Invoke,,,,,TSGTSOAPERPBIP_CONN,InvokePJCSuccessRecordCount,
TSGTMISCCOSTERPO_SERVICE_01.00.0000.iar.yaml,TSGTMISCCOSTERPO_SERVICE|01.00.0000,TSGTMISCCOSTERPO_SERVICE,TSGTMiscCostErpOrchestratorIbFwk_Service,01.00.0000,InvokePJCSuccessRecordsReport(i6),Adapter_Invoke,,,,,TSGTSOAPERPBIP_CONN,InvokePJCSuccessRecordsReport,
TSGTMISCCOSTERPO_SERVICE_01.00.0000.iar.yaml,TSGTMISCCOSTERPO_SERVICE|01.00.0000,TSGTMISCCOSTERPO_SERVICE,TSGTMiscCostErpOrchestratorIbFwk_Service,01.00.0000,MoveFBDIZipFileToEnrichedBucket(i16),Adapter_Invoke,,,,/n/{namespace}/b/{bucketName}/o/{objectName},TSGTOBJECTSTORAG_CONN,MoveFBDIZipFileToEnrichedBucket,
TSGTOATIAR_INTGSERVIC_IB_01.00.0000.iar.yaml,TSGTOATIAR_INTGSERVIC_IB|01.00.0000,TSGTOATIAR_INTGSERVIC_IB,TSGTOATIARInvoice_IntgService_IB,01.00.0000,InvokeCommonLauncher(i0),IntegrationAction,TSGTCMNLAUNCHERF_SERVICE,01.00.0000,TSGTCmnLauncherFwk_Service,/invokeLauncher,PRESEEDED_COLLOCATED_CONN_1741,InvokeCommonLauncher,
TSGTOATIAR_INTGSERVIC_IB_01.00.0000.iar.yaml,TSGTOATIAR_INTGSERVIC_IB|01.00.0000,TSGTOATIAR_INTGSERVIC_IB,TSGTOATIARInvoice_IntgService_IB,01.00.0000,SendNotification(i1),IntegrationAction,TSGTCMNNOTIFICAT_SERVICE,01.00.0000,TSGTCmnNotificationFwk_Service,/Notify,PRESEEDED_COLLOCATED_CONN_1741,SendNotification,
TSGTOATIAR_INTGSERVIC_IB_01.00.0000.iar.yaml,TSGTOATIAR_INTGSERVIC_IB|01.00.0000,TSGTOATIAR_INTGSERVIC_IB,TSGTOATIARInvoice_IntgService_IB,01.00.0000,GetMetadataFromBO(i3),Adapter_Invoke,,,,/FWKOUTBOUNDINTGMETADATA,TSGTRESTVBCSBO_CONN,GetMetadataFromBO,
TSGTPROJECTASKEXTR_INTGSERVIC_OB_01.00.0000.iar.yaml,TSGTPROJECTASKEXTR_INTGSERVIC_OB|01.00.0000,TSGTPROJECTASKEXTR_INTGSERVIC_OB,TSGTProjectTaskExtract_IntgService_OB,01.00.0000,InvokeCommonLauncher(i0),IntegrationAction,TSGTCMNLAUNCHERF_SERVICE,01.00.0000,TSGTCmnLauncherFwk_Service,/invokeLauncher,PRESEEDED_COLLOCATED_CONN_1741,InvokeCommonLauncher,
TSGTPROJECTASKEXTR_INTGSERVIC_OB_01.00.0000.iar.yaml,TSGTPROJECTASKEXTR_INTGSERVIC_OB|01.00.0000,TSGTPROJECTASKEXTR_INTGSERVIC_OB,TSGTProjectTaskExtract_IntgService_OB,01.00.0000,SendNotification(i1),IntegrationAction,TSGTCMNNOTIFICAT_SERVICE,01.00.0000,TSGTCmnNotificationFwk_Service,/Notify,PRESEEDED_COLLOCATED_CONN_1741,SendNotification,
TSGTPROJECTASKEXTR_INTGSERVIC_OB_01.00.0000.iar.yaml,TSGTPROJECTASKEXTR_INTGSERVIC_OB|01.00.0000,TSGTPROJECTASKEXTR_INTGSERVIC_OB,TSGTProjectTaskExtract_IntgService_OB,01.00.0000,GetMetadataFromBO(i3),Adapter_Invoke,,,,/FWKOUTBOUNDINTGMETADATA,TSGTRESTVBCSBO_CONN,GetMetadataFromBO,
TSGTPROJLABORCOST_INTGSERVIC_OB_01.00.0000.iar.yaml,TSGTPROJLABORCOST_INTGSERVIC_OB|01.00.0000,TSGTPROJLABORCOST_INTGSERVIC_OB,TSGTProjectLaborCostExtract_IntgService_OB,01.00.0000,InvokeCommonLauncher(i0),IntegrationAction,TSGTCMNLAUNCHERF_SERVICE,01.00.0000,TSGTCmnLauncherFwk_Service,/invokeLauncher,PRESEEDED_COLLOCATED_CONN_1741,InvokeCommonLauncher,
TSGTPROJLABORCOST_INTGSERVIC_OB_01.00.0000.iar.yaml,TSGTPROJLABORCOST_INTGSERVIC_OB|01.00.0000,TSGTPROJLABORCOST_INTGSERVIC_OB,TSGTProjectLaborCostExtract_IntgService_OB,01.00.0000,SendNotification(i1),IntegrationAction,TSGTCMNNOTIFICAT_SERVICE,01.00.0000,TSGTCmnNotificationFwk_Service,/Notify,PRESEEDED_COLLOCATED_CONN_1741,SendNotification,
TSGTPROJLABORCOST_INTGSERVIC_OB_01.00.0000.iar.yaml,TSGTPROJLABORCOST_INTGSERVIC_OB|01.00.0000,TSGTPROJLABORCOST_INTGSERVIC_OB,TSGTProjectLaborCostExtract_IntgService_OB,01.00.0000,GetMetadataFromBO(i3),Adapter_Invoke,,,,/FWKOUTBOUNDINTGMETADATA,TSGTRESTVBCSBO_CONN,GetMetadataFromBO,
TSGTRAPIDI_INTGSERVIC_OB_01.00.0000.iar.yaml,TSGTRAPIDI_INTGSERVIC_OB|01.00.0000,TSGTRAPIDI_INTGSERVIC_OB,TSGTRapidItemExtract_IntgService_OB,01.00.0000,InvokeCommonLauncher(i0),IntegrationAction,TSGTCMNLAUNCHERF_SERVICE,01.00.0000,TSGTCmnLauncherFwk_Service,/invokeLauncher,PRESEEDED_COLLOCATED_CONN_1741,InvokeCommonLauncher,
TSGTRAPIDI_INTGSERVIC_OB_01.00.0000.iar.yaml,TSGTRAPIDI_INTGSERVIC_OB|01.00.0000,TSGTRAPIDI_INTGSERVIC_OB,TSGTRapidItemExtract_IntgService_OB,01.00.0000,SendNotification(i1),IntegrationAction,TSGTCMNNOTIFICAT_SERVICE,01.00.0000,TSGTCmnNotificationFwk_Service,/Notify,PRESEEDED_COLLOCATED_CONN_1741,SendNotification,
TSGTRAPIDI_INTGSERVIC_OB_01.00.0000.iar.yaml,TSGTRAPIDI_INTGSERVIC_OB|01.00.0000,TSGTRAPIDI_INTGSERVIC_OB,TSGTRapidItemExtract_IntgService_OB,01.00.0000,GetMetadataFromBO(i3),Adapter_Invoke,,,,/FWKOUTBOUNDINTGMETADATA,TSGTRESTVBCSBO_CONN,GetMetadataFromBO,
TSGTSCHEDU_HCMWORKERE_SERVICE_01.00.0000.iar.yaml,TSGTSCHEDU_HCMWORKERE_SERVICE|01.00.0000,TSGTSCHEDU_HCMWORKERE_SERVICE,TSGTScheduler_HCMWorkerEPM_Service,01.00.0000,callOutboundLauncher(i4),IntegrationAction,TSGTCMNHCMLAUNCH_SERVICE,01.00.0000,TSGTCmnHcmLauncherFwk_Service,/InvokeLauncher,PRESEEDED_COLLOCATED_CONN_1741,callOutboundLauncher,
TSGTSCHEDU_HCMWORKERE_SERVICE_01.00.0000.iar.yaml,TSGTSCHEDU_HCMWORKERE_SERVICE|01.00.0000,TSGTSCHEDU_HCMWORKERE_SERVICE,TSGTScheduler_HCMWorkerEPM_Service,01.00.0000,invokeCommonOutboundLauncher(i5),IntegrationAction,TSGTCMNHCMLAUNCH_SERVICE,01.00.0000,TSGTCmnHcmLauncherFwk_Service,/InvokeLauncher,PRESEEDED_COLLOCATED_CONN_1741,invokeCommonOutboundLauncher,
TSGTSCHEDU_HCMWORKERE_SERVICE_01.00.0000.iar.yaml,TSGTSCHEDU_HCMWORKERE_SERVICE|01.00.0000,TSGTSCHEDU_HCMWORKERE_SERVICE,TSGTScheduler_HCMWorkerEPM_Service,01.00.0000,invokeHCMInboundLauncher(i2),IntegrationAction,TSGTCMNHCMLAUNCH_SERVICE,01.00.0000,TSGTCmnHcmLauncherFwk_Service,/InvokeLauncher,PRESEEDED_COLLOCATED_CONN_1741,invokeHCMInboundLauncher,
TSGTSCHEDU_HCMWORKERE_SERVICE_01.00.0000.iar.yaml,TSGTSCHEDU_HCMWORKERE_SERVICE|01.00.0000,TSGTSCHEDU_HCMWORKERE_SERVICE,TSGTScheduler_HCMWorkerEPM_Service,01.00.0000,launchHCMInboundLauncher(i3),IntegrationAction,TSGTCMNHCMLAUNCH_SERVICE,01.00.0000,TSGTCmnHcmLauncherFwk_Service,/InvokeLauncher,PRESEEDED_COLLOCATED_CONN_1741,launchHCMInboundLauncher,
TSGTSCHEDU_HCMWORKERE_SERVICE_01.00.0000.iar.yaml,TSGTSCHEDU_HCMWORKERE_SERVICE|01.00.0000,TSGTSCHEDU_HCMWORKERE_SERVICE,TSGTScheduler_HCMWorkerEPM_Service,01.00.0000,getInboundMetadataDetails(i0),Adapter_Invoke,,,,/FWKINBOUNDINTGMETADATA,TSGTRESTVBCSBO_CONN,getInboundMetadataDetails,
TSGTSCHEDU_HCMWORKERE_SERVICE_01.00.0000.iar.yaml,TSGTSCHEDU_HCMWORKERE_SERVICE|01.00.0000,TSGTSCHEDU_HCMWORKERE_SERVICE,TSGTScheduler_HCMWorkerEPM_Service,01.00.0000,getOutboundMetadataDetails(i1),Adapter_Invoke,,,,/FWKOUTBOUNDINTGMETADATA,TSGTRESTVBCSBO_CONN,getOutboundMetadataDetails,
TSGTSCHEDU_HSA_SERVICE_01.00.0000.iar.yaml,TSGTSCHEDU_HSA_SERVICE|01.00.0000,TSGTSCHEDU_HSA_SERVICE,TSGTScheduler_HSA_Service,01.00.0000,callOutboundLauncher(i4),IntegrationAction,TSGTCMNHCMLAUNCH_SERVICE,01.00.0000,TSGTCmnHcmLauncherFwk_Service,/InvokeLauncher,PRESEEDED_COLLOCATED_CONN_1741,callOutboundLauncher,
TSGTSCHEDU_HSA_SERVICE_01.00.0000.iar.yaml,TSGTSCHEDU_HSA_SERVICE|01.00.0000,TSGTSCHEDU_HSA_SERVICE,TSGTScheduler_HSA_Service,01.00.0000,invokeCommonOutboundLauncher(i5),IntegrationAction,TSGTCMNHCMLAUNCH_SERVICE,01.00.0000,TSGTCmnHcmLauncherFwk_Service,/InvokeLauncher,PRESEEDED_COLLOCATED_CONN_1741,invokeCommonOutboundLauncher,
TSGTSCHEDU_HSA_SERVICE_01.00.0000.iar.yaml,TSGTSCHEDU_HSA_SERVICE|01.00.0000,TSGTSCHEDU_HSA_SERVICE,TSGTScheduler_HSA_Service,01.00.0000,invokeHCMInboundLauncher(i2),IntegrationAction,TSGTCMNHCMLAUNCH_SERVICE,01.00.0000,TSGTCmnHcmLauncherFwk_Service,/InvokeLauncher,PRESEEDED_COLLOCATED_CONN_1741,invokeHCMInboundLauncher,
TSGTSCHEDU_HSA_SERVICE_01.00.0000.iar.yaml,TSGTSCHEDU_HSA_SERVICE|01.00.0000,TSGTSCHEDU_HSA_SERVICE,TSGTScheduler_HSA_Service,01.00.0000,launchHCMInboundLauncher(i3),IntegrationAction,TSGTCMNHCMLAUNCH_SERVICE,01.00.0000,TSGTCmnHcmLauncherFwk_Service,/InvokeLauncher,PRESEEDED_COLLOCATED_CONN_1741,launchHCMInboundLauncher,
TSGTSCHEDU_HSA_SERVICE_01.00.0000.iar.yaml,TSGTSCHEDU_HSA_SERVICE|01.00.0000,TSGTSCHEDU_HSA_SERVICE,TSGTScheduler_HSA_Service,01.00.0000,getInboundMetadataDetails(i0),Adapter_Invoke,,,,/FWKINBOUNDINTGMETADATA,TSGTRESTVBCSBO_CONN,getInboundMetadataDetails,
TSGTSCHEDU_HSA_SERVICE_01.00.0000.iar.yaml,TSGTSCHEDU_HSA_SERVICE|01.00.0000,TSGTSCHEDU_HSA_SERVICE,TSGTScheduler_HSA_Service,01.00.0000,getOutboundMetadataDetails(i1),Adapter_Invoke,,,,/FWKOUTBOUNDINTGMETADATA,TSGTRESTVBCSBO_CONN,getOutboundMetadataDetails,
TSGTSCHEDU_SAILPOINT_SERVICE_01.00.0000.iar.yaml,TSGTSCHEDU_SAILPOINT_SERVICE|01.00.0000,TSGTSCHEDU_SAILPOINT_SERVICE,TSGTScheduler_SailPoint_Service,01.00.0000,callOutboundLauncher(i4),IntegrationAction,TSGTCMNHCMLAUNCH_SERVICE,01.00.0000,TSGTCmnHcmLauncherFwk_Service,/InvokeLauncher,PRESEEDED_COLLOCATED_CONN_1741,callOutboundLauncher,
TSGTSCHEDU_SAILPOINT_SERVICE_01.00.0000.iar.yaml,TSGTSCHEDU_SAILPOINT_SERVICE|01.00.0000,TSGTSCHEDU_SAILPOINT_SERVICE,TSGTScheduler_SailPoint_Service,01.00.0000,invokeCommonOutboundLauncher(i5),IntegrationAction,TSGTCMNHCMLAUNCH_SERVICE,01.00.0000,TSGTCmnHcmLauncherFwk_Service,/InvokeLauncher,PRESEEDED_COLLOCATED_CONN_1741,invokeCommonOutboundLauncher,
TSGTSCHEDU_SAILPOINT_SERVICE_01.00.0000.iar.yaml,TSGTSCHEDU_SAILPOINT_SERVICE|01.00.0000,TSGTSCHEDU_SAILPOINT_SERVICE,TSGTScheduler_SailPoint_Service,01.00.0000,invokeHCMInboundLauncher(i2),IntegrationAction,TSGTCMNHCMLAUNCH_SERVICE,01.00.0000,TSGTCmnHcmLauncherFwk_Service,/InvokeLauncher,PRESEEDED_COLLOCATED_CONN_1741,invokeHCMInboundLauncher,
TSGTSCHEDU_SAILPOINT_SERVICE_01.00.0000.iar.yaml,TSGTSCHEDU_SAILPOINT_SERVICE|01.00.0000,TSGTSCHEDU_SAILPOINT_SERVICE,TSGTScheduler_SailPoint_Service,01.00.0000,launchHCMInboundLauncher(i3),IntegrationAction,TSGTCMNHCMLAUNCH_SERVICE,01.00.0000,TSGTCmnHcmLauncherFwk_Service,/InvokeLauncher,PRESEEDED_COLLOCATED_CONN_1741,launchHCMInboundLauncher,
TSGTSCHEDU_SAILPOINT_SERVICE_01.00.0000.iar.yaml,TSGTSCHEDU_SAILPOINT_SERVICE|01.00.0000,TSGTSCHEDU_SAILPOINT_SERVICE,TSGTScheduler_SailPoint_Service,01.00.0000,getInboundMetadataDetails(i0),Adapter_Invoke,,,,/FWKINBOUNDINTGMETADATA,TSGTRESTVBCSBO_CONN,getInboundMetadataDetails,
TSGTSCHEDU_SAILPOINT_SERVICE_01.00.0000.iar.yaml,TSGTSCHEDU_SAILPOINT_SERVICE|01.00.0000,TSGTSCHEDU_SAILPOINT_SERVICE,TSGTScheduler_SailPoint_Service,01.00.0000,getOutboundMetadataDetails(i1),Adapter_Invoke,,,,/FWKOUTBOUNDINTGMETADATA,TSGTRESTVBCSBO_CONN,getOutboundMetadataDetails,
TSGTSCHE_FIDELITY_DEF_SERVICE_01.00.0000.iar.yaml,TSGTSCHE_FIDELITY_DEF_SERVICE|01.00.0000,TSGTSCHE_FIDELITY_DEF_SERVICE,TSGTScheduler_Fidelity401k_Deferral_Service,01.00.0000,callOutboundLauncher(i4),IntegrationAction,TSGTCMNHCMLAUNCH_SERVICE,01.00.0000,TSGTCmnHcmLauncherFwk_Service,/InvokeLauncher,PRESEEDED_COLLOCATED_CONN_1741,callOutboundLauncher,
TSGTSCHE_FIDELITY_DEF_SERVICE_01.00.0000.iar.yaml,TSGTSCHE_FIDELITY_DEF_SERVICE|01.00.0000,TSGTSCHE_FIDELITY_DEF_SERVICE,TSGTScheduler_Fidelity401k_Deferral_Service,01.00.0000,invokeCommonOutboundLauncher(i5),IntegrationAction,TSGTCMNHCMLAUNCH_SERVICE,01.00.0000,TSGTCmnHcmLauncherFwk_Service,/InvokeLauncher,PRESEEDED_COLLOCATED_CONN_1741,invokeCommonOutboundLauncher,
TSGTSCHE_FIDELITY_DEF_SERVICE_01.00.0000.iar.yaml,TSGTSCHE_FIDELITY_DEF_SERVICE|01.00.0000,TSGTSCHE_FIDELITY_DEF_SERVICE,TSGTScheduler_Fidelity401k_Deferral_Service,01.00.0000,invokeHCMInboundLauncher(i2),IntegrationAction,TSGTCMNHCMLAUNCH_SERVICE,01.00.0000,TSGTCmnHcmLauncherFwk_Service,/InvokeLauncher,PRESEEDED_COLLOCATED_CONN_1741,invokeHCMInboundLauncher,
TSGTSCHE_FIDELITY_DEF_SERVICE_01.00.0000.iar.yaml,TSGTSCHE_FIDELITY_DEF_SERVICE|01.00.0000,TSGTSCHE_FIDELITY_DEF_SERVICE,TSGTScheduler_Fidelity401k_Deferral_Service,01.00.0000,launchHCMInboundLauncher(i3),IntegrationAction,TSGTCMNHCMLAUNCH_SERVICE,01.00.0000,TSGTCmnHcmLauncherFwk_Service,/InvokeLauncher,PRESEEDED_COLLOCATED_CONN_1741,launchHCMInboundLauncher,
TSGTSCHE_FIDELITY_DEF_SERVICE_01.00.0000.iar.yaml,TSGTSCHE_FIDELITY_DEF_SERVICE|01.00.0000,TSGTSCHE_FIDELITY_DEF_SERVICE,TSGTScheduler_Fidelity401k_Deferral_Service,01.00.0000,DownloadLoanFileToStage(i7),Adapter_Invoke,,,,,TSGTFIDELITYFTP_CONN,DownloadLoanFileToStage,
TSGTSCHE_FIDELITY_DEF_SERVICE_01.00.0000.iar.yaml,TSGTSCHE_FIDELITY_DEF_SERVICE|01.00.0000,TSGTSCHE_FIDELITY_DEF_SERVICE,TSGTScheduler_Fidelity401k_Deferral_Service,01.00.0000,GetFileFromVendorSFTP(i6),Adapter_Invoke,,,,,TSGTFIDELITYFTP_CONN,GetFileFromVendorSFTP,
TSGTSCHE_FIDELITY_DEF_SERVICE_01.00.0000.iar.yaml,TSGTSCHE_FIDELITY_DEF_SERVICE|01.00.0000,TSGTSCHE_FIDELITY_DEF_SERVICE,TSGTScheduler_Fidelity401k_Deferral_Service,01.00.0000,WriteLoanFileToOICSftp(i8),Adapter_Invoke,,,,,TSGTFTP_CONN,WriteLoanFileToOICSftp,
TSGTSCHE_FIDELITY_DEF_SERVICE_01.00.0000.iar.yaml,TSGTSCHE_FIDELITY_DEF_SERVICE|01.00.0000,TSGTSCHE_FIDELITY_DEF_SERVICE,TSGTScheduler_Fidelity401k_Deferral_Service,01.00.0000,getInboundMetadataDetails(i0),Adapter_Invoke,,,,/FWKINBOUNDINTGMETADATA,TSGTRESTVBCSBO_CONN,getInboundMetadataDetails,
TSGTSCHE_FIDELITY_DEF_SERVICE_01.00.0000.iar.yaml,TSGTSCHE_FIDELITY_DEF_SERVICE|01.00.0000,TSGTSCHE_FIDELITY_DEF_SERVICE,TSGTScheduler_Fidelity401k_Deferral_Service,01.00.0000,getOutboundMetadataDetails(i1),Adapter_Invoke,,,,/FWKOUTBOUNDINTGMETADATA,TSGTRESTVBCSBO_CONN,getOutboundMetadataDetails,
TSGTSCHE_FIDELITY_LOAN_SERVICE_01.00.0000.iar.yaml,TSGTSCHE_FIDELITY_LOAN_SERVICE|01.00.0000,TSGTSCHE_FIDELITY_LOAN_SERVICE,TSGTScheduler_Fidelity401k_Loan_Service,01.00.0000,callOutboundLauncher(i4),IntegrationAction,TSGTCMNHCMLAUNCH_SERVICE,01.00.0000,TSGTCmnHcmLauncherFwk_Service,/InvokeLauncher,PRESEEDED_COLLOCATED_CONN_1741,callOutboundLauncher,
TSGTSCHE_FIDELITY_LOAN_SERVICE_01.00.0000.iar.yaml,TSGTSCHE_FIDELITY_LOAN_SERVICE|01.00.0000,TSGTSCHE_FIDELITY_LOAN_SERVICE,TSGTScheduler_Fidelity401k_Loan_Service,01.00.0000,invokeCommonOutboundLauncher(i5),IntegrationAction,TSGTCMNHCMLAUNCH_SERVICE,01.00.0000,TSGTCmnHcmLauncherFwk_Service,/InvokeLauncher,PRESEEDED_COLLOCATED_CONN_1741,invokeCommonOutboundLauncher,
TSGTSCHE_FIDELITY_LOAN_SERVICE_01.00.0000.iar.yaml,TSGTSCHE_FIDELITY_LOAN_SERVICE|01.00.0000,TSGTSCHE_FIDELITY_LOAN_SERVICE,TSGTScheduler_Fidelity401k_Loan_Service,01.00.0000,invokeHCMInboundLauncher(i2),IntegrationAction,TSGTCMNHCMLAUNCH_SERVICE,01.00.0000,TSGTCmnHcmLauncherFwk_Service,/InvokeLauncher,PRESEEDED_COLLOCATED_CONN_1741,invokeHCMInboundLauncher,
TSGTSCHE_FIDELITY_LOAN_SERVICE_01.00.0000.iar.yaml,TSGTSCHE_FIDELITY_LOAN_SERVICE|01.00.0000,TSGTSCHE_FIDELITY_LOAN_SERVICE,TSGTScheduler_Fidelity401k_Loan_Service,01.00.0000,launchHCMInboundLauncher(i3),IntegrationAction,TSGTCMNHCMLAUNCH_SERVICE,01.00.0000,TSGTCmnHcmLauncherFwk_Service,/InvokeLauncher,PRESEEDED_COLLOCATED_CONN_1741,launchHCMInboundLauncher,
TSGTSCHE_FIDELITY_LOAN_SERVICE_01.00.0000.iar.yaml,TSGTSCHE_FIDELITY_LOAN_SERVICE|01.00.0000,TSGTSCHE_FIDELITY_LOAN_SERVICE,TSGTScheduler_Fidelity401k_Loan_Service,01.00.0000,DownloadLoanFileToStage(i7),Adapter_Invoke,,,,,TSGTFIDELITYFTP_CONN,DownloadLoanFileToStage,
TSGTSCHE_FIDELITY_LOAN_SERVICE_01.00.0000.iar.yaml,TSGTSCHE_FIDELITY_LOAN_SERVICE|01.00.0000,TSGTSCHE_FIDELITY_LOAN_SERVICE,TSGTScheduler_Fidelity401k_Loan_Service,01.00.0000,GetFileFromVendorSFTP(i6),Adapter_Invoke,,,,,TSGTFIDELITYFTP_CONN,GetFileFromVendorSFTP,
TSGTSCHE_FIDELITY_LOAN_SERVICE_01.00.0000.iar.yaml,TSGTSCHE_FIDELITY_LOAN_SERVICE|01.00.0000,TSGTSCHE_FIDELITY_LOAN_SERVICE,TSGTScheduler_Fidelity401k_Loan_Service,01.00.0000,WriteLoanFileToOICSftp(i8),Adapter_Invoke,,,,,TSGTFTP_CONN,WriteLoanFileToOICSftp,
TSGTSCHE_FIDELITY_LOAN_SERVICE_01.00.0000.iar.yaml,TSGTSCHE_FIDELITY_LOAN_SERVICE|01.00.0000,TSGTSCHE_FIDELITY_LOAN_SERVICE,TSGTScheduler_Fidelity401k_Loan_Service,01.00.0000,getInboundMetadataDetails(i0),Adapter_Invoke,,,,/FWKINBOUNDINTGMETADATA,TSGTRESTVBCSBO_CONN,getInboundMetadataDetails,
TSGTSCHE_FIDELITY_LOAN_SERVICE_01.00.0000.iar.yaml,TSGTSCHE_FIDELITY_LOAN_SERVICE|01.00.0000,TSGTSCHE_FIDELITY_LOAN_SERVICE,TSGTScheduler_Fidelity401k_Loan_Service,01.00.0000,getOutboundMetadataDetails(i1),Adapter_Invoke,,,,/FWKOUTBOUNDINTGMETADATA,TSGTRESTVBCSBO_CONN,getOutboundMetadataDetails,
TSGTSCHE_SAILPOIN_SERVICE_2_01.00.0000.iar.yaml,TSGTSCHE_SAILPOIN_SERVICE_2|01.00.0000,TSGTSCHE_SAILPOIN_SERVICE_2,TSGTScheduler_SailPoint_Service_2,01.00.0000,callOutboundLauncher(i4),IntegrationAction,TSGTCMNHCMLAUNCH_SERVICE,01.00.0000,TSGTCmnHcmLauncherFwk_Service,/InvokeLauncher,PRESEEDED_COLLOCATED_CONN_1741,callOutboundLauncher,
TSGTSCHE_SAILPOIN_SERVICE_2_01.00.0000.iar.yaml,TSGTSCHE_SAILPOIN_SERVICE_2|01.00.0000,TSGTSCHE_SAILPOIN_SERVICE_2,TSGTScheduler_SailPoint_Service_2,01.00.0000,invokeCommonOutboundLauncher(i5),IntegrationAction,TSGTCMNHCMLAUNCH_SERVICE,01.00.0000,TSGTCmnHcmLauncherFwk_Service,/InvokeLauncher,PRESEEDED_COLLOCATED_CONN_1741,invokeCommonOutboundLauncher,
TSGTSCHE_SAILPOIN_SERVICE_2_01.00.0000.iar.yaml,TSGTSCHE_SAILPOIN_SERVICE_2|01.00.0000,TSGTSCHE_SAILPOIN_SERVICE_2,TSGTScheduler_SailPoint_Service_2,01.00.0000,invokeHCMInboundLauncher(i2),IntegrationAction,TSGTCMNHCMLAUNCH_SERVICE,01.00.0000,TSGTCmnHcmLauncherFwk_Service,/InvokeLauncher,PRESEEDED_COLLOCATED_CONN_1741,invokeHCMInboundLauncher,
TSGTSCHE_SAILPOIN_SERVICE_2_01.00.0000.iar.yaml,TSGTSCHE_SAILPOIN_SERVICE_2|01.00.0000,TSGTSCHE_SAILPOIN_SERVICE_2,TSGTScheduler_SailPoint_Service_2,01.00.0000,launchHCMInboundLauncher(i3),IntegrationAction,TSGTCMNHCMLAUNCH_SERVICE,01.00.0000,TSGTCmnHcmLauncherFwk_Service,/InvokeLauncher,PRESEEDED_COLLOCATED_CONN_1741,launchHCMInboundLauncher,
TSGTSCHE_SAILPOIN_SERVICE_2_01.00.0000.iar.yaml,TSGTSCHE_SAILPOIN_SERVICE_2|01.00.0000,TSGTSCHE_SAILPOIN_SERVICE_2,TSGTScheduler_SailPoint_Service_2,01.00.0000,getInboundMetadataDetails(i0),Adapter_Invoke,,,,/FWKINBOUNDINTGMETADATA,TSGTRESTVBCSBO_CONN,getInboundMetadataDetails,
TSGTSCHE_SAILPOIN_SERVICE_2_01.00.0000.iar.yaml,TSGTSCHE_SAILPOIN_SERVICE_2|01.00.0000,TSGTSCHE_SAILPOIN_SERVICE_2,TSGTScheduler_SailPoint_Service_2,01.00.0000,getOutboundMetadataDetails(i1),Adapter_Invoke,,,,/FWKOUTBOUNDINTGMETADATA,TSGTRESTVBCSBO_CONN,getOutboundMetadataDetails,
TSGTSCHE_SAILPOIN_SERVICE_3_01.00.0000.iar.yaml,TSGTSCHE_SAILPOIN_SERVICE_3|01.00.0000,TSGTSCHE_SAILPOIN_SERVICE_3,TSGTScheduler_SailPoint_Service_3,01.00.0000,callOutboundLauncher(i4),IntegrationAction,TSGTCMNHCMLAUNCH_SERVICE,01.00.0000,TSGTCmnHcmLauncherFwk_Service,/InvokeLauncher,PRESEEDED_COLLOCATED_CONN_1741,callOutboundLauncher,
TSGTSCHE_SAILPOIN_SERVICE_3_01.00.0000.iar.yaml,TSGTSCHE_SAILPOIN_SERVICE_3|01.00.0000,TSGTSCHE_SAILPOIN_SERVICE_3,TSGTScheduler_SailPoint_Service_3,01.00.0000,invokeCommonOutboundLauncher(i5),IntegrationAction,TSGTCMNHCMLAUNCH_SERVICE,01.00.0000,TSGTCmnHcmLauncherFwk_Service,/InvokeLauncher,PRESEEDED_COLLOCATED_CONN_1741,invokeCommonOutboundLauncher,
TSGTSCHE_SAILPOIN_SERVICE_3_01.00.0000.iar.yaml,TSGTSCHE_SAILPOIN_SERVICE_3|01.00.0000,TSGTSCHE_SAILPOIN_SERVICE_3,TSGTScheduler_SailPoint_Service_3,01.00.0000,invokeHCMInboundLauncher(i2),IntegrationAction,TSGTCMNHCMLAUNCH_SERVICE,01.00.0000,TSGTCmnHcmLauncherFwk_Service,/InvokeLauncher,PRESEEDED_COLLOCATED_CONN_1741,invokeHCMInboundLauncher,
TSGTSCHE_SAILPOIN_SERVICE_3_01.00.0000.iar.yaml,TSGTSCHE_SAILPOIN_SERVICE_3|01.00.0000,TSGTSCHE_SAILPOIN_SERVICE_3,TSGTScheduler_SailPoint_Service_3,01.00.0000,launchHCMInboundLauncher(i3),IntegrationAction,TSGTCMNHCMLAUNCH_SERVICE,01.00.0000,TSGTCmnHcmLauncherFwk_Service,/InvokeLauncher,PRESEEDED_COLLOCATED_CONN_1741,launchHCMInboundLauncher,
TSGTSCHE_SAILPOIN_SERVICE_3_01.00.0000.iar.yaml,TSGTSCHE_SAILPOIN_SERVICE_3|01.00.0000,TSGTSCHE_SAILPOIN_SERVICE_3,TSGTScheduler_SailPoint_Service_3,01.00.0000,getInboundMetadataDetails(i0),Adapter_Invoke,,,,/FWKINBOUNDINTGMETADATA,TSGTRESTVBCSBO_CONN,getInboundMetadataDetails,
TSGTSCHE_SAILPOIN_SERVICE_3_01.00.0000.iar.yaml,TSGTSCHE_SAILPOIN_SERVICE_3|01.00.0000,TSGTSCHE_SAILPOIN_SERVICE_3,TSGTScheduler_SailPoint_Service_3,01.00.0000,getOutboundMetadataDetails(i1),Adapter_Invoke,,,,/FWKOUTBOUNDINTGMETADATA,TSGTRESTVBCSBO_CONN,getOutboundMetadataDetails,
TSGTSCH_COBRA_SERVICE_01.00.0000.iar.yaml,TSGTSCH_COBRA_SERVICE|01.00.0000,TSGTSCH_COBRA_SERVICE,TSGTScheduler_Cobra_Service,01.00.0000,callOutboundLauncher(i4),IntegrationAction,TSGTCMNHCMLAUNCH_SERVICE,01.00.0000,TSGTCmnHcmLauncherFwk_Service,/InvokeLauncher,PRESEEDED_COLLOCATED_CONN_1741,callOutboundLauncher,
TSGTSCH_COBRA_SERVICE_01.00.0000.iar.yaml,TSGTSCH_COBRA_SERVICE|01.00.0000,TSGTSCH_COBRA_SERVICE,TSGTScheduler_Cobra_Service,01.00.0000,invokeCommonOutboundLauncher(i5),IntegrationAction,TSGTCMNHCMLAUNCH_SERVICE,01.00.0000,TSGTCmnHcmLauncherFwk_Service,/InvokeLauncher,PRESEEDED_COLLOCATED_CONN_1741,invokeCommonOutboundLauncher,
TSGTSCH_COBRA_SERVICE_01.00.0000.iar.yaml,TSGTSCH_COBRA_SERVICE|01.00.0000,TSGTSCH_COBRA_SERVICE,TSGTScheduler_Cobra_Service,01.00.0000,invokeHCMInboundLauncher(i2),IntegrationAction,TSGTCMNHCMLAUNCH_SERVICE,01.00.0000,TSGTCmnHcmLauncherFwk_Service,/InvokeLauncher,PRESEEDED_COLLOCATED_CONN_1741,invokeHCMInboundLauncher,
TSGTSCH_COBRA_SERVICE_01.00.0000.iar.yaml,TSGTSCH_COBRA_SERVICE|01.00.0000,TSGTSCH_COBRA_SERVICE,TSGTScheduler_Cobra_Service,01.00.0000,launchHCMInboundLauncher(i3),IntegrationAction,TSGTCMNHCMLAUNCH_SERVICE,01.00.0000,TSGTCmnHcmLauncherFwk_Service,/InvokeLauncher,PRESEEDED_COLLOCATED_CONN_1741,launchHCMInboundLauncher,
TSGTSCH_COBRA_SERVICE_01.00.0000.iar.yaml,TSGTSCH_COBRA_SERVICE|01.00.0000,TSGTSCH_COBRA_SERVICE,TSGTScheduler_Cobra_Service,01.00.0000,getInboundMetadataDetails(i0),Adapter_Invoke,,,,/FWKINBOUNDINTGMETADATA,TSGTRESTVBCSBO_CONN,getInboundMetadataDetails,
TSGTSCH_COBRA_SERVICE_01.00.0000.iar.yaml,TSGTSCH_COBRA_SERVICE|01.00.0000,TSGTSCH_COBRA_SERVICE,TSGTScheduler_Cobra_Service,01.00.0000,getOutboundMetadataDetails(i1),Adapter_Invoke,,,,/FWKOUTBOUNDINTGMETADATA,TSGTRESTVBCSBO_CONN,getOutboundMetadataDetails,
TSGTSCH_DELTADENTAL_SERVICE_01.00.0000.iar.yaml,TSGTSCH_DELTADENTAL_SERVICE|01.00.0000,TSGTSCH_DELTADENTAL_SERVICE,TSGTScheduler_DeltaDental_Service,01.00.0000,callOutboundLauncher(i4),IntegrationAction,TSGTCMNHCMLAUNCH_SERVICE,01.00.0000,TSGTCmnHcmLauncherFwk_Service,/InvokeLauncher,PRESEEDED_COLLOCATED_CONN_1741,callOutboundLauncher,
TSGTSCH_DELTADENTAL_SERVICE_01.00.0000.iar.yaml,TSGTSCH_DELTADENTAL_SERVICE|01.00.0000,TSGTSCH_DELTADENTAL_SERVICE,TSGTScheduler_DeltaDental_Service,01.00.0000,invokeCommonOutboundLauncher(i5),IntegrationAction,TSGTCMNHCMLAUNCH_SERVICE,01.00.0000,TSGTCmnHcmLauncherFwk_Service,/InvokeLauncher,PRESEEDED_COLLOCATED_CONN_1741,invokeCommonOutboundLauncher,
TSGTSCH_DELTADENTAL_SERVICE_01.00.0000.iar.yaml,TSGTSCH_DELTADENTAL_SERVICE|01.00.0000,TSGTSCH_DELTADENTAL_SERVICE,TSGTScheduler_DeltaDental_Service,01.00.0000,invokeHCMInboundLauncher(i2),IntegrationAction,TSGTCMNHCMLAUNCH_SERVICE,01.00.0000,TSGTCmnHcmLauncherFwk_Service,/InvokeLauncher,PRESEEDED_COLLOCATED_CONN_1741,invokeHCMInboundLauncher,
TSGTSCH_DELTADENTAL_SERVICE_01.00.0000.iar.yaml,TSGTSCH_DELTADENTAL_SERVICE|01.00.0000,TSGTSCH_DELTADENTAL_SERVICE,TSGTScheduler_DeltaDental_Service,01.00.0000,launchHCMInboundLauncher(i3),IntegrationAction,TSGTCMNHCMLAUNCH_SERVICE,01.00.0000,TSGTCmnHcmLauncherFwk_Service,/InvokeLauncher,PRESEEDED_COLLOCATED_CONN_1741,launchHCMInboundLauncher,
TSGTSCH_DELTADENTAL_SERVICE_01.00.0000.iar.yaml,TSGTSCH_DELTADENTAL_SERVICE|01.00.0000,TSGTSCH_DELTADENTAL_SERVICE,TSGTScheduler_DeltaDental_Service,01.00.0000,getInboundMetadataDetails(i0),Adapter_Invoke,,,,/FWKINBOUNDINTGMETADATA,TSGTRESTVBCSBO_CONN,getInboundMetadataDetails,
TSGTSCH_DELTADENTAL_SERVICE_01.00.0000.iar.yaml,TSGTSCH_DELTADENTAL_SERVICE|01.00.0000,TSGTSCH_DELTADENTAL_SERVICE,TSGTScheduler_DeltaDental_Service,01.00.0000,getOutboundMetadataDetails(i1),Adapter_Invoke,,,,/FWKOUTBOUNDINTGMETADATA,TSGTRESTVBCSBO_CONN,getOutboundMetadataDetails,
TSGTSCH_KAISER_SERVICE_01.00.0000.iar.yaml,TSGTSCH_KAISER_SERVICE|01.00.0000,TSGTSCH_KAISER_SERVICE,TSGTScheduler_Kaiser_Service,01.00.0000,callOutboundLauncher(i4),IntegrationAction,TSGTCMNHCMLAUNCH_SERVICE,01.00.0000,TSGTCmnHcmLauncherFwk_Service,/InvokeLauncher,PRESEEDED_COLLOCATED_CONN_1741,callOutboundLauncher,
TSGTSCH_KAISER_SERVICE_01.00.0000.iar.yaml,TSGTSCH_KAISER_SERVICE|01.00.0000,TSGTSCH_KAISER_SERVICE,TSGTScheduler_Kaiser_Service,01.00.0000,invokeCommonOutboundLauncher(i5),IntegrationAction,TSGTCMNHCMLAUNCH_SERVICE,01.00.0000,TSGTCmnHcmLauncherFwk_Service,/InvokeLauncher,PRESEEDED_COLLOCATED_CONN_1741,invokeCommonOutboundLauncher,
TSGTSCH_KAISER_SERVICE_01.00.0000.iar.yaml,TSGTSCH_KAISER_SERVICE|01.00.0000,TSGTSCH_KAISER_SERVICE,TSGTScheduler_Kaiser_Service,01.00.0000,invokeHCMInboundLauncher(i2),IntegrationAction,TSGTCMNHCMLAUNCH_SERVICE,01.00.0000,TSGTCmnHcmLauncherFwk_Service,/InvokeLauncher,PRESEEDED_COLLOCATED_CONN_1741,invokeHCMInboundLauncher,
TSGTSCH_KAISER_SERVICE_01.00.0000.iar.yaml,TSGTSCH_KAISER_SERVICE|01.00.0000,TSGTSCH_KAISER_SERVICE,TSGTScheduler_Kaiser_Service,01.00.0000,launchHCMInboundLauncher(i3),IntegrationAction,TSGTCMNHCMLAUNCH_SERVICE,01.00.0000,TSGTCmnHcmLauncherFwk_Service,/InvokeLauncher,PRESEEDED_COLLOCATED_CONN_1741,launchHCMInboundLauncher,
TSGTSCH_KAISER_SERVICE_01.00.0000.iar.yaml,TSGTSCH_KAISER_SERVICE|01.00.0000,TSGTSCH_KAISER_SERVICE,TSGTScheduler_Kaiser_Service,01.00.0000,getInboundMetadataDetails(i0),Adapter_Invoke,,,,/FWKINBOUNDINTGMETADATA,TSGTRESTVBCSBO_CONN,getInboundMetadataDetails,
TSGTSCH_KAISER_SERVICE_01.00.0000.iar.yaml,TSGTSCH_KAISER_SERVICE|01.00.0000,TSGTSCH_KAISER_SERVICE,TSGTScheduler_Kaiser_Service,01.00.0000,getOutboundMetadataDetails(i1),Adapter_Invoke,,,,/FWKOUTBOUNDINTGMETADATA,TSGTRESTVBCSBO_CONN,getOutboundMetadataDetails,
TSGTSCH_OVERTIMETOSNAP_SERVICE_01.00.0000.iar.yaml,TSGTSCH_OVERTIMETOSNAP_SERVICE|01.00.0000,TSGTSCH_OVERTIMETOSNAP_SERVICE,TSGTScheduler_OverTimeToSnap_Service,01.00.0000,callOutboundLauncher(i4),IntegrationAction,TSGTCMNHCMLAUNCH_SERVICE,01.00.0000,TSGTCmnHcmLauncherFwk_Service,/InvokeLauncher,PRESEEDED_COLLOCATED_CONN_1741,callOutboundLauncher,
TSGTSCH_OVERTIMETOSNAP_SERVICE_01.00.0000.iar.yaml,TSGTSCH_OVERTIMETOSNAP_SERVICE|01.00.0000,TSGTSCH_OVERTIMETOSNAP_SERVICE,TSGTScheduler_OverTimeToSnap_Service,01.00.0000,invokeCommonOutboundLauncher(i5),IntegrationAction,TSGTCMNHCMLAUNCH_SERVICE,01.00.0000,TSGTCmnHcmLauncherFwk_Service,/InvokeLauncher,PRESEEDED_COLLOCATED_CONN_1741,invokeCommonOutboundLauncher,
TSGTSCH_OVERTIMETOSNAP_SERVICE_01.00.0000.iar.yaml,TSGTSCH_OVERTIMETOSNAP_SERVICE|01.00.0000,TSGTSCH_OVERTIMETOSNAP_SERVICE,TSGTScheduler_OverTimeToSnap_Service,01.00.0000,invokeHCMInboundLauncher(i2),IntegrationAction,TSGTCMNHCMLAUNCH_SERVICE,01.00.0000,TSGTCmnHcmLauncherFwk_Service,/InvokeLauncher,PRESEEDED_COLLOCATED_CONN_1741,invokeHCMInboundLauncher,
TSGTSCH_OVERTIMETOSNAP_SERVICE_01.00.0000.iar.yaml,TSGTSCH_OVERTIMETOSNAP_SERVICE|01.00.0000,TSGTSCH_OVERTIMETOSNAP_SERVICE,TSGTScheduler_OverTimeToSnap_Service,01.00.0000,launchHCMInboundLauncher(i3),IntegrationAction,TSGTCMNHCMLAUNCH_SERVICE,01.00.0000,TSGTCmnHcmLauncherFwk_Service,/InvokeLauncher,PRESEEDED_COLLOCATED_CONN_1741,launchHCMInboundLauncher,
TSGTSCH_OVERTIMETOSNAP_SERVICE_01.00.0000.iar.yaml,TSGTSCH_OVERTIMETOSNAP_SERVICE|01.00.0000,TSGTSCH_OVERTIMETOSNAP_SERVICE,TSGTScheduler_OverTimeToSnap_Service,01.00.0000,getInboundMetadataDetails(i0),Adapter_Invoke,,,,/FWKINBOUNDINTGMETADATA,TSGTRESTVBCSBO_CONN,getInboundMetadataDetails,
TSGTSCH_OVERTIMETOSNAP_SERVICE_01.00.0000.iar.yaml,TSGTSCH_OVERTIMETOSNAP_SERVICE|01.00.0000,TSGTSCH_OVERTIMETOSNAP_SERVICE,TSGTScheduler_OverTimeToSnap_Service,01.00.0000,getOutboundMetadataDetails(i1),Adapter_Invoke,,,,/FWKOUTBOUNDINTGMETADATA,TSGTRESTVBCSBO_CONN,getOutboundMetadataDetails,
TSGTSCH_VSP_SERVICE_01.00.0000.iar.yaml,TSGTSCH_VSP_SERVICE|01.00.0000,TSGTSCH_VSP_SERVICE,TSGTScheduler_VSP_Service,01.00.0000,callOutboundLauncher(i4),IntegrationAction,TSGTCMNHCMLAUNCH_SERVICE,01.00.0000,TSGTCmnHcmLauncherFwk_Service,/InvokeLauncher,PRESEEDED_COLLOCATED_CONN_1741,callOutboundLauncher,
TSGTSCH_VSP_SERVICE_01.00.0000.iar.yaml,TSGTSCH_VSP_SERVICE|01.00.0000,TSGTSCH_VSP_SERVICE,TSGTScheduler_VSP_Service,01.00.0000,invokeCommonOutboundLauncher(i5),IntegrationAction,TSGTCMNHCMLAUNCH_SERVICE,01.00.0000,TSGTCmnHcmLauncherFwk_Service,/InvokeLauncher,PRESEEDED_COLLOCATED_CONN_1741,invokeCommonOutboundLauncher,
TSGTSCH_VSP_SERVICE_01.00.0000.iar.yaml,TSGTSCH_VSP_SERVICE|01.00.0000,TSGTSCH_VSP_SERVICE,TSGTScheduler_VSP_Service,01.00.0000,invokeHCMInboundLauncher(i2),IntegrationAction,TSGTCMNHCMLAUNCH_SERVICE,01.00.0000,TSGTCmnHcmLauncherFwk_Service,/InvokeLauncher,PRESEEDED_COLLOCATED_CONN_1741,invokeHCMInboundLauncher,
TSGTSCH_VSP_SERVICE_01.00.0000.iar.yaml,TSGTSCH_VSP_SERVICE|01.00.0000,TSGTSCH_VSP_SERVICE,TSGTScheduler_VSP_Service,01.00.0000,launchHCMInboundLauncher(i3),IntegrationAction,TSGTCMNHCMLAUNCH_SERVICE,01.00.0000,TSGTCmnHcmLauncherFwk_Service,/InvokeLauncher,PRESEEDED_COLLOCATED_CONN_1741,launchHCMInboundLauncher,
TSGTSCH_VSP_SERVICE_01.00.0000.iar.yaml,TSGTSCH_VSP_SERVICE|01.00.0000,TSGTSCH_VSP_SERVICE,TSGTScheduler_VSP_Service,01.00.0000,getInboundMetadataDetails(i0),Adapter_Invoke,,,,/FWKINBOUNDINTGMETADATA,TSGTRESTVBCSBO_CONN,getInboundMetadataDetails,
TSGTSCH_VSP_SERVICE_01.00.0000.iar.yaml,TSGTSCH_VSP_SERVICE|01.00.0000,TSGTSCH_VSP_SERVICE,TSGTScheduler_VSP_Service,01.00.0000,getOutboundMetadataDetails(i1),Adapter_Invoke,,,,/FWKOUTBOUNDINTGMETADATA,TSGTRESTVBCSBO_CONN,getOutboundMetadataDetails,
TSGTWACSMI_INTGSERVIC_IB_01.00.0000.iar.yaml,TSGTWACSMI_INTGSERVIC_IB|01.00.0000,TSGTWACSMI_INTGSERVIC_IB,TSGTWACSMiscCostImport_IntgService_IB,01.00.0000,InvokeCommonLauncher(i0),IntegrationAction,TSGTCMNLAUNCHERF_SERVICE,01.00.0000,TSGTCmnLauncherFwk_Service,/invokeLauncher,PRESEEDED_COLLOCATED_CONN_1741,InvokeCommonLauncher,
TSGTWACSMI_INTGSERVIC_IB_01.00.0000.iar.yaml,TSGTWACSMI_INTGSERVIC_IB|01.00.0000,TSGTWACSMI_INTGSERVIC_IB,TSGTWACSMiscCostImport_IntgService_IB,01.00.0000,SendNotification(i1),IntegrationAction,TSGTCMNNOTIFICAT_SERVICE,01.00.0000,TSGTCmnNotificationFwk_Service,/Notify,PRESEEDED_COLLOCATED_CONN_1741,SendNotification,
TSGTWACSMI_INTGSERVIC_IB_01.00.0000.iar.yaml,TSGTWACSMI_INTGSERVIC_IB|01.00.0000,TSGTWACSMI_INTGSERVIC_IB,TSGTWACSMiscCostImport_IntgService_IB,01.00.0000,GetMetadataFromBO(i3),Adapter_Invoke,,,,/FWKINBOUNDINTGMETADATA,TSGTRESTVBCSBO_CONN,GetMetadataFromBO,
TSGT_DELET_FILE_FROM_OIC_SFTP_01.00.0000.iar.yaml,TSGT_DELET_FILE_FROM_OIC_SFTP|01.00.0000,TSGT_DELET_FILE_FROM_OIC_SFTP,TSGT Delete File from OIC SFTP,01.00.0000,DeleteFile(i0),Adapter_Invoke,,,,,TSGTFTP_CONN,DeleteFile,
TSGT_DELET_FILE_FROM_OIC_SFTP_01.00.0000.iar.yaml,TSGT_DELET_FILE_FROM_OIC_SFTP|01.00.0000,TSGT_DELET_FILE_FROM_OIC_SFTP,TSGT Delete File from OIC SFTP,01.00.0000,ListFolder(i1),Adapter_Invoke,,,,,TSGTFTP_CONN,ListFolder,
